Race,Season,Driver,Team,LapNumber,LapTime_s,Sector1_s,Sector2_s,Sector3_s,Compound,TyreLife,Stint,PitInTime_s,PitOutTime_s,Position,TrackStatus,IsAccurate,FreshTyre,FuelLoad_kg,FuelCorrection_s,SpeedI1,SpeedI2,SpeedFL,SpeedST
British,2023,VER,Red Bull Racing,1.0,97.167,,38.051,26.073,MEDIUM,1.0,1.0,,,2.0,1,False,True,108.4,3.252,300.0,254.0,246.0,296.0
British,2023,VER,Red Bull Racing,2.0,93.433,29.616,38.0,25.817,MEDIUM,2.0,1.0,,,2.0,1,True,True,106.8,3.204,290.0,255.0,244.0,291.0
British,2023,VER,Red Bull Racing,3.0,92.73,29.38,37.69,25.66,MEDIUM,3.0,1.0,,,2.0,1,True,True,105.2,3.156,311.0,259.0,245.0,318.0
British,2023,VER,Red Bull Racing,4.0,92.78,29.407,37.65,25.723,MEDIUM,4.0,1.0,,,2.0,1,True,True,103.6,3.108,313.0,259.0,245.0,316.0
British,2023,VER,Red Bull Racing,5.0,92.582,29.338,37.403,25.841,MEDIUM,5.0,1.0,,,1.0,1,True,True,102.0,3.06,320.0,254.0,244.0,288.0
British,2023,VER,Red Bull Racing,6.0,93.027,29.667,37.543,25.817,MEDIUM,6.0,1.0,,,1.0,1,True,True,100.4,3.012,290.0,255.0,245.0,285.0
British,2023,VER,Red Bull Racing,7.0,93.1,29.726,37.612,25.762,MEDIUM,7.0,1.0,,,1.0,1,True,True,98.8,2.964,292.0,255.0,245.0,287.0
British,2023,VER,Red Bull Racing,8.0,92.884,29.625,37.578,25.681,MEDIUM,8.0,1.0,,,1.0,1,True,True,97.2,2.916,293.0,256.0,245.0,287.0
British,2023,VER,Red Bull Racing,9.0,92.822,29.78,37.489,25.553,MEDIUM,9.0,1.0,,,1.0,1,True,True,95.6,2.868,291.0,257.0,246.0,288.0
British,2023,VER,Red Bull Racing,10.0,92.594,29.66,37.373,25.561,MEDIUM,10.0,1.0,,,1.0,1,True,True,94.0,2.82,293.0,257.0,245.0,287.0
British,2023,VER,Red Bull Racing,11.0,92.597,29.586,37.463,25.548,MEDIUM,11.0,1.0,,,1.0,1,True,True,92.4,2.772,292.0,256.0,246.0,287.0
British,2023,VER,Red Bull Racing,12.0,92.687,29.742,37.389,25.556,MEDIUM,12.0,1.0,,,1.0,1,True,True,90.8,2.724,293.0,256.0,244.0,288.0
British,2023,VER,Red Bull Racing,13.0,92.678,29.703,37.319,25.656,MEDIUM,13.0,1.0,,,1.0,1,True,True,89.2,2.676,293.0,256.0,244.0,287.0
British,2023,VER,Red Bull Racing,14.0,93.046,30.031,37.422,25.593,MEDIUM,14.0,1.0,,,1.0,1,True,True,87.6,2.628,289.0,255.0,246.0,289.0
British,2023,VER,Red Bull Racing,15.0,92.99,29.96,37.469,25.561,MEDIUM,15.0,1.0,,,1.0,1,True,True,86.0,2.58,289.0,255.0,245.0,290.0
British,2023,VER,Red Bull Racing,16.0,92.808,29.914,37.373,25.521,MEDIUM,16.0,1.0,,,1.0,1,True,True,84.4,2.532,291.0,257.0,245.0,291.0
British,2023,VER,Red Bull Racing,17.0,92.603,29.803,37.276,25.524,MEDIUM,17.0,1.0,,,1.0,1,True,True,82.8,2.484,289.0,256.0,246.0,290.0
British,2023,VER,Red Bull Racing,18.0,92.507,29.877,37.283,25.347,MEDIUM,18.0,1.0,,,1.0,1,True,True,81.2,2.436,290.0,256.0,245.0,293.0
British,2023,VER,Red Bull Racing,19.0,92.338,29.799,37.24,25.299,MEDIUM,19.0,1.0,,,1.0,1,True,True,79.6,2.388,290.0,256.0,246.0,291.0
British,2023,VER,Red Bull Racing,20.0,92.295,29.772,37.273,25.25,MEDIUM,20.0,1.0,,,1.0,1,True,True,78.0,2.34,290.0,257.0,247.0,293.0
British,2023,VER,Red Bull Racing,21.0,92.494,29.903,37.239,25.352,MEDIUM,21.0,1.0,,,1.0,1,True,True,76.4,2.292,290.0,256.0,247.0,292.0
British,2023,VER,Red Bull Racing,22.0,92.184,29.664,37.134,25.386,MEDIUM,22.0,1.0,,,1.0,1,True,True,74.8,2.244,290.0,257.0,246.0,292.0
British,2023,VER,Red Bull Racing,23.0,92.272,29.759,37.172,25.341,MEDIUM,23.0,1.0,,,1.0,1,True,True,73.2,2.196,290.0,256.0,246.0,294.0
British,2023,VER,Red Bull Racing,24.0,92.35,29.872,37.108,25.37,MEDIUM,24.0,1.0,,,1.0,1,True,True,71.6,2.148,291.0,257.0,246.0,294.0
British,2023,VER,Red Bull Racing,25.0,92.295,29.912,37.183,25.2,MEDIUM,25.0,1.0,,,1.0,1,True,True,70.0,2.1,289.0,257.0,247.0,297.0
British,2023,VER,Red Bull Racing,26.0,92.276,29.752,37.242,25.282,MEDIUM,26.0,1.0,,,1.0,1,True,True,68.4,2.052,288.0,257.0,247.0,292.0
British,2023,VER,Red Bull Racing,27.0,92.138,29.668,37.223,25.247,MEDIUM,27.0,1.0,,,1.0,1,True,True,66.8,2.004,290.0,257.0,247.0,294.0
British,2023,VER,Red Bull Racing,28.0,92.215,29.826,37.244,25.145,MEDIUM,28.0,1.0,,,1.0,1,True,True,65.2,1.956,289.0,256.0,248.0,295.0
British,2023,VER,Red Bull Racing,29.0,92.251,29.871,37.266,25.114,MEDIUM,29.0,1.0,,,1.0,1,True,True,63.6,1.908,290.0,257.0,248.0,295.0
British,2023,VER,Red Bull Racing,30.0,92.363,29.844,37.229,25.29,MEDIUM,30.0,1.0,,,1.0,1,True,True,62.0,1.86,289.0,257.0,247.0,293.0
British,2023,VER,Red Bull Racing,31.0,92.388,29.905,37.23,25.253,MEDIUM,31.0,1.0,,,1.0,1,True,True,60.4,1.812,289.0,258.0,248.0,293.0
British,2023,VER,Red Bull Racing,32.0,92.21,29.879,37.136,25.195,MEDIUM,32.0,1.0,,,1.0,1,True,True,58.8,1.764,289.0,259.0,248.0,293.0
British,2023,VER,Red Bull Racing,33.0,118.611,38.163,50.088,30.36,MEDIUM,33.0,1.0,6808.742,,1.0,1264,False,True,57.2,1.716,189.0,227.0,,236.0
British,2023,VER,Red Bull Racing,34.0,,71.057,65.568,41.846,SOFT,4.0,2.0,,6837.789,1.0,4,False,False,55.6,1.668,133.0,127.0,149.0,139.0
British,2023,VER,Red Bull Racing,35.0,147.771,48.617,59.552,39.602,SOFT,5.0,2.0,,,1.0,4,False,False,54.0,1.62,126.0,202.0,148.0,222.0
British,2023,VER,Red Bull Racing,36.0,146.545,52.402,57.524,36.619,SOFT,6.0,2.0,,,1.0,4,False,False,52.4,1.572,165.0,187.0,149.0,250.0
British,2023,VER,Red Bull Racing,37.0,143.835,49.228,57.444,37.163,SOFT,7.0,2.0,,,1.0,4,False,False,50.8,1.524,124.0,204.0,163.0,234.0
British,2023,VER,Red Bull Racing,38.0,141.674,41.251,57.488,42.935,SOFT,8.0,2.0,,,1.0,41,False,False,49.2,1.476,258.0,197.0,251.0,85.0
British,2023,VER,Red Bull Racing,39.0,90.348,28.668,36.724,24.956,SOFT,9.0,2.0,,,1.0,1,True,False,47.6,1.428,298.0,260.0,249.0,289.0
British,2023,VER,Red Bull Racing,40.0,90.547,29.056,36.602,24.889,SOFT,10.0,2.0,,,1.0,1,True,False,46.0,1.38,291.0,261.0,249.0,290.0
British,2023,VER,Red Bull Racing,41.0,90.688,29.118,36.63,24.94,SOFT,11.0,2.0,,,1.0,1,True,False,44.4,1.332,294.0,261.0,250.0,294.0
British,2023,VER,Red Bull Racing,42.0,90.275,29.078,36.353,24.844,SOFT,12.0,2.0,,,1.0,1,True,False,42.8,1.284,294.0,264.0,250.0,293.0
British,2023,VER,Red Bull Racing,43.0,90.535,29.205,36.344,24.986,SOFT,13.0,2.0,,,1.0,1,True,False,41.2,1.236,295.0,262.0,248.0,294.0
British,2023,VER,Red Bull Racing,44.0,90.648,29.135,36.586,24.927,SOFT,14.0,2.0,,,1.0,1,True,False,39.6,1.188,295.0,262.0,250.0,293.0
British,2023,VER,Red Bull Racing,45.0,91.342,29.245,36.759,25.338,SOFT,15.0,2.0,,,1.0,1,True,False,38.0,1.14,297.0,261.0,247.0,291.0
British,2023,VER,Red Bull Racing,46.0,91.114,29.413,36.576,25.125,SOFT,16.0,2.0,,,1.0,1,True,False,36.4,1.092,298.0,262.0,248.0,293.0
British,2023,VER,Red Bull Racing,47.0,91.148,29.339,36.621,25.188,SOFT,17.0,2.0,,,1.0,1,True,False,34.8,1.044,297.0,263.0,249.0,292.0
British,2023,VER,Red Bull Racing,48.0,91.4,29.405,36.769,25.226,SOFT,18.0,2.0,,,1.0,1,True,False,33.2,0.996,297.0,260.0,249.0,289.0
British,2023,VER,Red Bull Racing,49.0,91.218,29.336,36.686,25.196,SOFT,19.0,2.0,,,1.0,1,True,False,31.6,0.948,299.0,261.0,249.0,290.0
British,2023,VER,Red Bull Racing,50.0,91.292,29.424,36.739,25.129,SOFT,20.0,2.0,,,1.0,1,True,False,30.0,0.9,299.0,262.0,249.0,291.0
British,2023,VER,Red Bull Racing,51.0,91.397,29.4,36.701,25.296,SOFT,21.0,2.0,,,1.0,1,True,False,28.4,0.852,299.0,262.0,250.0,290.0
British,2023,VER,Red Bull Racing,52.0,90.975,29.22,36.604,25.151,SOFT,22.0,2.0,,,1.0,1,True,False,26.8,0.804,299.0,262.0,249.0,291.0
British,2023,GAS,Alpine,1.0,101.014,,39.27,26.911,MEDIUM,1.0,1.0,,,9.0,1,False,True,108.4,3.252,299.0,249.0,244.0,295.0
British,2023,GAS,Alpine,2.0,94.706,29.954,38.367,26.385,MEDIUM,2.0,1.0,,,9.0,1,True,True,106.8,3.204,289.0,249.0,244.0,294.0
British,2023,GAS,Alpine,3.0,93.605,29.596,38.168,25.841,MEDIUM,3.0,1.0,,,9.0,1,True,True,105.2,3.156,306.0,253.0,244.0,317.0
British,2023,GAS,Alpine,4.0,93.349,29.492,38.086,25.771,MEDIUM,4.0,1.0,,,9.0,1,True,True,103.6,3.108,304.0,254.0,245.0,314.0
British,2023,GAS,Alpine,5.0,93.863,29.566,38.12,26.177,MEDIUM,5.0,1.0,,,9.0,1,True,True,102.0,3.06,302.0,251.0,244.0,293.0
British,2023,GAS,Alpine,6.0,94.143,29.697,38.381,26.065,MEDIUM,6.0,1.0,,,9.0,1,True,True,100.4,3.012,302.0,252.0,244.0,310.0
British,2023,GAS,Alpine,7.0,94.399,29.916,38.456,26.027,MEDIUM,7.0,1.0,,,9.0,1,True,True,98.8,2.964,302.0,253.0,243.0,313.0
British,2023,GAS,Alpine,8.0,93.905,29.751,38.006,26.148,MEDIUM,8.0,1.0,,,9.0,1,True,True,97.2,2.916,299.0,254.0,243.0,310.0
British,2023,GAS,Alpine,9.0,93.592,29.741,37.85,26.001,MEDIUM,9.0,1.0,,,9.0,1,True,True,95.6,2.868,300.0,253.0,244.0,311.0
British,2023,GAS,Alpine,10.0,93.855,29.747,37.908,26.2,MEDIUM,10.0,1.0,,,9.0,1,True,True,94.0,2.82,300.0,252.0,244.0,307.0
British,2023,GAS,Alpine,11.0,93.836,29.877,37.962,25.997,MEDIUM,11.0,1.0,,,9.0,1,True,True,92.4,2.772,298.0,252.0,242.0,305.0
British,2023,GAS,Alpine,12.0,93.705,29.806,37.902,25.997,MEDIUM,12.0,1.0,,,9.0,1,True,True,90.8,2.724,299.0,252.0,245.0,305.0
British,2023,GAS,Alpine,13.0,93.683,29.79,37.925,25.968,MEDIUM,13.0,1.0,,,9.0,1,True,True,89.2,2.676,299.0,253.0,245.0,304.0
British,2023,GAS,Alpine,14.0,93.843,29.922,38.058,25.863,MEDIUM,14.0,1.0,,,9.0,1,True,True,87.6,2.628,296.0,254.0,245.0,306.0
British,2023,GAS,Alpine,15.0,93.769,29.671,38.183,25.915,MEDIUM,15.0,1.0,,,9.0,1,True,True,86.0,2.58,313.0,255.0,245.0,307.0
British,2023,GAS,Alpine,16.0,93.535,29.712,37.938,25.885,MEDIUM,16.0,1.0,,,9.0,1,True,True,84.4,2.532,297.0,253.0,245.0,303.0
British,2023,GAS,Alpine,17.0,93.138,29.79,37.516,25.832,MEDIUM,17.0,1.0,,,9.0,1,True,True,82.8,2.484,298.0,254.0,244.0,306.0
British,2023,GAS,Alpine,18.0,93.291,29.817,37.714,25.76,MEDIUM,18.0,1.0,,,9.0,1,True,True,81.2,2.436,297.0,254.0,246.0,306.0
British,2023,GAS,Alpine,19.0,93.199,29.589,37.892,25.718,MEDIUM,19.0,1.0,,,8.0,1,True,True,79.6,2.388,316.0,255.0,246.0,307.0
British,2023,GAS,Alpine,20.0,93.248,29.99,37.599,25.659,MEDIUM,20.0,1.0,,,8.0,1,True,True,78.0,2.34,294.0,255.0,245.0,305.0
British,2023,GAS,Alpine,21.0,93.098,29.88,37.487,25.731,MEDIUM,21.0,1.0,,,8.0,1,True,True,76.4,2.292,294.0,254.0,245.0,306.0
British,2023,GAS,Alpine,22.0,93.168,29.877,37.485,25.806,MEDIUM,22.0,1.0,,,8.0,1,True,True,74.8,2.244,295.0,256.0,244.0,305.0
British,2023,GAS,Alpine,23.0,92.846,29.697,37.419,25.73,MEDIUM,23.0,1.0,,,8.0,1,True,True,73.2,2.196,296.0,255.0,244.0,307.0
British,2023,GAS,Alpine,24.0,93.164,29.923,37.606,25.635,MEDIUM,24.0,1.0,,,8.0,1,True,True,71.6,2.148,296.0,256.0,245.0,306.0
British,2023,GAS,Alpine,25.0,93.098,29.868,37.665,25.565,MEDIUM,25.0,1.0,,,8.0,1,True,True,70.0,2.1,295.0,256.0,246.0,306.0
British,2023,GAS,Alpine,26.0,93.243,29.779,37.709,25.755,MEDIUM,26.0,1.0,,,8.0,1,True,True,68.4,2.052,296.0,256.0,243.0,307.0
British,2023,GAS,Alpine,27.0,92.988,30.009,37.485,25.494,MEDIUM,27.0,1.0,,,7.0,1,True,True,66.8,2.004,280.0,255.0,246.0,305.0
British,2023,GAS,Alpine,28.0,93.255,29.97,37.39,25.895,MEDIUM,28.0,1.0,,,7.0,1,True,True,65.2,1.956,280.0,253.0,247.0,288.0
British,2023,GAS,Alpine,29.0,93.283,29.986,37.573,25.724,MEDIUM,29.0,1.0,,,6.0,1,True,True,63.6,1.908,280.0,254.0,247.0,286.0
British,2023,GAS,Alpine,30.0,93.299,30.065,37.476,25.758,MEDIUM,30.0,1.0,,,5.0,1,True,True,62.0,1.86,280.0,255.0,246.0,287.0
British,2023,GAS,Alpine,31.0,93.391,30.099,37.532,25.76,MEDIUM,31.0,1.0,6629.495,,6.0,1,False,True,60.4,1.812,278.0,254.0,,302.0
British,2023,GAS,Alpine,32.0,126.804,49.808,41.774,35.222,SOFT,4.0,2.0,,6657.995,11.0,126,False,False,58.8,1.764,277.0,179.0,174.0,250.0
British,2023,GAS,Alpine,33.0,128.973,41.703,51.608,35.662,SOFT,5.0,2.0,,,11.0,64,False,False,57.2,1.716,124.0,221.0,163.0,174.0
British,2023,GAS,Alpine,34.0,125.716,41.573,52.848,31.295,SOFT,6.0,2.0,,,11.0,4,False,False,55.6,1.668,226.0,131.0,241.0,273.0
British,2023,GAS,Alpine,35.0,137.502,41.755,54.622,41.125,SOFT,7.0,2.0,,,11.0,4,False,False,54.0,1.62,134.0,176.0,59.0,96.0
British,2023,GAS,Alpine,36.0,144.007,54.35,52.856,36.801,SOFT,8.0,2.0,,,11.0,4,False,False,52.4,1.572,201.0,91.0,220.0,261.0
British,2023,GAS,Alpine,37.0,145.817,53.022,52.911,39.884,SOFT,9.0,2.0,,,11.0,4,False,False,50.8,1.524,124.0,147.0,95.0,275.0
British,2023,GAS,Alpine,38.0,133.934,39.488,55.306,39.14,SOFT,10.0,2.0,,,11.0,41,False,False,49.2,1.476,110.0,171.0,250.0,186.0
British,2023,GAS,Alpine,39.0,92.98,29.367,37.504,26.109,SOFT,11.0,2.0,,,12.0,1,True,False,47.6,1.428,293.0,255.0,250.0,297.0
British,2023,GAS,Alpine,40.0,92.823,29.676,37.533,25.614,SOFT,12.0,2.0,,,12.0,1,True,False,46.0,1.38,290.0,255.0,248.0,296.0
British,2023,GAS,Alpine,41.0,91.827,29.302,37.232,25.293,SOFT,13.0,2.0,,,12.0,1,True,False,44.4,1.332,305.0,257.0,248.0,315.0
British,2023,GAS,Alpine,42.0,91.539,29.165,37.137,25.237,SOFT,14.0,2.0,,,12.0,1,True,False,42.8,1.284,305.0,259.0,248.0,318.0
British,2023,GAS,Alpine,43.0,91.648,29.324,36.888,25.436,SOFT,15.0,2.0,,,12.0,1,True,False,41.2,1.236,305.0,259.0,248.0,316.0
British,2023,GAS,Alpine,44.0,92.862,29.35,37.864,25.648,SOFT,16.0,2.0,,,11.0,1,True,False,39.6,1.188,310.0,257.0,247.0,316.0
British,2023,GAS,Alpine,45.0,96.665,29.202,37.933,29.53,SOFT,17.0,2.0,,,15.0,1,True,False,38.0,1.14,307.0,259.0,120.0,308.0
British,2023,GAS,Alpine,46.0,,53.604,64.717,37.66,SOFT,18.0,2.0,8377.355,,18.0,1,False,False,36.4,1.092,149.0,161.0,,214.0
British,2023,PER,Red Bull Racing,1.0,104.033,,40.304,26.999,MEDIUM,1.0,1.0,,,16.0,1,False,True,108.4,3.252,303.0,255.0,245.0,306.0
British,2023,PER,Red Bull Racing,2.0,95.482,30.357,38.727,26.398,MEDIUM,2.0,1.0,,,15.0,1,True,True,106.8,3.204,291.0,253.0,243.0,297.0
British,2023,PER,Red Bull Racing,3.0,94.38,30.134,38.414,25.832,MEDIUM,3.0,1.0,,,15.0,1,True,True,105.2,3.156,318.0,256.0,243.0,324.0
British,2023,PER,Red Bull Racing,4.0,94.339,29.668,38.564,26.107,MEDIUM,4.0,1.0,,,15.0,1,True,True,103.6,3.108,312.0,253.0,244.0,326.0
British,2023,PER,Red Bull Racing,5.0,94.073,29.706,38.28,26.087,MEDIUM,5.0,1.0,,,14.0,1,True,True,102.0,3.06,310.0,254.0,243.0,296.0
British,2023,PER,Red Bull Racing,6.0,93.671,29.579,38.359,25.733,MEDIUM,6.0,1.0,,,13.0,1,True,True,100.4,3.012,309.0,257.0,244.0,326.0
British,2023,PER,Red Bull Racing,7.0,93.919,29.883,38.065,25.971,MEDIUM,7.0,1.0,,,13.0,1,True,True,98.8,2.964,288.0,255.0,243.0,295.0
British,2023,PER,Red Bull Racing,8.0,93.568,29.897,37.909,25.762,MEDIUM,8.0,1.0,,,13.0,1,True,True,97.2,2.916,291.0,256.0,245.0,299.0
British,2023,PER,Red Bull Racing,9.0,93.271,29.541,37.868,25.862,MEDIUM,9.0,1.0,,,13.0,1,True,True,95.6,2.868,309.0,260.0,244.0,330.0
British,2023,PER,Red Bull Racing,10.0,93.364,29.769,37.805,25.79,MEDIUM,10.0,1.0,,,12.0,1,True,True,94.0,2.82,291.0,255.0,245.0,296.0
British,2023,PER,Red Bull Racing,11.0,93.547,29.769,37.845,25.933,MEDIUM,11.0,1.0,,,12.0,1,True,True,92.4,2.772,300.0,258.0,242.0,320.0
British,2023,PER,Red Bull Racing,12.0,93.429,29.824,38.0,25.605,MEDIUM,12.0,1.0,,,11.0,1,True,True,90.8,2.724,312.0,257.0,245.0,327.0
British,2023,PER,Red Bull Racing,13.0,93.452,29.892,37.777,25.783,MEDIUM,13.0,1.0,,,11.0,1,True,True,89.2,2.676,289.0,256.0,246.0,291.0
British,2023,PER,Red Bull Racing,14.0,93.751,30.06,37.957,25.734,MEDIUM,14.0,1.0,,,11.0,1,True,True,87.6,2.628,298.0,254.0,245.0,304.0
British,2023,PER,Red Bull Racing,15.0,93.48,29.808,37.868,25.804,MEDIUM,15.0,1.0,,,11.0,1,True,True,86.0,2.58,307.0,256.0,245.0,318.0
British,2023,PER,Red Bull Racing,16.0,93.055,29.795,37.899,25.361,MEDIUM,16.0,1.0,,,10.0,1,True,True,84.4,2.532,310.0,259.0,246.0,329.0
British,2023,PER,Red Bull Racing,17.0,93.28,30.009,37.544,25.727,MEDIUM,17.0,1.0,,,10.0,1,True,True,82.8,2.484,287.0,255.0,245.0,293.0
British,2023,PER,Red Bull Racing,18.0,93.099,29.904,37.549,25.646,MEDIUM,18.0,1.0,,,10.0,1,True,True,81.2,2.436,289.0,255.0,246.0,298.0
British,2023,PER,Red Bull Racing,19.0,93.276,30.001,37.54,25.735,MEDIUM,19.0,1.0,,,9.0,1,True,True,79.6,2.388,286.0,253.0,245.0,292.0
British,2023,PER,Red Bull Racing,20.0,93.202,29.931,37.611,25.66,MEDIUM,20.0,1.0,,,9.0,1,True,True,78.0,2.34,289.0,255.0,246.0,295.0
British,2023,PER,Red Bull Racing,21.0,93.233,29.985,37.612,25.636,MEDIUM,21.0,1.0,,,9.0,1,True,True,76.4,2.292,288.0,255.0,246.0,296.0
British,2023,PER,Red Bull Racing,22.0,93.026,30.023,37.422,25.581,MEDIUM,22.0,1.0,,,9.0,1,True,True,74.8,2.244,289.0,258.0,246.0,297.0
British,2023,PER,Red Bull Racing,23.0,93.262,30.067,37.554,25.641,MEDIUM,23.0,1.0,,,9.0,1,True,True,73.2,2.196,287.0,255.0,245.0,293.0
British,2023,PER,Red Bull Racing,24.0,92.726,29.884,37.353,25.489,MEDIUM,24.0,1.0,,,9.0,1,True,True,71.6,2.148,291.0,256.0,246.0,301.0
British,2023,PER,Red Bull Racing,25.0,92.907,29.9,37.539,25.468,MEDIUM,25.0,1.0,,,9.0,1,True,True,70.0,2.1,290.0,257.0,247.0,300.0
British,2023,PER,Red Bull Racing,26.0,92.962,29.956,37.492,25.514,MEDIUM,26.0,1.0,,,9.0,1,True,True,68.4,2.052,290.0,256.0,247.0,299.0
British,2023,PER,Red Bull Racing,27.0,92.742,30.002,37.472,25.268,MEDIUM,27.0,1.0,,,8.0,1,True,True,66.8,2.004,289.0,255.0,248.0,303.0
British,2023,PER,Red Bull Racing,28.0,92.235,29.82,37.427,24.988,MEDIUM,28.0,1.0,6349.766,,8.0,1,False,True,65.2,1.956,290.0,256.0,,299.0
British,2023,PER,Red Bull Racing,29.0,110.559,49.11,36.462,24.987,SOFT,1.0,2.0,,6377.828,13.0,1,False,True,63.6,1.908,291.0,260.0,249.0,296.0
British,2023,PER,Red Bull Racing,30.0,91.408,29.472,36.72,25.216,SOFT,2.0,2.0,,,12.0,1,True,True,62.0,1.86,286.0,258.0,247.0,294.0
British,2023,PER,Red Bull Racing,31.0,91.532,29.571,36.796,25.165,SOFT,3.0,2.0,,,12.0,1,True,True,60.4,1.812,288.0,259.0,247.0,298.0
British,2023,PER,Red Bull Racing,32.0,104.38,29.591,36.928,37.861,SOFT,4.0,2.0,,,10.0,126,False,True,58.8,1.764,289.0,216.0,198.0,244.0
British,2023,PER,Red Bull Racing,33.0,128.084,41.647,51.371,35.066,SOFT,5.0,2.0,,,8.0,64,False,True,57.2,1.716,200.0,190.0,118.0,243.0
British,2023,PER,Red Bull Racing,34.0,125.804,42.804,49.654,33.346,SOFT,6.0,2.0,,,8.0,4,False,True,55.6,1.668,204.0,212.0,173.0,251.0
British,2023,PER,Red Bull Racing,35.0,142.313,45.116,57.748,39.449,SOFT,7.0,2.0,,,8.0,4,False,True,54.0,1.62,206.0,177.0,91.0,107.0
British,2023,PER,Red Bull Racing,36.0,145.094,52.822,56.501,35.771,SOFT,8.0,2.0,,,8.0,4,False,True,52.4,1.572,208.0,108.0,204.0,259.0
British,2023,PER,Red Bull Racing,37.0,145.46,52.66,53.883,38.917,SOFT,9.0,2.0,,,8.0,4,False,True,50.8,1.524,117.0,144.0,97.0,265.0
British,2023,PER,Red Bull Racing,38.0,136.625,41.076,55.309,40.24,SOFT,10.0,2.0,,,8.0,41,False,True,49.2,1.476,127.0,130.0,248.0,162.0
British,2023,PER,Red Bull Racing,39.0,92.503,29.361,37.509,25.633,SOFT,11.0,2.0,,,8.0,1,True,True,47.6,1.428,307.0,261.0,249.0,315.0
British,2023,PER,Red Bull Racing,40.0,91.909,29.446,36.993,25.47,SOFT,12.0,2.0,,,8.0,1,True,True,46.0,1.38,294.0,258.0,248.0,302.0
British,2023,PER,Red Bull Racing,41.0,91.391,29.132,36.985,25.274,SOFT,13.0,2.0,,,8.0,1,True,True,44.4,1.332,321.0,263.0,248.0,332.0
British,2023,PER,Red Bull Racing,42.0,91.716,29.184,37.07,25.462,SOFT,14.0,2.0,,,8.0,1,True,True,42.8,1.284,316.0,263.0,248.0,338.0
British,2023,PER,Red Bull Racing,43.0,92.005,29.171,37.002,25.832,SOFT,15.0,2.0,,,7.0,1,True,True,41.2,1.236,321.0,263.0,247.0,334.0
British,2023,PER,Red Bull Racing,44.0,91.712,29.383,36.961,25.368,SOFT,16.0,2.0,,,7.0,1,True,True,39.6,1.188,293.0,260.0,248.0,300.0
British,2023,PER,Red Bull Racing,45.0,91.571,29.104,36.891,25.576,SOFT,17.0,2.0,,,7.0,1,True,True,38.0,1.14,317.0,265.0,246.0,327.0
British,2023,PER,Red Bull Racing,46.0,91.675,29.205,37.263,25.207,SOFT,18.0,2.0,,,6.0,1,True,True,36.4,1.092,318.0,264.0,247.0,331.0
British,2023,PER,Red Bull Racing,47.0,91.505,29.226,36.941,25.338,SOFT,19.0,2.0,,,6.0,1,True,True,34.8,1.044,296.0,261.0,249.0,299.0
British,2023,PER,Red Bull Racing,48.0,91.209,29.269,36.799,25.141,SOFT,20.0,2.0,,,6.0,1,True,True,33.2,0.996,295.0,261.0,249.0,297.0
British,2023,PER,Red Bull Racing,49.0,91.36,29.306,36.858,25.196,SOFT,21.0,2.0,,,6.0,1,True,True,31.6,0.948,300.0,261.0,250.0,297.0
British,2023,PER,Red Bull Racing,50.0,91.139,29.215,36.714,25.21,SOFT,22.0,2.0,,,6.0,1,True,True,30.0,0.9,300.0,260.0,248.0,299.0
British,2023,PER,Red Bull Racing,51.0,90.914,29.181,36.719,25.014,SOFT,23.0,2.0,,,6.0,1,True,True,28.4,0.852,300.0,260.0,250.0,296.0
British,2023,PER,Red Bull Racing,52.0,91.188,29.16,36.809,25.219,SOFT,24.0,2.0,,,6.0,1,True,True,26.8,0.804,305.0,261.0,250.0,304.0
British,2023,ALO,Aston Martin,1.0,100.026,,38.93,26.578,MEDIUM,2.0,1.0,,,7.0,1,False,False,108.4,3.252,296.0,254.0,243.0,299.0
British,2023,ALO,Aston Martin,2.0,94.419,30.019,38.184,26.216,MEDIUM,3.0,1.0,,,7.0,1,True,False,106.8,3.204,293.0,254.0,244.0,301.0
British,2023,ALO,Aston Martin,3.0,93.424,29.461,38.136,25.827,MEDIUM,4.0,1.0,,,7.0,1,True,False,105.2,3.156,314.0,257.0,244.0,319.0
British,2023,ALO,Aston Martin,4.0,93.156,29.311,37.956,25.889,MEDIUM,5.0,1.0,,,7.0,1,True,False,103.6,3.108,313.0,255.0,244.0,322.0
British,2023,ALO,Aston Martin,5.0,94.157,29.7,38.245,26.212,MEDIUM,6.0,1.0,,,7.0,1,True,False,102.0,3.06,297.0,254.0,244.0,309.0
British,2023,ALO,Aston Martin,6.0,94.636,29.935,38.452,26.249,MEDIUM,7.0,1.0,,,7.0,1,True,False,100.4,3.012,305.0,252.0,244.0,300.0
British,2023,ALO,Aston Martin,7.0,94.645,29.904,38.838,25.903,MEDIUM,8.0,1.0,,,8.0,1,True,False,98.8,2.964,297.0,255.0,244.0,319.0
British,2023,ALO,Aston Martin,8.0,94.019,29.808,38.063,26.148,MEDIUM,9.0,1.0,,,8.0,1,True,False,97.2,2.916,299.0,253.0,243.0,304.0
British,2023,ALO,Aston Martin,9.0,93.657,29.725,37.858,26.074,MEDIUM,10.0,1.0,,,8.0,1,True,False,95.6,2.868,299.0,254.0,244.0,306.0
British,2023,ALO,Aston Martin,10.0,93.711,29.682,37.85,26.179,MEDIUM,11.0,1.0,,,8.0,1,True,False,94.0,2.82,298.0,254.0,246.0,301.0
British,2023,ALO,Aston Martin,11.0,93.737,29.728,37.938,26.071,MEDIUM,12.0,1.0,,,8.0,1,True,False,92.4,2.772,297.0,253.0,245.0,301.0
British,2023,ALO,Aston Martin,12.0,93.951,29.945,37.914,26.092,MEDIUM,13.0,1.0,,,8.0,1,True,False,90.8,2.724,297.0,253.0,245.0,298.0
British,2023,ALO,Aston Martin,13.0,93.565,29.782,37.746,26.037,MEDIUM,14.0,1.0,,,8.0,1,True,False,89.2,2.676,297.0,255.0,245.0,296.0
British,2023,ALO,Aston Martin,14.0,93.88,29.998,37.888,25.994,MEDIUM,15.0,1.0,,,8.0,1,True,False,87.6,2.628,294.0,253.0,245.0,297.0
British,2023,ALO,Aston Martin,15.0,93.736,29.935,37.836,25.965,MEDIUM,16.0,1.0,,,8.0,1,True,False,86.0,2.58,294.0,255.0,246.0,299.0
British,2023,ALO,Aston Martin,16.0,93.437,29.883,37.682,25.872,MEDIUM,17.0,1.0,,,8.0,1,True,False,84.4,2.532,294.0,254.0,246.0,298.0
British,2023,ALO,Aston Martin,17.0,93.188,29.839,37.445,25.904,MEDIUM,18.0,1.0,,,8.0,1,True,False,82.8,2.484,296.0,255.0,245.0,302.0
British,2023,ALO,Aston Martin,18.0,93.317,29.918,37.584,25.815,MEDIUM,19.0,1.0,,,8.0,1,True,False,81.2,2.436,295.0,255.0,247.0,300.0
British,2023,ALO,Aston Martin,19.0,93.185,29.909,37.553,25.723,MEDIUM,20.0,1.0,,,7.0,1,True,False,79.6,2.388,294.0,255.0,247.0,301.0
British,2023,ALO,Aston Martin,20.0,93.016,29.725,37.534,25.757,MEDIUM,21.0,1.0,,,7.0,1,True,False,78.0,2.34,295.0,253.0,247.0,300.0
British,2023,ALO,Aston Martin,21.0,93.19,29.899,37.508,25.783,MEDIUM,22.0,1.0,,,7.0,1,True,False,76.4,2.292,294.0,254.0,247.0,300.0
British,2023,ALO,Aston Martin,22.0,93.092,29.805,37.487,25.8,MEDIUM,23.0,1.0,,,7.0,1,True,False,74.8,2.244,294.0,255.0,247.0,300.0
British,2023,ALO,Aston Martin,23.0,93.026,29.727,37.577,25.722,MEDIUM,24.0,1.0,,,7.0,1,True,False,73.2,2.196,293.0,255.0,247.0,299.0
British,2023,ALO,Aston Martin,24.0,93.017,29.916,37.416,25.685,MEDIUM,25.0,1.0,,,7.0,1,True,False,71.6,2.148,294.0,254.0,247.0,301.0
British,2023,ALO,Aston Martin,25.0,93.078,29.773,37.637,25.668,MEDIUM,26.0,1.0,,,7.0,1,True,False,70.0,2.1,294.0,256.0,247.0,299.0
British,2023,ALO,Aston Martin,26.0,93.152,29.82,37.724,25.608,MEDIUM,27.0,1.0,,,7.0,1,True,False,68.4,2.052,295.0,255.0,248.0,303.0
British,2023,ALO,Aston Martin,27.0,92.914,29.825,37.593,25.496,MEDIUM,28.0,1.0,,,6.0,1,True,False,66.8,2.004,294.0,255.0,248.0,301.0
British,2023,ALO,Aston Martin,28.0,92.744,29.672,37.545,25.527,MEDIUM,29.0,1.0,,,6.0,1,True,False,65.2,1.956,294.0,254.0,248.0,302.0
British,2023,ALO,Aston Martin,29.0,92.727,29.803,37.454,25.47,MEDIUM,30.0,1.0,,,5.0,1,True,False,63.6,1.908,294.0,256.0,249.0,300.0
British,2023,ALO,Aston Martin,30.0,92.686,29.735,37.458,25.493,MEDIUM,31.0,1.0,,,4.0,1,True,False,62.0,1.86,294.0,256.0,248.0,300.0
British,2023,ALO,Aston Martin,31.0,92.916,29.818,37.416,25.682,MEDIUM,32.0,1.0,,,4.0,1,True,False,60.4,1.812,294.0,255.0,248.0,302.0
British,2023,ALO,Aston Martin,32.0,98.559,29.731,37.467,31.361,MEDIUM,33.0,1.0,,,4.0,126,False,False,58.8,1.764,293.0,257.0,141.0,300.0
British,2023,ALO,Aston Martin,33.0,123.93,41.955,52.048,29.927,MEDIUM,34.0,1.0,6848.945,,4.0,64,False,False,57.2,1.716,178.0,159.0,,226.0
British,2023,ALO,Aston Martin,34.0,147.213,63.05,49.851,34.312,SOFT,4.0,2.0,,6877.569,6.0,4,False,False,55.6,1.668,228.0,224.0,223.0,291.0
British,2023,ALO,Aston Martin,35.0,145.191,46.616,59.038,39.537,SOFT,5.0,2.0,,,6.0,4,False,False,54.0,1.62,201.0,210.0,94.0,96.0
British,2023,ALO,Aston Martin,36.0,145.427,52.869,56.761,35.797,SOFT,6.0,2.0,,,6.0,4,False,False,52.4,1.572,152.0,89.0,180.0,274.0
British,2023,ALO,Aston Martin,37.0,145.274,51.871,54.384,39.019,SOFT,7.0,2.0,,,6.0,4,False,False,50.8,1.524,166.0,210.0,96.0,244.0
British,2023,ALO,Aston Martin,38.0,137.955,41.475,55.737,40.743,SOFT,8.0,2.0,,,6.0,41,False,False,49.2,1.476,152.0,141.0,252.0,142.0
British,2023,ALO,Aston Martin,39.0,92.32,29.309,37.273,25.738,SOFT,9.0,2.0,,,6.0,1,True,False,47.6,1.428,292.0,260.0,249.0,304.0
British,2023,ALO,Aston Martin,40.0,91.691,29.268,37.03,25.393,SOFT,10.0,2.0,,,6.0,1,True,False,46.0,1.38,307.0,260.0,250.0,312.0
British,2023,ALO,Aston Martin,41.0,91.652,29.164,37.087,25.401,SOFT,11.0,2.0,,,6.0,1,True,False,44.4,1.332,318.0,261.0,249.0,312.0
British,2023,ALO,Aston Martin,42.0,91.829,29.264,37.063,25.502,SOFT,12.0,2.0,,,6.0,1,True,False,42.8,1.284,300.0,259.0,250.0,306.0
British,2023,ALO,Aston Martin,43.0,91.747,29.351,36.95,25.446,SOFT,13.0,2.0,,,6.0,1,True,False,41.2,1.236,302.0,258.0,249.0,306.0
British,2023,ALO,Aston Martin,44.0,92.131,29.444,37.102,25.585,SOFT,14.0,2.0,,,6.0,1,True,False,39.6,1.188,302.0,257.0,248.0,306.0
British,2023,ALO,Aston Martin,45.0,92.036,29.361,37.053,25.622,SOFT,15.0,2.0,,,6.0,1,True,False,38.0,1.14,302.0,261.0,247.0,309.0
British,2023,ALO,Aston Martin,46.0,92.891,29.365,37.132,26.394,SOFT,16.0,2.0,,,7.0,1,True,False,36.4,1.092,299.0,260.0,246.0,308.0
British,2023,ALO,Aston Martin,47.0,91.828,29.292,37.162,25.374,SOFT,17.0,2.0,,,7.0,1,True,False,34.8,1.044,316.0,261.0,248.0,321.0
British,2023,ALO,Aston Martin,48.0,91.338,29.103,36.926,25.309,SOFT,18.0,2.0,,,7.0,1,True,False,33.2,0.996,315.0,261.0,248.0,318.0
British,2023,ALO,Aston Martin,49.0,92.075,29.414,37.105,25.556,SOFT,19.0,2.0,,,7.0,1,True,False,31.6,0.948,303.0,260.0,249.0,302.0
British,2023,ALO,Aston Martin,50.0,91.999,29.339,37.108,25.552,SOFT,20.0,2.0,,,7.0,1,True,False,30.0,0.9,303.0,260.0,249.0,305.0
British,2023,ALO,Aston Martin,51.0,91.93,29.321,37.031,25.578,SOFT,21.0,2.0,,,7.0,1,True,False,28.4,0.852,301.0,261.0,249.0,301.0
British,2023,ALO,Aston Martin,52.0,91.711,29.243,36.974,25.494,SOFT,22.0,2.0,,,7.0,1,True,False,26.8,0.804,303.0,260.0,249.0,304.0
British,2023,LEC,Ferrari,1.0,98.3,,38.716,26.084,MEDIUM,1.0,1.0,,,4.0,1,False,True,108.4,3.252,305.0,254.0,246.0,299.0
British,2023,LEC,Ferrari,2.0,93.994,29.616,38.175,26.203,MEDIUM,2.0,1.0,,,4.0,1,True,True,106.8,3.204,295.0,255.0,245.0,300.0
British,2023,LEC,Ferrari,3.0,92.934,29.544,37.782,25.608,MEDIUM,3.0,1.0,,,4.0,1,True,True,105.2,3.156,309.0,254.0,247.0,303.0
British,2023,LEC,Ferrari,4.0,92.961,29.43,37.794,25.737,MEDIUM,4.0,1.0,,,4.0,1,True,True,103.6,3.108,297.0,252.0,247.0,298.0
British,2023,LEC,Ferrari,5.0,94.409,29.912,38.013,26.484,MEDIUM,5.0,1.0,,,4.0,1,True,True,102.0,3.06,304.0,253.0,246.0,290.0
British,2023,LEC,Ferrari,6.0,93.761,29.929,37.848,25.984,MEDIUM,6.0,1.0,,,4.0,1,True,True,100.4,3.012,290.0,252.0,246.0,291.0
British,2023,LEC,Ferrari,7.0,93.403,29.706,37.814,25.883,MEDIUM,7.0,1.0,,,4.0,1,True,True,98.8,2.964,291.0,254.0,245.0,296.0
British,2023,LEC,Ferrari,8.0,93.244,29.749,37.691,25.804,MEDIUM,8.0,1.0,,,4.0,1,True,True,97.2,2.916,292.0,255.0,246.0,296.0
British,2023,LEC,Ferrari,9.0,93.087,29.728,37.743,25.616,MEDIUM,9.0,1.0,,,4.0,1,True,True,95.6,2.868,292.0,254.0,246.0,300.0
British,2023,LEC,Ferrari,10.0,93.167,29.678,37.716,25.773,MEDIUM,10.0,1.0,,,4.0,1,True,True,94.0,2.82,293.0,252.0,246.0,293.0
British,2023,LEC,Ferrari,11.0,93.048,29.64,37.667,25.741,MEDIUM,11.0,1.0,,,4.0,1,True,True,92.4,2.772,291.0,254.0,246.0,293.0
British,2023,LEC,Ferrari,12.0,93.621,30.025,37.742,25.854,MEDIUM,12.0,1.0,,,4.0,1,True,True,90.8,2.724,291.0,253.0,246.0,293.0
British,2023,LEC,Ferrari,13.0,93.214,29.752,37.585,25.877,MEDIUM,13.0,1.0,,,4.0,1,True,True,89.2,2.676,292.0,253.0,245.0,291.0
British,2023,LEC,Ferrari,14.0,93.523,30.064,37.758,25.701,MEDIUM,14.0,1.0,,,4.0,1,True,True,87.6,2.628,295.0,253.0,246.0,300.0
British,2023,LEC,Ferrari,15.0,93.542,30.096,37.661,25.785,MEDIUM,15.0,1.0,,,4.0,1,True,True,86.0,2.58,292.0,253.0,246.0,297.0
British,2023,LEC,Ferrari,16.0,93.248,29.94,37.627,25.681,MEDIUM,16.0,1.0,,,4.0,1,True,True,84.4,2.532,293.0,254.0,247.0,303.0
British,2023,LEC,Ferrari,17.0,93.151,29.878,37.442,25.831,MEDIUM,17.0,1.0,,,4.0,1,True,True,82.8,2.484,291.0,255.0,245.0,298.0
British,2023,LEC,Ferrari,18.0,92.475,29.986,37.571,24.918,MEDIUM,18.0,1.0,5408.076,,4.0,1,False,True,81.2,2.436,290.0,254.0,,296.0
British,2023,LEC,Ferrari,19.0,112.861,49.912,37.327,25.622,HARD,1.0,2.0,,5436.278,12.0,1,False,True,79.6,2.388,285.0,255.0,249.0,297.0
British,2023,LEC,Ferrari,20.0,92.87,29.675,37.503,25.692,HARD,2.0,2.0,,,12.0,1,True,True,78.0,2.34,289.0,253.0,248.0,296.0
British,2023,LEC,Ferrari,21.0,92.848,29.603,37.559,25.686,HARD,3.0,2.0,,,12.0,1,True,True,76.4,2.292,289.0,254.0,248.0,297.0
British,2023,LEC,Ferrari,22.0,93.035,29.891,37.45,25.694,HARD,4.0,2.0,,,12.0,1,True,True,74.8,2.244,291.0,254.0,248.0,298.0
British,2023,LEC,Ferrari,23.0,92.554,29.606,37.36,25.588,HARD,5.0,2.0,,,12.0,1,True,True,73.2,2.196,294.0,256.0,247.0,302.0
British,2023,LEC,Ferrari,24.0,92.731,29.724,37.445,25.562,HARD,6.0,2.0,,,12.0,1,True,True,71.6,2.148,293.0,258.0,247.0,322.0
British,2023,LEC,Ferrari,25.0,92.798,29.611,37.691,25.496,HARD,7.0,2.0,,,11.0,1,True,True,70.0,2.1,311.0,261.0,247.0,326.0
British,2023,LEC,Ferrari,26.0,92.794,29.64,37.532,25.622,HARD,8.0,2.0,,,11.0,1,True,True,68.4,2.052,292.0,255.0,247.0,301.0
British,2023,LEC,Ferrari,27.0,92.942,29.733,37.534,25.675,HARD,9.0,2.0,,,10.0,1,True,True,66.8,2.004,292.0,250.0,248.0,301.0
British,2023,LEC,Ferrari,28.0,92.814,29.702,37.47,25.642,HARD,10.0,2.0,,,10.0,1,True,True,65.2,1.956,291.0,255.0,249.0,300.0
British,2023,LEC,Ferrari,29.0,92.658,29.765,37.441,25.452,HARD,11.0,2.0,,,8.0,1,True,True,63.6,1.908,292.0,256.0,249.0,300.0
British,2023,LEC,Ferrari,30.0,92.464,29.742,37.338,25.384,HARD,12.0,2.0,,,8.0,1,True,True,62.0,1.86,293.0,257.0,249.0,301.0
British,2023,LEC,Ferrari,31.0,93.233,29.602,37.965,25.666,HARD,13.0,2.0,,,9.0,1,True,True,60.4,1.812,296.0,260.0,249.0,324.0
British,2023,LEC,Ferrari,32.0,96.215,29.569,37.256,29.39,HARD,14.0,2.0,6730.697,,7.0,126,False,True,58.8,1.764,310.0,260.0,,323.0
British,2023,LEC,Ferrari,33.0,146.13,62.979,47.62,35.531,MEDIUM,1.0,3.0,,6759.509,10.0,64,False,True,57.2,1.716,173.0,192.0,118.0,227.0
British,2023,LEC,Ferrari,34.0,126.609,44.063,49.303,33.243,MEDIUM,2.0,3.0,,,10.0,4,False,True,55.6,1.668,163.0,229.0,225.0,245.0
British,2023,LEC,Ferrari,35.0,143.719,46.464,56.402,40.853,MEDIUM,3.0,3.0,,,10.0,4,False,True,54.0,1.62,173.0,184.0,80.0,93.0
British,2023,LEC,Ferrari,36.0,143.86,53.584,53.889,36.387,MEDIUM,4.0,3.0,,,10.0,4,False,True,52.4,1.572,202.0,98.0,223.0,254.0
British,2023,LEC,Ferrari,37.0,145.892,52.231,53.937,39.724,MEDIUM,5.0,3.0,,,10.0,4,False,True,50.8,1.524,153.0,170.0,103.0,264.0
British,2023,LEC,Ferrari,38.0,134.823,40.31,54.903,39.61,MEDIUM,6.0,3.0,,,10.0,41,False,True,49.2,1.476,132.0,150.0,250.0,167.0
British,2023,LEC,Ferrari,39.0,92.5,29.082,37.662,25.756,MEDIUM,7.0,3.0,,,10.0,1,True,True,47.6,1.428,304.0,259.0,250.0,305.0
British,2023,LEC,Ferrari,40.0,92.234,29.238,37.407,25.589,MEDIUM,8.0,3.0,,,10.0,1,True,True,46.0,1.38,298.0,259.0,251.0,311.0
British,2023,LEC,Ferrari,41.0,91.286,28.968,37.178,25.14,MEDIUM,9.0,3.0,,,10.0,1,True,True,44.4,1.332,320.0,264.0,251.0,330.0
British,2023,LEC,Ferrari,42.0,91.926,29.13,37.573,25.223,MEDIUM,10.0,3.0,,,10.0,1,True,True,42.8,1.284,318.0,255.0,252.0,328.0
British,2023,LEC,Ferrari,43.0,92.052,29.019,37.142,25.891,MEDIUM,11.0,3.0,,,10.0,1,True,True,41.2,1.236,319.0,262.0,248.0,326.0
British,2023,LEC,Ferrari,44.0,92.815,29.468,37.794,25.553,MEDIUM,12.0,3.0,,,9.0,1,True,True,39.6,1.188,322.0,256.0,250.0,297.0
British,2023,LEC,Ferrari,45.0,91.9,29.278,37.013,25.609,MEDIUM,13.0,3.0,,,9.0,1,True,True,38.0,1.14,299.0,260.0,248.0,301.0
British,2023,LEC,Ferrari,46.0,91.85,29.173,37.172,25.505,MEDIUM,14.0,3.0,,,9.0,1,True,True,36.4,1.092,296.0,259.0,248.0,303.0
British,2023,LEC,Ferrari,47.0,91.36,29.224,36.928,25.208,MEDIUM,15.0,3.0,,,9.0,1,True,True,34.8,1.044,299.0,258.0,250.0,309.0
British,2023,LEC,Ferrari,48.0,91.255,28.991,37.084,25.18,MEDIUM,16.0,3.0,,,9.0,1,True,True,33.2,0.996,315.0,263.0,250.0,325.0
British,2023,LEC,Ferrari,49.0,91.781,29.058,37.249,25.474,MEDIUM,17.0,3.0,,,9.0,1,True,True,31.6,0.948,317.0,260.0,248.0,319.0
British,2023,LEC,Ferrari,50.0,91.716,29.128,37.233,25.355,MEDIUM,18.0,3.0,,,9.0,1,True,True,30.0,0.9,315.0,260.0,250.0,325.0
British,2023,LEC,Ferrari,51.0,91.763,29.111,37.23,25.422,MEDIUM,19.0,3.0,,,9.0,1,True,True,28.4,0.852,318.0,264.0,251.0,329.0
British,2023,LEC,Ferrari,52.0,92.257,28.928,37.709,25.62,MEDIUM,20.0,3.0,,,9.0,1,True,True,26.8,0.804,331.0,263.0,247.0,322.0
British,2023,STR,Aston Martin,1.0,102.049,,40.178,26.538,MEDIUM,2.0,1.0,,,11.0,1,False,False,108.4,3.252,305.0,250.0,243.0,303.0
British,2023,STR,Aston Martin,2.0,95.093,29.989,38.71,26.394,MEDIUM,3.0,1.0,,,11.0,1,True,False,106.8,3.204,291.0,253.0,245.0,298.0
British,2023,STR,Aston Martin,3.0,94.021,29.49,38.405,26.126,MEDIUM,4.0,1.0,,,11.0,1,True,False,105.2,3.156,314.0,256.0,243.0,320.0
British,2023,STR,Aston Martin,4.0,93.799,29.69,38.119,25.99,MEDIUM,5.0,1.0,,,11.0,1,True,False,103.6,3.108,304.0,256.0,244.0,320.0
British,2023,STR,Aston Martin,5.0,93.856,29.532,38.206,26.118,MEDIUM,6.0,1.0,,,11.0,1,True,False,102.0,3.06,312.0,256.0,245.0,319.0
British,2023,STR,Aston Martin,6.0,94.189,29.648,38.454,26.087,MEDIUM,7.0,1.0,,,11.0,1,True,False,100.4,3.012,312.0,255.0,245.0,318.0
British,2023,STR,Aston Martin,7.0,94.115,29.588,38.446,26.081,MEDIUM,8.0,1.0,,,11.0,1,True,False,98.8,2.964,313.0,255.0,244.0,322.0
British,2023,STR,Aston Martin,8.0,93.872,29.584,38.328,25.96,MEDIUM,9.0,1.0,,,11.0,1,True,False,97.2,2.916,309.0,256.0,245.0,321.0
British,2023,STR,Aston Martin,9.0,93.871,29.582,38.366,25.923,MEDIUM,10.0,1.0,,,11.0,1,True,False,95.6,2.868,307.0,256.0,246.0,320.0
British,2023,STR,Aston Martin,10.0,94.007,29.65,38.414,25.943,MEDIUM,11.0,1.0,,,11.0,1,True,False,94.0,2.82,310.0,255.0,245.0,318.0
British,2023,STR,Aston Martin,11.0,94.198,29.855,38.189,26.154,MEDIUM,12.0,1.0,,,11.0,1,True,False,92.4,2.772,297.0,254.0,245.0,302.0
British,2023,STR,Aston Martin,12.0,94.766,29.869,38.065,26.832,MEDIUM,13.0,1.0,,,12.0,1,True,False,90.8,2.724,297.0,254.0,245.0,299.0
British,2023,STR,Aston Martin,13.0,94.308,29.781,38.365,26.162,MEDIUM,14.0,1.0,,,12.0,1,True,False,89.2,2.676,302.0,253.0,246.0,294.0
British,2023,STR,Aston Martin,14.0,94.213,30.095,38.077,26.041,MEDIUM,15.0,1.0,,,12.0,1,True,False,87.6,2.628,293.0,253.0,245.0,297.0
British,2023,STR,Aston Martin,15.0,93.931,30.071,37.94,25.92,MEDIUM,16.0,1.0,,,12.0,1,True,False,86.0,2.58,295.0,253.0,246.0,303.0
British,2023,STR,Aston Martin,16.0,93.798,29.908,37.909,25.981,MEDIUM,17.0,1.0,,,12.0,1,True,False,84.4,2.532,293.0,254.0,246.0,301.0
British,2023,STR,Aston Martin,17.0,93.651,29.906,37.762,25.983,MEDIUM,18.0,1.0,,,12.0,1,True,False,82.8,2.484,296.0,255.0,245.0,301.0
British,2023,STR,Aston Martin,18.0,93.294,29.768,37.691,25.835,MEDIUM,19.0,1.0,,,12.0,1,True,False,81.2,2.436,295.0,254.0,246.0,300.0
British,2023,STR,Aston Martin,19.0,93.338,29.87,37.746,25.722,MEDIUM,20.0,1.0,,,11.0,1,True,False,79.6,2.388,296.0,256.0,247.0,302.0
British,2023,STR,Aston Martin,20.0,93.489,29.85,37.782,25.857,MEDIUM,21.0,1.0,,,11.0,1,True,False,78.0,2.34,297.0,253.0,247.0,301.0
British,2023,STR,Aston Martin,21.0,93.498,29.828,37.784,25.886,MEDIUM,22.0,1.0,,,11.0,1,True,False,76.4,2.292,298.0,253.0,246.0,304.0
British,2023,STR,Aston Martin,22.0,93.431,29.888,37.713,25.83,MEDIUM,23.0,1.0,,,11.0,1,True,False,74.8,2.244,296.0,254.0,247.0,301.0
British,2023,STR,Aston Martin,23.0,93.114,29.763,37.631,25.72,MEDIUM,24.0,1.0,,,11.0,1,True,False,73.2,2.196,297.0,255.0,247.0,304.0
British,2023,STR,Aston Martin,24.0,93.391,29.89,37.686,25.815,MEDIUM,25.0,1.0,,,11.0,1,True,False,71.6,2.148,295.0,255.0,247.0,301.0
British,2023,STR,Aston Martin,25.0,94.28,29.885,37.653,26.742,MEDIUM,26.0,1.0,,,12.0,1,True,False,70.0,2.1,297.0,256.0,245.0,303.0
British,2023,STR,Aston Martin,26.0,93.557,29.741,37.957,25.859,MEDIUM,27.0,1.0,,,12.0,1,True,False,68.4,2.052,312.0,255.0,247.0,304.0
British,2023,STR,Aston Martin,27.0,93.237,29.839,37.701,25.697,MEDIUM,28.0,1.0,,,11.0,1,True,False,66.8,2.004,298.0,252.0,248.0,305.0
British,2023,STR,Aston Martin,28.0,93.26,29.666,37.797,25.797,MEDIUM,29.0,1.0,,,11.0,1,True,False,65.2,1.956,299.0,254.0,247.0,305.0
British,2023,STR,Aston Martin,29.0,93.702,29.929,38.039,25.734,MEDIUM,30.0,1.0,,,10.0,1,True,False,63.6,1.908,312.0,255.0,248.0,302.0
British,2023,STR,Aston Martin,30.0,94.014,30.059,38.192,25.763,MEDIUM,31.0,1.0,,,11.0,1,True,False,62.0,1.86,279.0,257.0,247.0,323.0
British,2023,STR,Aston Martin,31.0,92.933,29.911,37.913,25.109,MEDIUM,32.0,1.0,6639.308,,11.0,1,False,False,60.4,1.812,296.0,256.0,,303.0
British,2023,STR,Aston Martin,32.0,131.273,49.788,46.277,35.208,SOFT,4.0,2.0,,6667.917,14.0,126,False,False,58.8,1.764,308.0,237.0,120.0,255.0
British,2023,STR,Aston Martin,33.0,128.963,40.515,52.367,36.081,SOFT,5.0,2.0,,,12.0,64,False,False,57.2,1.716,125.0,238.0,155.0,187.0
British,2023,STR,Aston Martin,34.0,126.623,41.803,50.491,34.329,SOFT,6.0,2.0,,,12.0,4,False,False,55.6,1.668,217.0,235.0,239.0,203.0
British,2023,STR,Aston Martin,35.0,123.428,30.332,52.334,40.762,SOFT,7.0,2.0,,,12.0,4,False,False,54.0,1.62,269.0,140.0,63.0,114.0
British,2023,STR,Aston Martin,36.0,144.06,54.52,53.008,36.532,SOFT,8.0,2.0,,,12.0,4,False,False,52.4,1.572,214.0,94.0,243.0,261.0
British,2023,STR,Aston Martin,37.0,145.969,53.073,53.112,39.784,SOFT,9.0,2.0,,,12.0,4,False,False,50.8,1.524,101.0,134.0,88.0,222.0
British,2023,STR,Aston Martin,38.0,133.174,39.575,54.937,38.662,SOFT,10.0,2.0,,,12.0,41,False,False,49.2,1.476,131.0,185.0,249.0,192.0
British,2023,STR,Aston Martin,39.0,92.306,29.349,37.348,25.609,SOFT,11.0,2.0,,,11.0,1,True,False,47.6,1.428,301.0,260.0,249.0,318.0
British,2023,STR,Aston Martin,40.0,92.32,29.443,37.333,25.544,SOFT,12.0,2.0,,,11.0,1,True,False,46.0,1.38,295.0,259.0,248.0,302.0
British,2023,STR,Aston Martin,41.0,91.707,29.491,36.951,25.265,SOFT,13.0,2.0,,,11.0,1,True,False,44.4,1.332,305.0,261.0,249.0,314.0
British,2023,STR,Aston Martin,42.0,91.508,29.197,37.138,25.173,SOFT,14.0,2.0,,,11.0,1,True,False,42.8,1.284,309.0,258.0,249.0,333.0
British,2023,STR,Aston Martin,43.0,91.803,29.088,37.192,25.523,SOFT,15.0,2.0,,,11.0,1,True,False,41.2,1.236,320.0,261.0,244.0,329.0
British,2023,STR,Aston Martin,44.0,94.01,29.39,38.844,25.776,SOFT,16.0,2.0,,,12.0,1,True,False,39.6,1.188,319.0,257.0,247.0,332.0
British,2023,STR,Aston Martin,45.0,93.008,29.387,37.641,25.98,SOFT,17.0,2.0,,,11.0,1,True,False,38.0,1.14,319.0,263.0,243.0,329.0
British,2023,STR,Aston Martin,46.0,91.998,29.398,37.18,25.42,SOFT,18.0,2.0,,,11.0,1,True,False,36.4,1.092,300.0,260.0,247.0,307.0
British,2023,STR,Aston Martin,47.0,91.768,29.171,37.071,25.526,SOFT,19.0,2.0,,,11.0,1,True,False,34.8,1.044,302.0,258.0,248.0,304.0
British,2023,STR,Aston Martin,48.0,91.745,29.195,37.051,25.499,SOFT,20.0,2.0,,,11.0,1,True,False,33.2,0.996,303.0,259.0,247.0,308.0
British,2023,STR,Aston Martin,49.0,91.86,29.245,37.173,25.442,SOFT,21.0,2.0,,,11.0,1,True,False,31.6,0.948,300.0,259.0,250.0,303.0
British,2023,STR,Aston Martin,50.0,91.794,29.135,37.079,25.58,SOFT,22.0,2.0,,,11.0,1,True,False,30.0,0.9,305.0,257.0,247.0,308.0
British,2023,STR,Aston Martin,51.0,91.691,29.185,37.032,25.474,SOFT,23.0,2.0,,,11.0,1,True,False,28.4,0.852,303.0,258.0,250.0,306.0
British,2023,STR,Aston Martin,52.0,92.138,29.156,37.199,25.783,SOFT,24.0,2.0,,,11.0,1,True,False,26.8,0.804,304.0,258.0,248.0,308.0
British,2023,SAR,Williams,1.0,103.792,,40.544,26.95,MEDIUM,1.0,1.0,,,15.0,1,False,True,108.4,3.252,300.0,252.0,243.0,311.0
British,2023,SAR,Williams,2.0,96.266,30.851,39.046,26.369,MEDIUM,2.0,1.0,,,16.0,1,True,True,106.8,3.204,298.0,252.0,245.0,306.0
British,2023,SAR,Williams,3.0,94.577,29.712,39.014,25.851,MEDIUM,3.0,1.0,,,16.0,1,True,True,105.2,3.156,314.0,253.0,243.0,328.0
British,2023,SAR,Williams,4.0,94.332,29.681,38.655,25.996,MEDIUM,4.0,1.0,,,16.0,1,True,True,103.6,3.108,318.0,255.0,244.0,326.0
British,2023,SAR,Williams,5.0,94.842,29.529,39.276,26.037,MEDIUM,5.0,1.0,,,16.0,1,True,True,102.0,3.06,313.0,256.0,244.0,327.0
British,2023,SAR,Williams,6.0,94.356,29.765,38.805,25.786,MEDIUM,6.0,1.0,,,15.0,1,True,True,100.4,3.012,312.0,257.0,244.0,319.0
British,2023,SAR,Williams,7.0,94.581,29.881,38.415,26.285,MEDIUM,7.0,1.0,,,15.0,1,True,True,98.8,2.964,298.0,254.0,243.0,305.0
British,2023,SAR,Williams,8.0,94.108,29.809,38.279,26.02,MEDIUM,8.0,1.0,,,15.0,1,True,True,97.2,2.916,298.0,253.0,245.0,306.0
British,2023,SAR,Williams,9.0,93.94,29.604,38.27,26.066,MEDIUM,9.0,1.0,,,15.0,1,True,True,95.6,2.868,312.0,256.0,245.0,324.0
British,2023,SAR,Williams,10.0,94.31,29.699,38.34,26.271,MEDIUM,10.0,1.0,,,14.0,1,True,True,94.0,2.82,314.0,255.0,246.0,321.0
British,2023,SAR,Williams,11.0,93.925,29.523,38.37,26.032,MEDIUM,11.0,1.0,,,14.0,1,True,True,92.4,2.772,312.0,258.0,245.0,321.0
British,2023,SAR,Williams,12.0,94.239,29.847,38.385,26.007,MEDIUM,12.0,1.0,,,14.0,1,True,True,90.8,2.724,313.0,255.0,245.0,318.0
British,2023,SAR,Williams,13.0,94.329,29.778,38.356,26.195,MEDIUM,13.0,1.0,,,14.0,1,True,True,89.2,2.676,312.0,258.0,245.0,319.0
British,2023,SAR,Williams,14.0,93.683,29.967,37.861,25.855,MEDIUM,14.0,1.0,,,13.0,1,True,True,87.6,2.628,312.0,253.0,247.0,299.0
British,2023,SAR,Williams,15.0,94.123,30.102,38.121,25.9,MEDIUM,15.0,1.0,,,13.0,1,True,True,86.0,2.58,295.0,252.0,246.0,300.0
British,2023,SAR,Williams,16.0,93.771,30.013,37.979,25.779,MEDIUM,16.0,1.0,,,13.0,1,True,True,84.4,2.532,295.0,254.0,246.0,301.0
British,2023,SAR,Williams,17.0,93.728,30.086,37.916,25.726,MEDIUM,17.0,1.0,,,13.0,1,True,True,82.8,2.484,295.0,253.0,245.0,300.0
British,2023,SAR,Williams,18.0,93.465,29.973,37.749,25.743,MEDIUM,18.0,1.0,,,13.0,1,True,True,81.2,2.436,297.0,254.0,246.0,301.0
British,2023,SAR,Williams,19.0,93.573,30.056,37.845,25.672,MEDIUM,19.0,1.0,,,13.0,1,True,True,79.6,2.388,296.0,254.0,246.0,304.0
British,2023,SAR,Williams,20.0,93.387,29.896,37.88,25.611,MEDIUM,20.0,1.0,,,13.0,1,True,True,78.0,2.34,296.0,253.0,246.0,304.0
British,2023,SAR,Williams,21.0,93.458,29.974,37.751,25.733,MEDIUM,21.0,1.0,,,13.0,1,True,True,76.4,2.292,295.0,254.0,246.0,303.0
British,2023,SAR,Williams,22.0,93.479,29.976,37.66,25.843,MEDIUM,22.0,1.0,,,13.0,1,True,True,74.8,2.244,296.0,254.0,246.0,303.0
British,2023,SAR,Williams,23.0,93.212,29.864,37.639,25.709,MEDIUM,23.0,1.0,,,13.0,1,True,True,73.2,2.196,295.0,256.0,246.0,302.0
British,2023,SAR,Williams,24.0,93.502,29.929,37.734,25.839,MEDIUM,24.0,1.0,,,13.0,1,True,True,71.6,2.148,296.0,253.0,246.0,304.0
British,2023,SAR,Williams,25.0,93.508,29.95,37.905,25.653,MEDIUM,25.0,1.0,,,13.0,1,True,True,70.0,2.1,296.0,255.0,247.0,302.0
British,2023,SAR,Williams,26.0,93.553,29.921,37.949,25.683,MEDIUM,26.0,1.0,,,13.0,1,True,True,68.4,2.052,297.0,255.0,246.0,304.0
British,2023,SAR,Williams,27.0,93.731,29.98,38.125,25.626,MEDIUM,27.0,1.0,,,13.0,1,True,True,66.8,2.004,311.0,253.0,248.0,304.0
British,2023,SAR,Williams,28.0,93.49,29.964,37.906,25.62,MEDIUM,28.0,1.0,,,13.0,1,True,True,65.2,1.956,297.0,251.0,248.0,304.0
British,2023,SAR,Williams,29.0,92.723,29.946,37.62,25.157,MEDIUM,29.0,1.0,6457.014,,12.0,1,False,True,63.6,1.908,301.0,255.0,,308.0
British,2023,SAR,Williams,30.0,112.724,50.211,37.294,25.219,SOFT,1.0,2.0,,6485.857,16.0,1,False,True,62.0,1.86,296.0,258.0,250.0,300.0
British,2023,SAR,Williams,31.0,91.994,29.514,37.228,25.252,SOFT,2.0,2.0,,,16.0,1,True,True,60.4,1.812,295.0,257.0,249.0,306.0
British,2023,SAR,Williams,32.0,112.267,29.459,48.271,34.537,SOFT,3.0,2.0,,,15.0,126,False,True,58.8,1.764,299.0,234.0,155.0,239.0
British,2023,SAR,Williams,33.0,128.913,42.483,49.727,36.703,SOFT,4.0,2.0,,,13.0,64,False,True,57.2,1.716,210.0,215.0,163.0,227.0
British,2023,SAR,Williams,34.0,125.672,41.493,50.809,33.37,SOFT,5.0,2.0,,,13.0,4,False,True,55.6,1.668,212.0,180.0,215.0,183.0
British,2023,SAR,Williams,35.0,122.167,31.193,50.094,40.88,SOFT,6.0,2.0,,,13.0,4,False,True,54.0,1.62,234.0,155.0,65.0,106.0
British,2023,SAR,Williams,36.0,144.892,54.963,52.485,37.444,SOFT,7.0,2.0,,,13.0,4,False,True,52.4,1.572,211.0,97.0,234.0,243.0
British,2023,SAR,Williams,37.0,145.271,52.391,53.042,39.838,SOFT,8.0,2.0,,,13.0,4,False,True,50.8,1.524,98.0,127.0,90.0,276.0
British,2023,SAR,Williams,38.0,132.192,39.572,54.934,37.686,SOFT,9.0,2.0,,,13.0,41,False,True,49.2,1.476,201.0,132.0,251.0,196.0
British,2023,SAR,Williams,39.0,92.794,29.363,37.576,25.855,SOFT,10.0,2.0,,,13.0,1,True,True,47.6,1.428,308.0,260.0,248.0,313.0
British,2023,SAR,Williams,40.0,92.949,29.467,37.585,25.897,SOFT,11.0,2.0,,,13.0,1,True,True,46.0,1.38,301.0,259.0,249.0,312.0
British,2023,SAR,Williams,41.0,91.84,29.17,37.335,25.335,SOFT,12.0,2.0,,,13.0,1,True,True,44.4,1.332,320.0,263.0,250.0,332.0
British,2023,SAR,Williams,42.0,91.699,29.225,37.298,25.176,SOFT,13.0,2.0,,,13.0,1,True,True,42.8,1.284,318.0,262.0,250.0,332.0
British,2023,SAR,Williams,43.0,91.743,29.168,37.177,25.398,SOFT,14.0,2.0,,,13.0,1,True,True,41.2,1.236,322.0,259.0,249.0,316.0
British,2023,SAR,Williams,44.0,92.849,29.266,37.92,25.663,SOFT,15.0,2.0,,,13.0,1,True,True,39.6,1.188,322.0,256.0,248.0,331.0
British,2023,SAR,Williams,45.0,92.724,29.3,37.857,25.567,SOFT,16.0,2.0,,,12.0,1,True,True,38.0,1.14,325.0,261.0,247.0,328.0
British,2023,SAR,Williams,46.0,92.421,29.363,37.694,25.364,SOFT,17.0,2.0,,,12.0,1,True,True,36.4,1.092,321.0,262.0,247.0,327.0
British,2023,SAR,Williams,47.0,91.868,29.102,37.404,25.362,SOFT,18.0,2.0,,,12.0,1,True,True,34.8,1.044,318.0,263.0,246.0,325.0
British,2023,SAR,Williams,48.0,91.71,29.155,37.361,25.194,SOFT,19.0,2.0,,,12.0,1,True,True,33.2,0.996,318.0,262.0,247.0,325.0
British,2023,SAR,Williams,49.0,91.873,29.188,37.48,25.205,SOFT,20.0,2.0,,,12.0,1,True,True,31.6,0.948,319.0,262.0,249.0,326.0
British,2023,SAR,Williams,50.0,92.085,29.124,37.434,25.527,SOFT,21.0,2.0,,,12.0,1,True,True,30.0,0.9,318.0,258.0,248.0,307.0
British,2023,SAR,Williams,51.0,91.956,29.11,37.378,25.468,SOFT,22.0,2.0,,,12.0,1,True,True,28.4,0.852,304.0,257.0,249.0,312.0
British,2023,SAR,Williams,52.0,91.984,29.233,37.273,25.478,SOFT,23.0,2.0,,,12.0,1,True,True,26.8,0.804,304.0,260.0,249.0,313.0
British,2023,MAG,Haas F1 Team,1.0,105.771,,41.08,27.183,MEDIUM,1.0,1.0,,,20.0,1,False,True,108.4,3.252,302.0,249.0,243.0,300.0
British,2023,MAG,Haas F1 Team,2.0,96.337,30.278,39.301,26.758,MEDIUM,2.0,1.0,,,20.0,1,True,True,106.8,3.204,299.0,252.0,243.0,299.0
British,2023,MAG,Haas F1 Team,3.0,95.169,30.113,39.022,26.034,MEDIUM,3.0,1.0,,,20.0,1,True,True,105.2,3.156,313.0,254.0,243.0,322.0
British,2023,MAG,Haas F1 Team,4.0,94.731,29.835,38.779,26.117,MEDIUM,4.0,1.0,,,20.0,1,True,True,103.6,3.108,312.0,254.0,242.0,322.0
British,2023,MAG,Haas F1 Team,5.0,94.598,29.695,38.919,25.984,MEDIUM,5.0,1.0,,,20.0,1,True,True,102.0,3.06,311.0,253.0,243.0,318.0
British,2023,MAG,Haas F1 Team,6.0,94.933,29.869,38.891,26.173,MEDIUM,6.0,1.0,,,20.0,1,True,True,100.4,3.012,310.0,254.0,242.0,316.0
British,2023,MAG,Haas F1 Team,7.0,94.95,29.929,38.904,26.117,MEDIUM,7.0,1.0,,,20.0,1,True,True,98.8,2.964,311.0,253.0,243.0,319.0
British,2023,MAG,Haas F1 Team,8.0,94.427,29.836,38.749,25.842,MEDIUM,8.0,1.0,,,19.0,1,True,True,97.2,2.916,310.0,255.0,243.0,321.0
British,2023,MAG,Haas F1 Team,9.0,94.577,29.828,38.656,26.093,MEDIUM,9.0,1.0,,,19.0,1,True,True,95.6,2.868,309.0,252.0,243.0,319.0
British,2023,MAG,Haas F1 Team,10.0,94.715,29.787,38.759,26.169,MEDIUM,10.0,1.0,,,18.0,1,True,True,94.0,2.82,308.0,249.0,244.0,297.0
British,2023,MAG,Haas F1 Team,11.0,94.31,29.895,38.407,26.008,MEDIUM,11.0,1.0,,,18.0,1,True,True,92.4,2.772,292.0,252.0,243.0,299.0
British,2023,MAG,Haas F1 Team,12.0,94.544,30.109,38.295,26.14,MEDIUM,12.0,1.0,,,18.0,1,True,True,90.8,2.724,291.0,248.0,243.0,292.0
British,2023,MAG,Haas F1 Team,13.0,94.339,29.966,38.293,26.08,MEDIUM,13.0,1.0,,,18.0,1,True,True,89.2,2.676,289.0,251.0,244.0,291.0
British,2023,MAG,Haas F1 Team,14.0,95.024,30.236,38.717,26.071,MEDIUM,14.0,1.0,,,18.0,1,True,True,87.6,2.628,287.0,249.0,244.0,293.0
British,2023,MAG,Haas F1 Team,15.0,94.606,30.276,38.161,26.169,MEDIUM,15.0,1.0,,,17.0,1,True,True,86.0,2.58,288.0,251.0,244.0,293.0
British,2023,MAG,Haas F1 Team,16.0,94.559,30.197,38.218,26.144,MEDIUM,16.0,1.0,,,17.0,1,True,True,84.4,2.532,287.0,251.0,244.0,293.0
British,2023,MAG,Haas F1 Team,17.0,94.216,30.118,38.047,26.051,MEDIUM,17.0,1.0,,,17.0,1,True,True,82.8,2.484,288.0,251.0,244.0,291.0
British,2023,MAG,Haas F1 Team,18.0,93.795,30.077,37.825,25.893,MEDIUM,18.0,1.0,,,17.0,1,True,True,81.2,2.436,289.0,251.0,245.0,293.0
British,2023,MAG,Haas F1 Team,19.0,94.281,30.179,38.08,26.022,MEDIUM,19.0,1.0,,,17.0,1,True,True,79.6,2.388,287.0,250.0,244.0,294.0
British,2023,MAG,Haas F1 Team,20.0,93.935,30.084,37.955,25.896,MEDIUM,20.0,1.0,,,17.0,1,True,True,78.0,2.34,291.0,249.0,245.0,295.0
British,2023,MAG,Haas F1 Team,21.0,94.083,30.112,38.107,25.864,MEDIUM,21.0,1.0,,,17.0,1,True,True,76.4,2.292,290.0,250.0,245.0,295.0
British,2023,MAG,Haas F1 Team,22.0,93.997,30.035,38.079,25.883,MEDIUM,22.0,1.0,,,17.0,1,True,True,74.8,2.244,288.0,251.0,245.0,293.0
British,2023,MAG,Haas F1 Team,23.0,93.98,30.025,38.038,25.917,MEDIUM,23.0,1.0,,,17.0,1,True,True,73.2,2.196,288.0,249.0,245.0,293.0
British,2023,MAG,Haas F1 Team,24.0,93.891,30.085,37.93,25.876,MEDIUM,24.0,1.0,,,17.0,1,True,True,71.6,2.148,287.0,251.0,245.0,295.0
British,2023,MAG,Haas F1 Team,25.0,94.037,30.067,37.956,26.014,MEDIUM,25.0,1.0,,,16.0,1,True,True,70.0,2.1,287.0,250.0,245.0,293.0
British,2023,MAG,Haas F1 Team,26.0,94.119,30.072,38.238,25.809,MEDIUM,26.0,1.0,,,16.0,1,True,True,68.4,2.052,289.0,251.0,246.0,296.0
British,2023,MAG,Haas F1 Team,27.0,93.935,30.122,38.02,25.793,MEDIUM,27.0,1.0,,,16.0,1,True,True,66.8,2.004,290.0,252.0,246.0,297.0
British,2023,MAG,Haas F1 Team,28.0,93.76,30.077,37.988,25.695,MEDIUM,28.0,1.0,,,15.0,1,True,True,65.2,1.956,288.0,249.0,246.0,294.0
British,2023,MAG,Haas F1 Team,29.0,93.356,29.956,37.772,25.628,MEDIUM,29.0,1.0,,,15.0,1,True,True,63.6,1.908,289.0,252.0,247.0,295.0
British,2023,MAG,Haas F1 Team,30.0,93.466,30.04,37.797,25.629,MEDIUM,30.0,1.0,,,14.0,1,True,True,62.0,1.86,289.0,251.0,246.0,296.0
British,2023,MAG,Haas F1 Team,31.0,93.464,30.064,37.752,25.648,MEDIUM,31.0,1.0,,,14.0,1,True,True,60.4,1.812,288.0,253.0,246.0,295.0
British,2023,MAG,Haas F1 Team,32.0,,,,,MEDIUM,32.0,1.0,,,,1264,False,True,58.8,1.764,,,,
British,2023,DEV,AlphaTauri,1.0,104.444,,40.637,26.947,SOFT,1.0,1.0,,,17.0,1,False,True,108.4,3.252,272.0,251.0,245.0,300.0
British,2023,DEV,AlphaTauri,2.0,96.208,30.296,39.3,26.612,SOFT,2.0,1.0,,,17.0,1,True,True,106.8,3.204,299.0,253.0,242.0,303.0
British,2023,DEV,AlphaTauri,3.0,94.746,29.731,38.791,26.224,SOFT,3.0,1.0,,,17.0,1,True,True,105.2,3.156,316.0,255.0,235.0,330.0
British,2023,DEV,AlphaTauri,4.0,94.199,29.709,38.422,26.068,SOFT,4.0,1.0,,,17.0,1,True,True,103.6,3.108,316.0,254.0,243.0,325.0
British,2023,DEV,AlphaTauri,5.0,94.761,29.662,38.919,26.18,SOFT,5.0,1.0,,,17.0,1,True,True,102.0,3.06,317.0,256.0,243.0,323.0
British,2023,DEV,AlphaTauri,6.0,94.907,29.823,38.701,26.383,SOFT,6.0,1.0,,,17.0,1,True,True,100.4,3.012,314.0,254.0,243.0,317.0
British,2023,DEV,AlphaTauri,7.0,95.054,29.867,38.86,26.327,SOFT,7.0,1.0,,,17.0,1,True,True,98.8,2.964,313.0,255.0,243.0,318.0
British,2023,DEV,AlphaTauri,8.0,93.896,29.915,37.971,26.01,SOFT,8.0,1.0,,,16.0,1,True,True,97.2,2.916,294.0,253.0,244.0,301.0
British,2023,DEV,AlphaTauri,9.0,93.774,29.853,37.925,25.996,SOFT,9.0,1.0,,,16.0,1,True,True,95.6,2.868,298.0,252.0,244.0,305.0
British,2023,DEV,AlphaTauri,10.0,93.985,29.892,38.185,25.908,SOFT,10.0,1.0,,,15.0,1,True,True,94.0,2.82,299.0,251.0,244.0,304.0
British,2023,DEV,AlphaTauri,11.0,93.758,29.689,38.243,25.826,SOFT,11.0,1.0,,,15.0,1,True,True,92.4,2.772,314.0,255.0,244.0,320.0
British,2023,DEV,AlphaTauri,12.0,94.165,29.904,38.25,26.011,SOFT,12.0,1.0,,,15.0,1,True,True,90.8,2.724,312.0,254.0,245.0,320.0
British,2023,DEV,AlphaTauri,13.0,94.232,29.768,38.404,26.06,SOFT,13.0,1.0,,,15.0,1,True,True,89.2,2.676,312.0,256.0,244.0,317.0
British,2023,DEV,AlphaTauri,14.0,94.879,30.138,38.804,25.937,SOFT,14.0,1.0,,,15.0,1,True,True,87.6,2.628,313.0,253.0,245.0,323.0
British,2023,DEV,AlphaTauri,15.0,94.17,30.231,38.014,25.925,SOFT,15.0,1.0,,,14.0,1,True,True,86.0,2.58,294.0,252.0,245.0,298.0
British,2023,DEV,AlphaTauri,16.0,94.148,30.057,38.044,26.047,SOFT,16.0,1.0,,,14.0,1,True,True,84.4,2.532,293.0,252.0,245.0,301.0
British,2023,DEV,AlphaTauri,17.0,93.637,30.045,37.781,25.811,SOFT,17.0,1.0,,,14.0,1,True,True,82.8,2.484,293.0,253.0,245.0,302.0
British,2023,DEV,AlphaTauri,18.0,93.453,29.966,37.757,25.73,SOFT,18.0,1.0,,,14.0,1,True,True,81.2,2.436,293.0,253.0,245.0,300.0
British,2023,DEV,AlphaTauri,19.0,93.835,30.126,38.0,25.709,SOFT,19.0,1.0,,,14.0,1,True,True,79.6,2.388,292.0,253.0,246.0,301.0
British,2023,DEV,AlphaTauri,20.0,93.48,29.94,37.85,25.69,SOFT,20.0,1.0,,,14.0,1,True,True,78.0,2.34,294.0,252.0,246.0,299.0
British,2023,DEV,AlphaTauri,21.0,93.652,30.05,37.849,25.753,SOFT,21.0,1.0,,,14.0,1,True,True,76.4,2.292,293.0,253.0,246.0,300.0
British,2023,DEV,AlphaTauri,22.0,93.647,30.073,37.855,25.719,SOFT,22.0,1.0,,,14.0,1,True,True,74.8,2.244,292.0,253.0,246.0,299.0
British,2023,DEV,AlphaTauri,23.0,93.622,29.959,37.93,25.733,SOFT,23.0,1.0,,,14.0,1,True,True,73.2,2.196,291.0,253.0,246.0,299.0
British,2023,DEV,AlphaTauri,24.0,93.663,29.95,37.955,25.758,SOFT,24.0,1.0,,,14.0,1,True,True,71.6,2.148,293.0,253.0,246.0,300.0
British,2023,DEV,AlphaTauri,25.0,93.553,30.023,37.955,25.575,SOFT,25.0,1.0,,,14.0,1,True,True,70.0,2.1,293.0,254.0,246.0,302.0
British,2023,DEV,AlphaTauri,26.0,93.754,30.036,38.012,25.706,SOFT,26.0,1.0,,,14.0,1,True,True,68.4,2.052,293.0,252.0,247.0,300.0
British,2023,DEV,AlphaTauri,27.0,93.299,30.032,37.92,25.347,SOFT,27.0,1.0,6273.924,,14.0,1,False,True,66.8,2.004,296.0,251.0,,302.0
British,2023,DEV,AlphaTauri,28.0,113.094,50.011,37.651,25.432,MEDIUM,1.0,2.0,,6302.298,17.0,1,False,True,65.2,1.956,292.0,255.0,248.0,302.0
British,2023,DEV,AlphaTauri,29.0,92.499,29.586,37.541,25.372,MEDIUM,2.0,2.0,,,17.0,1,True,True,63.6,1.908,292.0,254.0,247.0,303.0
British,2023,DEV,AlphaTauri,30.0,92.564,29.705,37.467,25.392,MEDIUM,3.0,2.0,,,17.0,1,True,True,62.0,1.86,294.0,257.0,248.0,305.0
British,2023,DEV,AlphaTauri,31.0,92.829,29.797,37.519,25.513,MEDIUM,4.0,2.0,,,17.0,1,True,True,60.4,1.812,293.0,257.0,247.0,304.0
British,2023,DEV,AlphaTauri,32.0,110.128,29.727,48.657,31.744,MEDIUM,5.0,2.0,6775.071,,16.0,126,False,True,58.8,1.764,293.0,225.0,,194.0
British,2023,DEV,AlphaTauri,33.0,144.933,59.587,49.741,35.605,SOFT,1.0,3.0,,6803.477,17.0,64,False,True,57.2,1.716,158.0,158.0,197.0,255.0
British,2023,DEV,AlphaTauri,34.0,126.545,42.634,51.092,32.819,SOFT,2.0,3.0,,,16.0,4,False,True,55.6,1.668,126.0,168.0,229.0,219.0
British,2023,DEV,AlphaTauri,35.0,108.964,35.241,39.963,33.76,SOFT,3.0,3.0,,,16.0,4,False,True,54.0,1.62,216.0,234.0,76.0,278.0
British,2023,DEV,AlphaTauri,36.0,145.061,55.901,50.578,38.582,SOFT,4.0,3.0,,,17.0,4,False,True,52.4,1.572,192.0,79.0,211.0,246.0
British,2023,DEV,AlphaTauri,37.0,143.969,52.265,51.034,40.67,SOFT,5.0,3.0,,,16.0,4,False,True,50.8,1.524,173.0,104.0,93.0,259.0
British,2023,DEV,AlphaTauri,38.0,129.789,40.556,53.389,35.844,SOFT,6.0,3.0,,,16.0,41,False,True,49.2,1.476,278.0,161.0,252.0,216.0
British,2023,DEV,AlphaTauri,39.0,93.647,29.475,38.321,25.851,SOFT,7.0,3.0,,,17.0,1,True,True,47.6,1.428,308.0,259.0,248.0,308.0
British,2023,DEV,AlphaTauri,40.0,93.18,29.488,37.965,25.727,SOFT,8.0,3.0,,,17.0,1,True,True,46.0,1.38,297.0,257.0,247.0,310.0
British,2023,DEV,AlphaTauri,41.0,92.65,29.6,37.438,25.612,SOFT,9.0,3.0,,,17.0,1,True,True,44.4,1.332,305.0,263.0,248.0,334.0
British,2023,DEV,AlphaTauri,42.0,92.369,29.334,37.495,25.54,SOFT,10.0,3.0,,,17.0,1,True,True,42.8,1.284,321.0,261.0,249.0,333.0
British,2023,DEV,AlphaTauri,43.0,92.516,29.348,37.515,25.653,SOFT,11.0,3.0,,,17.0,1,True,True,41.2,1.236,320.0,259.0,248.0,329.0
British,2023,DEV,AlphaTauri,44.0,94.017,29.335,38.402,26.28,SOFT,12.0,3.0,,,18.0,1,True,True,39.6,1.188,317.0,255.0,247.0,308.0
British,2023,DEV,AlphaTauri,45.0,92.829,29.474,37.735,25.62,SOFT,13.0,3.0,,,18.0,1,True,True,38.0,1.14,318.0,259.0,248.0,326.0
British,2023,DEV,AlphaTauri,46.0,92.716,29.466,37.597,25.653,SOFT,14.0,3.0,,,17.0,1,True,True,36.4,1.092,301.0,260.0,246.0,309.0
British,2023,DEV,AlphaTauri,47.0,92.456,29.449,37.429,25.578,SOFT,15.0,3.0,,,17.0,1,True,True,34.8,1.044,304.0,258.0,246.0,310.0
British,2023,DEV,AlphaTauri,48.0,92.353,29.401,37.386,25.566,SOFT,16.0,3.0,,,17.0,1,True,True,33.2,0.996,302.0,259.0,247.0,304.0
British,2023,DEV,AlphaTauri,49.0,92.54,29.496,37.443,25.601,SOFT,17.0,3.0,,,17.0,1,True,True,31.6,0.948,303.0,258.0,248.0,309.0
British,2023,DEV,AlphaTauri,50.0,92.632,29.46,37.373,25.799,SOFT,18.0,3.0,,,17.0,1,True,True,30.0,0.9,303.0,258.0,246.0,305.0
British,2023,DEV,AlphaTauri,51.0,92.445,29.385,37.301,25.759,SOFT,19.0,3.0,,,17.0,1,True,True,28.4,0.852,302.0,259.0,247.0,305.0
British,2023,DEV,AlphaTauri,52.0,92.42,29.39,37.43,25.6,SOFT,20.0,3.0,,,17.0,1,True,True,26.8,0.804,303.0,260.0,247.0,309.0
British,2023,TSU,AlphaTauri,1.0,103.165,,40.49,26.535,SOFT,1.0,1.0,,,13.0,1,False,True,108.4,3.252,313.0,249.0,243.0,314.0
British,2023,TSU,AlphaTauri,2.0,95.252,30.105,38.657,26.49,SOFT,2.0,1.0,,,13.0,1,True,True,106.8,3.204,294.0,251.0,242.0,305.0
British,2023,TSU,AlphaTauri,3.0,94.229,29.768,38.439,26.022,SOFT,3.0,1.0,,,13.0,1,True,True,105.2,3.156,314.0,253.0,244.0,327.0
British,2023,TSU,AlphaTauri,4.0,94.362,29.726,38.515,26.121,SOFT,4.0,1.0,,,13.0,1,True,True,103.6,3.108,312.0,252.0,243.0,305.0
British,2023,TSU,AlphaTauri,5.0,94.457,29.859,38.422,26.176,SOFT,5.0,1.0,,,13.0,1,True,True,102.0,3.06,296.0,252.0,243.0,301.0
British,2023,TSU,AlphaTauri,6.0,95.373,29.99,38.34,27.043,SOFT,6.0,1.0,,,14.0,1,True,True,100.4,3.012,296.0,254.0,242.0,302.0
British,2023,TSU,AlphaTauri,7.0,94.571,29.982,38.33,26.259,SOFT,7.0,1.0,,,14.0,1,True,True,98.8,2.964,311.0,252.0,242.0,305.0
British,2023,TSU,AlphaTauri,8.0,94.486,30.116,38.235,26.135,SOFT,8.0,1.0,,,14.0,1,True,True,97.2,2.916,295.0,253.0,243.0,304.0
British,2023,TSU,AlphaTauri,9.0,94.235,30.041,37.934,26.26,SOFT,9.0,1.0,,,14.0,1,True,True,95.6,2.868,295.0,254.0,244.0,304.0
British,2023,TSU,AlphaTauri,10.0,94.173,29.987,37.939,26.247,SOFT,10.0,1.0,,,13.0,1,True,True,94.0,2.82,295.0,253.0,244.0,300.0
British,2023,TSU,AlphaTauri,11.0,94.085,29.919,37.914,26.252,SOFT,11.0,1.0,,,13.0,1,True,True,92.4,2.772,294.0,254.0,244.0,300.0
British,2023,TSU,AlphaTauri,12.0,94.237,30.064,37.865,26.308,SOFT,12.0,1.0,,,13.0,1,True,True,90.8,2.724,294.0,253.0,243.0,297.0
British,2023,TSU,AlphaTauri,13.0,94.433,30.153,38.017,26.263,SOFT,13.0,1.0,,,13.0,1,True,True,89.2,2.676,293.0,253.0,244.0,296.0
British,2023,TSU,AlphaTauri,14.0,94.769,30.642,38.861,25.266,SOFT,14.0,1.0,5054.879,,14.0,1,False,True,87.6,2.628,292.0,254.0,,315.0
British,2023,TSU,AlphaTauri,15.0,114.644,50.605,38.158,25.881,HARD,1.0,2.0,,5083.191,18.0,1,False,True,86.0,2.58,288.0,253.0,245.0,295.0
British,2023,TSU,AlphaTauri,16.0,93.058,29.735,37.674,25.649,HARD,2.0,2.0,,,18.0,1,True,True,84.4,2.532,290.0,254.0,246.0,299.0
British,2023,TSU,AlphaTauri,17.0,92.952,29.751,37.423,25.778,HARD,3.0,2.0,,,18.0,1,True,True,82.8,2.484,290.0,254.0,245.0,298.0
British,2023,TSU,AlphaTauri,18.0,93.094,29.777,37.417,25.9,HARD,4.0,2.0,,,18.0,1,True,True,81.2,2.436,289.0,253.0,245.0,298.0
British,2023,TSU,AlphaTauri,19.0,93.424,29.926,37.63,25.868,HARD,5.0,2.0,,,18.0,1,True,True,79.6,2.388,292.0,254.0,246.0,301.0
British,2023,TSU,AlphaTauri,20.0,93.281,29.873,37.591,25.817,HARD,6.0,2.0,,,18.0,1,True,True,78.0,2.34,291.0,253.0,246.0,300.0
British,2023,TSU,AlphaTauri,21.0,93.189,29.891,37.549,25.749,HARD,7.0,2.0,,,18.0,1,True,True,76.4,2.292,290.0,253.0,246.0,300.0
British,2023,TSU,AlphaTauri,22.0,93.004,29.825,37.52,25.659,HARD,8.0,2.0,,,18.0,1,True,True,74.8,2.244,290.0,253.0,246.0,300.0
British,2023,TSU,AlphaTauri,23.0,93.098,29.835,37.476,25.787,HARD,9.0,2.0,,,18.0,1,True,True,73.2,2.196,291.0,255.0,246.0,301.0
British,2023,TSU,AlphaTauri,24.0,93.205,29.931,37.591,25.683,HARD,10.0,2.0,,,18.0,1,True,True,71.6,2.148,288.0,254.0,246.0,303.0
British,2023,TSU,AlphaTauri,25.0,93.224,29.895,37.664,25.665,HARD,11.0,2.0,,,17.0,1,True,True,70.0,2.1,290.0,256.0,247.0,301.0
British,2023,TSU,AlphaTauri,26.0,93.319,29.958,37.671,25.69,HARD,12.0,2.0,,,17.0,1,True,True,68.4,2.052,291.0,253.0,247.0,302.0
British,2023,TSU,AlphaTauri,27.0,93.418,29.986,37.807,25.625,HARD,13.0,2.0,,,17.0,1,True,True,66.8,2.004,290.0,254.0,247.0,302.0
British,2023,TSU,AlphaTauri,28.0,93.275,29.88,37.676,25.719,HARD,14.0,2.0,,,16.0,1,True,True,65.2,1.956,294.0,253.0,247.0,304.0
British,2023,TSU,AlphaTauri,29.0,93.118,29.929,37.597,25.592,HARD,15.0,2.0,,,16.0,1,True,True,63.6,1.908,292.0,255.0,247.0,304.0
British,2023,TSU,AlphaTauri,30.0,93.211,29.94,37.599,25.672,HARD,16.0,2.0,,,15.0,1,True,True,62.0,1.86,292.0,256.0,247.0,305.0
British,2023,TSU,AlphaTauri,31.0,93.279,30.026,37.617,25.636,HARD,17.0,2.0,,,15.0,1,True,True,60.4,1.812,291.0,255.0,247.0,306.0
British,2023,TSU,AlphaTauri,32.0,107.079,29.993,47.773,29.313,HARD,18.0,2.0,6767.743,,13.0,126,False,True,58.8,1.764,295.0,226.0,,245.0
British,2023,TSU,AlphaTauri,33.0,145.863,62.61,48.455,34.798,SOFT,1.0,3.0,,6796.352,16.0,64,False,True,57.2,1.716,191.0,203.0,181.0,131.0
British,2023,TSU,AlphaTauri,34.0,127.037,42.901,50.853,33.283,SOFT,2.0,3.0,,,15.0,4,False,True,55.6,1.668,146.0,167.0,170.0,144.0
British,2023,TSU,AlphaTauri,35.0,114.219,36.295,42.248,35.676,SOFT,3.0,3.0,,,15.0,4,False,True,54.0,1.62,218.0,242.0,83.0,276.0
British,2023,TSU,AlphaTauri,36.0,144.84,54.813,51.034,38.993,SOFT,4.0,3.0,,,16.0,4,False,True,52.4,1.572,186.0,90.0,212.0,242.0
British,2023,TSU,AlphaTauri,37.0,143.518,51.597,51.999,39.922,SOFT,5.0,3.0,,,15.0,4,False,True,50.8,1.524,121.0,107.0,93.0,265.0
British,2023,TSU,AlphaTauri,38.0,130.75,40.578,53.593,36.579,SOFT,6.0,3.0,,,15.0,41,False,True,49.2,1.476,277.0,177.0,253.0,211.0
British,2023,TSU,AlphaTauri,39.0,92.882,29.28,37.783,25.819,SOFT,7.0,3.0,,,15.0,1,True,True,47.6,1.428,311.0,259.0,247.0,310.0
British,2023,TSU,AlphaTauri,40.0,92.932,29.48,37.484,25.968,SOFT,8.0,3.0,,,15.0,1,True,True,46.0,1.38,299.0,259.0,249.0,313.0
British,2023,TSU,AlphaTauri,41.0,93.321,29.282,38.52,25.519,SOFT,9.0,3.0,,,16.0,1,True,True,44.4,1.332,323.0,260.0,248.0,330.0
British,2023,TSU,AlphaTauri,42.0,92.306,29.231,37.401,25.674,SOFT,10.0,3.0,,,16.0,1,True,True,42.8,1.284,320.0,257.0,248.0,330.0
British,2023,TSU,AlphaTauri,43.0,92.572,29.334,37.382,25.856,SOFT,11.0,3.0,,,16.0,1,True,True,41.2,1.236,319.0,255.0,248.0,311.0
British,2023,TSU,AlphaTauri,44.0,92.534,29.467,37.416,25.651,SOFT,12.0,3.0,,,16.0,1,True,True,39.6,1.188,300.0,257.0,247.0,311.0
British,2023,TSU,AlphaTauri,45.0,92.494,29.489,37.37,25.635,SOFT,13.0,3.0,,,16.0,1,True,True,38.0,1.14,304.0,260.0,247.0,310.0
British,2023,TSU,AlphaTauri,46.0,92.535,29.434,37.544,25.557,SOFT,14.0,3.0,,,15.0,1,True,True,36.4,1.092,304.0,259.0,248.0,311.0
British,2023,TSU,AlphaTauri,47.0,92.291,29.342,37.384,25.565,SOFT,15.0,3.0,,,15.0,1,True,True,34.8,1.044,305.0,256.0,247.0,311.0
British,2023,TSU,AlphaTauri,48.0,92.084,29.292,37.265,25.527,SOFT,16.0,3.0,,,15.0,1,True,True,33.2,0.996,303.0,257.0,247.0,309.0
British,2023,TSU,AlphaTauri,49.0,92.504,29.451,37.416,25.637,SOFT,17.0,3.0,,,15.0,1,True,True,31.6,0.948,301.0,256.0,248.0,308.0
British,2023,TSU,AlphaTauri,50.0,92.79,29.394,37.382,26.014,SOFT,18.0,3.0,,,15.0,1,True,True,30.0,0.9,301.0,258.0,247.0,309.0
British,2023,TSU,AlphaTauri,51.0,93.212,29.404,37.22,26.588,SOFT,19.0,3.0,,,16.0,1,True,True,28.4,0.852,298.0,259.0,246.0,307.0
British,2023,TSU,AlphaTauri,52.0,92.78,29.493,37.679,25.608,SOFT,20.0,3.0,,,16.0,1,True,True,26.8,0.804,317.0,258.0,248.0,310.0
British,2023,ALB,Williams,1.0,101.364,,39.814,26.347,MEDIUM,1.0,1.0,,,10.0,1,False,True,108.4,3.252,301.0,252.0,245.0,308.0
British,2023,ALB,Williams,2.0,95.004,29.913,38.718,26.373,MEDIUM,2.0,1.0,,,10.0,1,True,True,106.8,3.204,300.0,254.0,246.0,304.0
British,2023,ALB,Williams,3.0,93.809,29.457,38.587,25.765,MEDIUM,3.0,1.0,,,10.0,1,True,True,105.2,3.156,316.0,255.0,245.0,322.0
British,2023,ALB,Williams,4.0,93.866,29.454,38.504,25.908,MEDIUM,4.0,1.0,,,10.0,1,True,True,103.6,3.108,314.0,252.0,247.0,306.0
British,2023,ALB,Williams,5.0,93.86,29.557,38.255,26.048,MEDIUM,5.0,1.0,,,10.0,1,True,True,102.0,3.06,299.0,252.0,247.0,300.0
British,2023,ALB,Williams,6.0,94.21,29.811,38.423,25.976,MEDIUM,6.0,1.0,,,10.0,1,True,True,100.4,3.012,299.0,251.0,246.0,299.0
British,2023,ALB,Williams,7.0,94.099,29.761,38.409,25.929,MEDIUM,7.0,1.0,,,10.0,1,True,True,98.8,2.964,300.0,252.0,246.0,304.0
British,2023,ALB,Williams,8.0,93.922,29.719,38.246,25.957,MEDIUM,8.0,1.0,,,10.0,1,True,True,97.2,2.916,299.0,254.0,245.0,306.0
British,2023,ALB,Williams,9.0,93.731,29.718,38.119,25.894,MEDIUM,9.0,1.0,,,10.0,1,True,True,95.6,2.868,300.0,253.0,246.0,307.0
British,2023,ALB,Williams,10.0,94.045,29.78,38.276,25.989,MEDIUM,10.0,1.0,,,10.0,1,True,True,94.0,2.82,297.0,252.0,246.0,301.0
British,2023,ALB,Williams,11.0,93.842,29.669,38.304,25.869,MEDIUM,11.0,1.0,,,10.0,1,True,True,92.4,2.772,297.0,254.0,246.0,302.0
British,2023,ALB,Williams,12.0,93.857,29.763,38.231,25.863,MEDIUM,12.0,1.0,,,10.0,1,True,True,90.8,2.724,300.0,252.0,247.0,301.0
British,2023,ALB,Williams,13.0,93.751,29.879,37.98,25.892,MEDIUM,13.0,1.0,,,10.0,1,True,True,89.2,2.676,296.0,254.0,247.0,296.0
British,2023,ALB,Williams,14.0,93.951,30.042,38.047,25.862,MEDIUM,14.0,1.0,,,10.0,1,True,True,87.6,2.628,295.0,255.0,247.0,300.0
British,2023,ALB,Williams,15.0,93.786,29.977,38.032,25.777,MEDIUM,15.0,1.0,,,10.0,1,True,True,86.0,2.58,295.0,253.0,247.0,302.0
British,2023,ALB,Williams,16.0,94.343,29.955,38.002,26.386,MEDIUM,16.0,1.0,,,11.0,1,True,True,84.4,2.532,294.0,255.0,246.0,301.0
British,2023,ALB,Williams,17.0,93.707,29.806,38.244,25.657,MEDIUM,17.0,1.0,,,11.0,1,True,True,82.8,2.484,313.0,257.0,246.0,321.0
British,2023,ALB,Williams,18.0,93.615,29.894,37.859,25.862,MEDIUM,18.0,1.0,,,11.0,1,True,True,81.2,2.436,295.0,254.0,247.0,298.0
British,2023,ALB,Williams,19.0,93.654,29.949,37.951,25.754,MEDIUM,19.0,1.0,,,10.0,1,True,True,79.6,2.388,297.0,254.0,248.0,304.0
British,2023,ALB,Williams,20.0,93.44,29.933,37.883,25.624,MEDIUM,20.0,1.0,,,10.0,1,True,True,78.0,2.34,295.0,254.0,248.0,301.0
British,2023,ALB,Williams,21.0,93.195,29.808,37.695,25.692,MEDIUM,21.0,1.0,,,10.0,1,True,True,76.4,2.292,296.0,254.0,248.0,303.0
British,2023,ALB,Williams,22.0,93.021,29.746,37.759,25.516,MEDIUM,22.0,1.0,,,10.0,1,True,True,74.8,2.244,295.0,255.0,249.0,301.0
British,2023,ALB,Williams,23.0,93.117,29.874,37.731,25.512,MEDIUM,23.0,1.0,,,10.0,1,True,True,73.2,2.196,295.0,255.0,248.0,304.0
British,2023,ALB,Williams,24.0,93.163,29.825,37.69,25.648,MEDIUM,24.0,1.0,,,10.0,1,True,True,71.6,2.148,297.0,256.0,248.0,305.0
British,2023,ALB,Williams,25.0,93.374,29.88,37.866,25.628,MEDIUM,25.0,1.0,,,10.0,1,True,True,70.0,2.1,296.0,256.0,248.0,302.0
British,2023,ALB,Williams,26.0,93.175,29.829,37.818,25.528,MEDIUM,26.0,1.0,,,10.0,1,True,True,68.4,2.052,295.0,255.0,249.0,301.0
British,2023,ALB,Williams,27.0,93.126,29.871,37.863,25.392,MEDIUM,27.0,1.0,,,9.0,1,True,True,66.8,2.004,294.0,254.0,249.0,301.0
British,2023,ALB,Williams,28.0,93.084,29.824,37.728,25.532,MEDIUM,28.0,1.0,,,9.0,1,True,True,65.2,1.956,295.0,254.0,249.0,303.0
British,2023,ALB,Williams,29.0,92.869,29.729,37.652,25.488,MEDIUM,29.0,1.0,,,7.0,1,True,True,63.6,1.908,296.0,255.0,250.0,303.0
British,2023,ALB,Williams,30.0,92.882,29.769,37.638,25.475,MEDIUM,30.0,1.0,,,7.0,1,True,True,62.0,1.86,298.0,256.0,250.0,304.0
British,2023,ALB,Williams,31.0,92.816,29.701,37.604,25.511,MEDIUM,31.0,1.0,,,7.0,1,True,True,60.4,1.812,295.0,256.0,249.0,306.0
British,2023,ALB,Williams,32.0,96.773,29.648,37.319,29.806,MEDIUM,32.0,1.0,6729.478,,6.0,126,False,True,58.8,1.764,298.0,257.0,,306.0
British,2023,ALB,Williams,33.0,146.603,62.863,48.74,35.0,SOFT,5.0,2.0,,6759.118,9.0,64,False,False,57.2,1.716,178.0,187.0,111.0,227.0
British,2023,ALB,Williams,34.0,126.403,43.824,49.309,33.27,SOFT,6.0,2.0,,,9.0,4,False,False,55.6,1.668,179.0,239.0,211.0,260.0
British,2023,ALB,Williams,35.0,142.565,45.648,57.27,39.647,SOFT,7.0,2.0,,,9.0,4,False,False,54.0,1.62,196.0,179.0,104.0,97.0
British,2023,ALB,Williams,36.0,145.067,53.664,55.317,36.086,SOFT,8.0,2.0,,,9.0,4,False,False,52.4,1.572,213.0,116.0,220.0,269.0
British,2023,ALB,Williams,37.0,145.628,52.55,53.562,39.516,SOFT,9.0,2.0,,,9.0,4,False,False,50.8,1.524,125.0,152.0,100.0,266.0
British,2023,ALB,Williams,38.0,135.556,40.54,55.375,39.641,SOFT,10.0,2.0,,,9.0,41,False,False,49.2,1.476,110.0,132.0,253.0,156.0
British,2023,ALB,Williams,39.0,92.63,29.343,37.709,25.578,SOFT,11.0,2.0,,,9.0,1,True,False,47.6,1.428,308.0,261.0,251.0,309.0
British,2023,ALB,Williams,40.0,92.176,29.371,37.497,25.308,SOFT,12.0,2.0,,,9.0,1,True,False,46.0,1.38,299.0,257.0,251.0,312.0
British,2023,ALB,Williams,41.0,91.273,28.927,37.203,25.143,SOFT,13.0,2.0,,,9.0,1,True,False,44.4,1.332,320.0,263.0,251.0,330.0
British,2023,ALB,Williams,42.0,91.879,29.143,37.517,25.219,SOFT,14.0,2.0,,,9.0,1,True,False,42.8,1.284,315.0,262.0,251.0,326.0
British,2023,ALB,Williams,43.0,91.752,29.156,37.14,25.456,SOFT,15.0,2.0,,,9.0,1,True,False,41.2,1.236,322.0,261.0,248.0,327.0
British,2023,ALB,Williams,44.0,92.057,29.31,37.538,25.209,SOFT,16.0,2.0,,,8.0,1,True,False,39.6,1.188,319.0,261.0,249.0,323.0
British,2023,ALB,Williams,45.0,92.146,29.212,37.429,25.505,SOFT,17.0,2.0,,,8.0,1,True,False,38.0,1.14,320.0,261.0,249.0,305.0
British,2023,ALB,Williams,46.0,92.116,29.173,37.411,25.532,SOFT,18.0,2.0,,,8.0,1,True,False,36.4,1.092,302.0,258.0,248.0,304.0
British,2023,ALB,Williams,47.0,91.537,29.255,37.196,25.086,SOFT,19.0,2.0,,,8.0,1,True,False,34.8,1.044,306.0,263.0,250.0,327.0
British,2023,ALB,Williams,48.0,91.466,29.15,37.18,25.136,SOFT,20.0,2.0,,,8.0,1,True,False,33.2,0.996,319.0,261.0,248.0,324.0
British,2023,ALB,Williams,49.0,91.912,29.166,37.36,25.386,SOFT,21.0,2.0,,,8.0,1,True,False,31.6,0.948,317.0,262.0,248.0,321.0
British,2023,ALB,Williams,50.0,91.86,29.086,37.286,25.488,SOFT,22.0,2.0,,,8.0,1,True,False,30.0,0.9,321.0,261.0,247.0,324.0
British,2023,ALB,Williams,51.0,91.93,29.076,37.346,25.508,SOFT,23.0,2.0,,,8.0,1,True,False,28.4,0.852,319.0,260.0,249.0,322.0
British,2023,ALB,Williams,52.0,91.809,29.267,37.139,25.403,SOFT,24.0,2.0,,,8.0,1,True,False,26.8,0.804,320.0,262.0,248.0,325.0
British,2023,ZHO,Alfa Romeo,1.0,105.239,,40.598,27.092,MEDIUM,1.0,1.0,,,19.0,1,False,True,108.4,3.252,289.0,252.0,246.0,304.0
British,2023,ZHO,Alfa Romeo,2.0,95.912,30.211,38.929,26.772,MEDIUM,2.0,1.0,,,18.0,1,True,True,106.8,3.204,300.0,254.0,244.0,302.0
British,2023,ZHO,Alfa Romeo,3.0,94.679,29.842,38.599,26.238,MEDIUM,3.0,1.0,,,18.0,1,True,True,105.2,3.156,308.0,258.0,242.0,325.0
British,2023,ZHO,Alfa Romeo,4.0,94.408,29.775,38.606,26.027,MEDIUM,4.0,1.0,,,18.0,1,True,True,103.6,3.108,308.0,254.0,245.0,319.0
British,2023,ZHO,Alfa Romeo,5.0,94.736,29.721,38.864,26.151,MEDIUM,5.0,1.0,,,18.0,1,True,True,102.0,3.06,310.0,256.0,245.0,319.0
British,2023,ZHO,Alfa Romeo,6.0,94.807,29.792,38.711,26.304,MEDIUM,6.0,1.0,,,18.0,1,True,True,100.4,3.012,306.0,256.0,245.0,317.0
British,2023,ZHO,Alfa Romeo,7.0,94.995,29.964,38.712,26.319,MEDIUM,7.0,1.0,,,18.0,1,True,True,98.8,2.964,307.0,256.0,246.0,317.0
British,2023,ZHO,Alfa Romeo,8.0,94.267,29.806,38.437,26.024,MEDIUM,8.0,1.0,,,17.0,1,True,True,97.2,2.916,303.0,257.0,246.0,313.0
British,2023,ZHO,Alfa Romeo,9.0,94.044,29.7,38.284,26.06,MEDIUM,9.0,1.0,,,17.0,1,True,True,95.6,2.868,303.0,255.0,245.0,317.0
British,2023,ZHO,Alfa Romeo,10.0,94.392,30.004,38.212,26.176,MEDIUM,10.0,1.0,,,16.0,1,True,True,94.0,2.82,287.0,253.0,245.0,296.0
British,2023,ZHO,Alfa Romeo,11.0,94.221,29.912,38.26,26.049,MEDIUM,11.0,1.0,,,16.0,1,True,True,92.4,2.772,287.0,254.0,245.0,300.0
British,2023,ZHO,Alfa Romeo,12.0,94.235,30.029,38.168,26.038,MEDIUM,12.0,1.0,,,16.0,1,True,True,90.8,2.724,288.0,252.0,245.0,294.0
British,2023,ZHO,Alfa Romeo,13.0,94.13,30.012,38.024,26.094,MEDIUM,13.0,1.0,,,16.0,1,True,True,89.2,2.676,286.0,253.0,245.0,295.0
British,2023,ZHO,Alfa Romeo,14.0,94.418,30.326,38.12,25.972,MEDIUM,14.0,1.0,,,16.0,1,True,True,87.6,2.628,285.0,253.0,246.0,297.0
British,2023,ZHO,Alfa Romeo,15.0,94.677,30.337,38.261,26.079,MEDIUM,15.0,1.0,,,15.0,1,True,True,86.0,2.58,283.0,253.0,246.0,294.0
British,2023,ZHO,Alfa Romeo,16.0,94.263,30.129,38.017,26.117,MEDIUM,16.0,1.0,,,15.0,1,True,True,84.4,2.532,282.0,254.0,246.0,293.0
British,2023,ZHO,Alfa Romeo,17.0,94.027,30.276,37.834,25.917,MEDIUM,17.0,1.0,,,15.0,1,True,True,82.8,2.484,282.0,254.0,246.0,291.0
British,2023,ZHO,Alfa Romeo,18.0,93.861,30.122,37.77,25.969,MEDIUM,18.0,1.0,,,15.0,1,True,True,81.2,2.436,283.0,253.0,246.0,291.0
British,2023,ZHO,Alfa Romeo,19.0,93.907,30.185,37.862,25.86,MEDIUM,19.0,1.0,,,15.0,1,True,True,79.6,2.388,282.0,253.0,247.0,293.0
British,2023,ZHO,Alfa Romeo,20.0,93.726,30.063,37.732,25.931,MEDIUM,20.0,1.0,,,15.0,1,True,True,78.0,2.34,283.0,252.0,245.0,292.0
British,2023,ZHO,Alfa Romeo,21.0,93.56,30.122,37.645,25.793,MEDIUM,21.0,1.0,,,15.0,1,True,True,76.4,2.292,283.0,254.0,246.0,294.0
British,2023,ZHO,Alfa Romeo,22.0,93.679,30.106,37.717,25.856,MEDIUM,22.0,1.0,,,15.0,1,True,True,74.8,2.244,283.0,253.0,247.0,292.0
British,2023,ZHO,Alfa Romeo,23.0,93.642,30.082,37.711,25.849,MEDIUM,23.0,1.0,,,15.0,1,True,True,73.2,2.196,284.0,253.0,245.0,295.0
British,2023,ZHO,Alfa Romeo,24.0,93.17,30.125,37.64,25.405,MEDIUM,24.0,1.0,5996.003,,15.0,1,False,True,71.6,2.148,284.0,253.0,,296.0
British,2023,ZHO,Alfa Romeo,25.0,115.24,51.925,37.845,25.47,HARD,1.0,2.0,,6025.174,18.0,1,False,True,70.0,2.1,288.0,255.0,247.0,296.0
British,2023,ZHO,Alfa Romeo,26.0,92.524,29.595,37.38,25.549,HARD,2.0,2.0,,,18.0,1,True,True,68.4,2.052,284.0,253.0,247.0,294.0
British,2023,ZHO,Alfa Romeo,27.0,92.912,29.81,37.477,25.625,HARD,3.0,2.0,,,18.0,1,True,True,66.8,2.004,281.0,254.0,247.0,291.0
British,2023,ZHO,Alfa Romeo,28.0,92.999,29.871,37.467,25.661,HARD,4.0,2.0,,,18.0,1,True,True,65.2,1.956,283.0,255.0,248.0,293.0
British,2023,ZHO,Alfa Romeo,29.0,92.812,29.774,37.465,25.573,HARD,5.0,2.0,,,18.0,1,True,True,63.6,1.908,283.0,255.0,248.0,293.0
British,2023,ZHO,Alfa Romeo,30.0,93.006,29.912,37.316,25.778,HARD,6.0,2.0,,,18.0,1,True,True,62.0,1.86,282.0,256.0,248.0,293.0
British,2023,ZHO,Alfa Romeo,31.0,93.073,29.899,37.509,25.665,HARD,7.0,2.0,,,18.0,1,True,True,60.4,1.812,282.0,257.0,248.0,294.0
British,2023,ZHO,Alfa Romeo,32.0,115.002,29.928,49.268,35.806,HARD,8.0,2.0,,,17.0,126,False,True,58.8,1.764,283.0,173.0,187.0,225.0
British,2023,ZHO,Alfa Romeo,33.0,124.102,44.303,48.761,31.038,HARD,9.0,2.0,6907.647,,15.0,64,False,True,57.2,1.716,155.0,203.0,,191.0
British,2023,ZHO,Alfa Romeo,34.0,142.914,58.448,51.755,32.711,SOFT,1.0,3.0,,6936.349,17.0,4,False,True,55.6,1.668,192.0,201.0,232.0,251.0
British,2023,ZHO,Alfa Romeo,35.0,107.368,34.157,42.243,30.968,SOFT,2.0,3.0,,,17.0,4,False,True,54.0,1.62,227.0,246.0,85.0,285.0
British,2023,ZHO,Alfa Romeo,36.0,140.527,55.172,50.023,35.332,SOFT,3.0,3.0,7298.499,,15.0,4,False,True,52.4,1.572,180.0,105.0,,241.0
British,2023,ZHO,Alfa Romeo,37.0,148.721,60.292,47.909,40.52,SOFT,4.0,4.0,,7332.858,18.0,4,False,False,50.8,1.524,213.0,155.0,110.0,253.0
British,2023,ZHO,Alfa Romeo,38.0,127.914,40.249,53.248,34.417,SOFT,5.0,4.0,,,18.0,41,False,False,49.2,1.476,259.0,139.0,250.0,217.0
British,2023,ZHO,Alfa Romeo,39.0,93.188,29.2,38.147,25.841,SOFT,6.0,4.0,,,18.0,1,True,False,47.6,1.428,306.0,261.0,250.0,315.0
British,2023,ZHO,Alfa Romeo,40.0,93.31,29.221,38.255,25.834,SOFT,7.0,4.0,,,18.0,1,True,False,46.0,1.38,305.0,260.0,249.0,298.0
British,2023,ZHO,Alfa Romeo,41.0,92.655,29.339,37.653,25.663,SOFT,8.0,4.0,,,18.0,1,True,False,44.4,1.332,313.0,261.0,247.0,323.0
British,2023,ZHO,Alfa Romeo,42.0,92.243,29.299,37.482,25.462,SOFT,9.0,4.0,,,18.0,1,True,False,42.8,1.284,314.0,263.0,250.0,324.0
British,2023,ZHO,Alfa Romeo,43.0,92.645,29.298,37.603,25.744,SOFT,10.0,4.0,,,18.0,1,True,False,41.2,1.236,315.0,264.0,249.0,324.0
British,2023,ZHO,Alfa Romeo,44.0,92.789,29.443,38.134,25.212,SOFT,11.0,4.0,,,17.0,1,True,False,39.6,1.188,310.0,261.0,248.0,330.0
British,2023,ZHO,Alfa Romeo,45.0,92.502,29.558,37.307,25.637,SOFT,12.0,4.0,,,17.0,1,True,False,38.0,1.14,291.0,260.0,249.0,298.0
British,2023,ZHO,Alfa Romeo,46.0,92.329,29.533,37.221,25.575,SOFT,13.0,4.0,,,16.0,1,True,False,36.4,1.092,286.0,260.0,248.0,297.0
British,2023,ZHO,Alfa Romeo,47.0,91.957,29.433,37.007,25.517,SOFT,14.0,4.0,,,16.0,1,True,False,34.8,1.044,290.0,258.0,249.0,300.0
British,2023,ZHO,Alfa Romeo,48.0,91.769,29.139,37.142,25.488,SOFT,15.0,4.0,,,16.0,1,True,False,33.2,0.996,306.0,263.0,248.0,317.0
British,2023,ZHO,Alfa Romeo,49.0,92.599,29.3,37.442,25.857,SOFT,16.0,4.0,,,16.0,1,True,False,31.6,0.948,307.0,261.0,248.0,318.0
British,2023,ZHO,Alfa Romeo,50.0,92.459,29.194,37.294,25.971,SOFT,17.0,4.0,,,16.0,1,True,False,30.0,0.9,309.0,261.0,246.0,331.0
British,2023,ZHO,Alfa Romeo,51.0,92.09,29.285,37.357,25.448,SOFT,18.0,4.0,,,15.0,1,True,False,28.4,0.852,309.0,263.0,248.0,326.0
British,2023,ZHO,Alfa Romeo,52.0,92.114,29.536,37.162,25.416,SOFT,19.0,4.0,,,15.0,1,True,False,26.8,0.804,287.0,260.0,248.0,297.0
British,2023,HUL,Haas F1 Team,1.0,103.503,,40.665,27.066,HARD,1.0,1.0,,,14.0,1,False,True,108.4,3.252,304.0,250.0,242.0,302.0
British,2023,HUL,Haas F1 Team,2.0,95.277,30.229,38.722,26.326,HARD,2.0,1.0,,,14.0,1,True,True,106.8,3.204,291.0,251.0,243.0,298.0
British,2023,HUL,Haas F1 Team,3.0,94.53,30.017,38.446,26.067,HARD,3.0,1.0,,,14.0,1,True,True,105.2,3.156,311.0,256.0,243.0,323.0
British,2023,HUL,Haas F1 Team,4.0,94.354,29.856,38.495,26.003,HARD,4.0,1.0,,,14.0,1,True,True,103.6,3.108,306.0,254.0,244.0,315.0
British,2023,HUL,Haas F1 Team,5.0,95.588,30.783,38.914,25.891,HARD,5.0,1.0,,,15.0,1,True,True,102.0,3.06,317.0,253.0,244.0,312.0
British,2023,HUL,Haas F1 Team,6.0,95.631,30.04,38.689,26.902,HARD,6.0,1.0,,,16.0,1,True,True,100.4,3.012,290.0,251.0,242.0,292.0
British,2023,HUL,Haas F1 Team,7.0,94.412,29.919,38.794,25.699,HARD,7.0,1.0,4396.312,,16.0,1,False,True,98.8,2.964,309.0,251.0,,304.0
British,2023,HUL,Haas F1 Team,8.0,127.922,63.362,38.53,26.03,MEDIUM,1.0,2.0,,4438.296,20.0,1,False,True,97.2,2.916,288.0,251.0,245.0,289.0
British,2023,HUL,Haas F1 Team,9.0,93.669,29.602,38.09,25.977,MEDIUM,2.0,2.0,,,20.0,1,True,True,95.6,2.868,288.0,252.0,244.0,289.0
British,2023,HUL,Haas F1 Team,10.0,93.525,29.701,37.89,25.934,MEDIUM,3.0,2.0,,,19.0,1,True,True,94.0,2.82,289.0,253.0,245.0,288.0
British,2023,HUL,Haas F1 Team,11.0,93.966,29.952,37.887,26.127,MEDIUM,4.0,2.0,,,19.0,1,True,True,92.4,2.772,289.0,251.0,244.0,289.0
British,2023,HUL,Haas F1 Team,12.0,94.022,29.974,37.808,26.24,MEDIUM,5.0,2.0,,,19.0,1,True,True,90.8,2.724,289.0,250.0,245.0,286.0
British,2023,HUL,Haas F1 Team,13.0,94.3,30.201,37.98,26.119,MEDIUM,6.0,2.0,,,19.0,1,True,True,89.2,2.676,287.0,249.0,244.0,289.0
British,2023,HUL,Haas F1 Team,14.0,94.186,30.334,37.988,25.864,MEDIUM,7.0,2.0,,,19.0,1,True,True,87.6,2.628,288.0,250.0,245.0,292.0
British,2023,HUL,Haas F1 Team,15.0,93.925,30.004,37.99,25.931,MEDIUM,8.0,2.0,,,19.0,1,True,True,86.0,2.58,287.0,246.0,245.0,291.0
British,2023,HUL,Haas F1 Team,16.0,93.64,30.079,37.717,25.844,MEDIUM,9.0,2.0,,,19.0,1,True,True,84.4,2.532,286.0,250.0,245.0,291.0
British,2023,HUL,Haas F1 Team,17.0,93.616,30.003,37.774,25.839,MEDIUM,10.0,2.0,,,19.0,1,True,True,82.8,2.484,288.0,250.0,246.0,291.0
British,2023,HUL,Haas F1 Team,18.0,93.591,29.983,37.739,25.869,MEDIUM,11.0,2.0,,,19.0,1,True,True,81.2,2.436,288.0,251.0,245.0,291.0
British,2023,HUL,Haas F1 Team,19.0,93.763,30.172,37.783,25.808,MEDIUM,12.0,2.0,,,19.0,1,True,True,79.6,2.388,287.0,251.0,246.0,295.0
British,2023,HUL,Haas F1 Team,20.0,93.555,30.01,37.765,25.78,MEDIUM,13.0,2.0,,,19.0,1,True,True,78.0,2.34,287.0,252.0,246.0,293.0
British,2023,HUL,Haas F1 Team,21.0,93.35,30.059,37.605,25.686,MEDIUM,14.0,2.0,,,19.0,1,True,True,76.4,2.292,288.0,251.0,246.0,294.0
British,2023,HUL,Haas F1 Team,22.0,93.143,29.962,37.55,25.631,MEDIUM,15.0,2.0,,,19.0,1,True,True,74.8,2.244,288.0,252.0,246.0,294.0
British,2023,HUL,Haas F1 Team,23.0,93.294,29.853,37.675,25.766,MEDIUM,16.0,2.0,,,19.0,1,True,True,73.2,2.196,287.0,252.0,245.0,294.0
British,2023,HUL,Haas F1 Team,24.0,93.461,29.939,37.751,25.771,MEDIUM,17.0,2.0,,,19.0,1,True,True,71.6,2.148,288.0,252.0,246.0,297.0
British,2023,HUL,Haas F1 Team,25.0,93.351,29.998,37.687,25.666,MEDIUM,18.0,2.0,,,19.0,1,True,True,70.0,2.1,288.0,254.0,246.0,296.0
British,2023,HUL,Haas F1 Team,26.0,93.644,30.174,37.778,25.692,MEDIUM,19.0,2.0,,,19.0,1,True,True,68.4,2.052,288.0,252.0,246.0,296.0
British,2023,HUL,Haas F1 Team,27.0,93.122,29.872,37.706,25.544,MEDIUM,20.0,2.0,,,19.0,1,True,True,66.8,2.004,288.0,252.0,247.0,296.0
British,2023,HUL,Haas F1 Team,28.0,93.28,30.016,37.61,25.654,MEDIUM,21.0,2.0,,,19.0,1,True,True,65.2,1.956,289.0,250.0,247.0,296.0
British,2023,HUL,Haas F1 Team,29.0,93.107,30.002,37.572,25.533,MEDIUM,22.0,2.0,,,19.0,1,True,True,63.6,1.908,288.0,254.0,247.0,296.0
British,2023,HUL,Haas F1 Team,30.0,93.332,29.991,37.593,25.748,MEDIUM,23.0,2.0,,,19.0,1,True,True,62.0,1.86,287.0,254.0,247.0,295.0
British,2023,HUL,Haas F1 Team,31.0,93.133,30.016,37.546,25.571,MEDIUM,24.0,2.0,,,19.0,1,True,True,60.4,1.812,287.0,254.0,248.0,296.0
British,2023,HUL,Haas F1 Team,32.0,114.146,30.035,54.039,30.072,MEDIUM,25.0,2.0,6790.368,,18.0,126,False,True,58.8,1.764,280.0,211.0,,232.0
British,2023,HUL,Haas F1 Team,33.0,146.674,59.27,53.983,33.421,SOFT,1.0,3.0,,6820.398,18.0,64,False,True,57.2,1.716,180.0,221.0,181.0,251.0
British,2023,HUL,Haas F1 Team,34.0,125.892,41.686,53.089,31.117,SOFT,2.0,3.0,,,18.0,4,False,True,55.6,1.668,193.0,216.0,227.0,223.0
British,2023,HUL,Haas F1 Team,35.0,101.883,32.25,41.602,28.031,SOFT,3.0,3.0,,,18.0,4,False,True,54.0,1.62,249.0,234.0,221.0,289.0
British,2023,HUL,Haas F1 Team,36.0,137.786,49.842,50.684,37.26,SOFT,4.0,3.0,,,18.0,4,False,True,52.4,1.572,163.0,87.0,229.0,240.0
British,2023,HUL,Haas F1 Team,37.0,143.16,51.864,51.023,40.273,SOFT,5.0,3.0,,,17.0,4,False,True,50.8,1.524,173.0,96.0,96.0,257.0
British,2023,HUL,Haas F1 Team,38.0,128.983,40.831,52.97,35.182,SOFT,6.0,3.0,,,17.0,41,False,True,49.2,1.476,263.0,147.0,252.0,221.0
British,2023,HUL,Haas F1 Team,39.0,92.527,29.268,37.613,25.646,SOFT,7.0,3.0,,,16.0,1,True,True,47.6,1.428,310.0,259.0,249.0,305.0
British,2023,HUL,Haas F1 Team,40.0,92.932,29.352,37.761,25.819,SOFT,8.0,3.0,,,16.0,1,True,True,46.0,1.38,298.0,258.0,249.0,303.0
British,2023,HUL,Haas F1 Team,41.0,92.104,29.176,37.436,25.492,SOFT,9.0,3.0,,,15.0,1,True,True,44.4,1.332,317.0,261.0,249.0,301.0
British,2023,HUL,Haas F1 Team,42.0,92.097,29.29,37.329,25.478,SOFT,10.0,3.0,,,15.0,1,True,True,42.8,1.284,313.0,260.0,249.0,306.0
British,2023,HUL,Haas F1 Team,43.0,92.325,29.27,37.315,25.74,SOFT,11.0,3.0,,,15.0,1,True,True,41.2,1.236,312.0,258.0,248.0,308.0
British,2023,HUL,Haas F1 Team,44.0,92.441,29.432,37.356,25.653,SOFT,12.0,3.0,,,15.0,1,True,True,39.6,1.188,296.0,256.0,247.0,302.0
British,2023,HUL,Haas F1 Team,45.0,92.534,29.521,37.242,25.771,SOFT,13.0,3.0,,,14.0,1,True,True,38.0,1.14,297.0,262.0,234.0,320.0
British,2023,HUL,Haas F1 Team,46.0,92.584,29.501,37.481,25.602,SOFT,14.0,3.0,,,14.0,1,True,True,36.4,1.092,310.0,261.0,245.0,321.0
British,2023,HUL,Haas F1 Team,47.0,92.101,29.361,37.354,25.386,SOFT,15.0,3.0,,,14.0,1,True,True,34.8,1.044,311.0,260.0,247.0,319.0
British,2023,HUL,Haas F1 Team,48.0,92.06,29.31,37.357,25.393,SOFT,16.0,3.0,,,14.0,1,True,True,33.2,0.996,310.0,261.0,246.0,319.0
British,2023,HUL,Haas F1 Team,49.0,92.08,29.299,37.305,25.476,SOFT,17.0,3.0,,,14.0,1,True,True,31.6,0.948,310.0,260.0,248.0,319.0
British,2023,HUL,Haas F1 Team,50.0,92.158,29.261,37.17,25.727,SOFT,18.0,3.0,,,14.0,1,True,True,30.0,0.9,310.0,259.0,246.0,317.0
British,2023,HUL,Haas F1 Team,51.0,92.166,29.262,37.382,25.522,SOFT,19.0,3.0,,,14.0,1,True,True,28.4,0.852,309.0,260.0,248.0,317.0
British,2023,HUL,Haas F1 Team,52.0,91.776,29.323,37.003,25.45,SOFT,20.0,3.0,,,14.0,1,True,True,26.8,0.804,310.0,263.0,247.0,328.0
British,2023,OCO,Alpine,1.0,102.516,,40.549,26.555,SOFT,1.0,1.0,,,12.0,1,False,True,108.4,3.252,309.0,252.0,243.0,293.0
British,2023,OCO,Alpine,2.0,95.23,29.953,38.718,26.559,SOFT,2.0,1.0,,,12.0,1,True,True,106.8,3.204,290.0,253.0,243.0,296.0
British,2023,OCO,Alpine,3.0,94.113,29.526,38.487,26.1,SOFT,3.0,1.0,,,12.0,1,True,True,105.2,3.156,306.0,256.0,242.0,318.0
British,2023,OCO,Alpine,4.0,93.941,29.673,38.302,25.966,SOFT,4.0,1.0,,,12.0,1,True,True,103.6,3.108,304.0,255.0,244.0,313.0
British,2023,OCO,Alpine,5.0,93.946,29.861,37.958,26.127,SOFT,5.0,1.0,,,12.0,1,True,True,102.0,3.06,289.0,256.0,242.0,310.0
British,2023,OCO,Alpine,6.0,94.381,29.933,38.237,26.211,SOFT,6.0,1.0,,,12.0,1,True,True,100.4,3.012,285.0,254.0,241.0,305.0
British,2023,OCO,Alpine,7.0,94.346,29.918,38.114,26.314,SOFT,7.0,1.0,,,12.0,1,True,True,98.8,2.964,284.0,252.0,243.0,290.0
British,2023,OCO,Alpine,8.0,94.032,29.899,37.956,26.177,SOFT,8.0,1.0,,,12.0,1,True,True,97.2,2.916,283.0,253.0,243.0,290.0
British,2023,OCO,Alpine,9.0,93.846,29.906,37.765,26.175,SOFT,9.0,1.0,4579.34,,12.0,1,False,True,95.6,2.868,283.0,253.0,,294.0
British,2023,NOR,McLaren,1.0,96.551,,37.869,25.971,MEDIUM,1.0,1.0,,,1.0,1,False,True,108.4,3.252,297.0,254.0,246.0,285.0
British,2023,NOR,McLaren,2.0,93.046,29.667,37.481,25.898,MEDIUM,2.0,1.0,,,1.0,1,True,True,106.8,3.204,291.0,254.0,246.0,289.0
British,2023,NOR,McLaren,3.0,93.18,29.693,37.574,25.913,MEDIUM,3.0,1.0,,,1.0,1,True,True,105.2,3.156,292.0,252.0,246.0,291.0
British,2023,NOR,McLaren,4.0,92.772,29.577,37.365,25.83,MEDIUM,4.0,1.0,,,1.0,1,True,True,103.6,3.108,293.0,255.0,246.0,291.0
British,2023,NOR,McLaren,5.0,93.914,29.778,38.327,25.809,MEDIUM,5.0,1.0,,,2.0,1,True,True,102.0,3.06,293.0,256.0,247.0,307.0
British,2023,NOR,McLaren,6.0,93.112,29.578,37.651,25.883,MEDIUM,6.0,1.0,,,2.0,1,True,True,100.4,3.012,307.0,257.0,246.0,306.0
British,2023,NOR,McLaren,7.0,93.19,29.613,37.861,25.716,MEDIUM,7.0,1.0,,,2.0,1,True,True,98.8,2.964,307.0,254.0,246.0,309.0
British,2023,NOR,McLaren,8.0,93.101,29.738,37.618,25.745,MEDIUM,8.0,1.0,,,2.0,1,True,True,97.2,2.916,307.0,256.0,246.0,294.0
British,2023,NOR,McLaren,9.0,92.612,29.744,37.295,25.573,MEDIUM,9.0,1.0,,,2.0,1,True,True,95.6,2.868,296.0,260.0,247.0,311.0
British,2023,NOR,McLaren,10.0,92.977,29.704,37.546,25.727,MEDIUM,10.0,1.0,,,2.0,1,True,True,94.0,2.82,308.0,256.0,247.0,294.0
British,2023,NOR,McLaren,11.0,92.978,29.739,37.471,25.768,MEDIUM,11.0,1.0,,,2.0,1,True,True,92.4,2.772,295.0,256.0,246.0,294.0
British,2023,NOR,McLaren,12.0,93.116,29.926,37.304,25.886,MEDIUM,12.0,1.0,,,2.0,1,True,True,90.8,2.724,294.0,257.0,245.0,293.0
British,2023,NOR,McLaren,13.0,92.986,29.809,37.382,25.795,MEDIUM,13.0,1.0,,,2.0,1,True,True,89.2,2.676,295.0,255.0,246.0,290.0
British,2023,NOR,McLaren,14.0,93.67,30.202,37.642,25.826,MEDIUM,14.0,1.0,,,2.0,1,True,True,87.6,2.628,289.0,253.0,246.0,291.0
British,2023,NOR,McLaren,15.0,93.221,30.017,37.441,25.763,MEDIUM,15.0,1.0,,,2.0,1,True,True,86.0,2.58,290.0,254.0,245.0,292.0
British,2023,NOR,McLaren,16.0,92.903,30.064,37.308,25.531,MEDIUM,16.0,1.0,,,2.0,1,True,True,84.4,2.532,292.0,256.0,246.0,294.0
British,2023,NOR,McLaren,17.0,92.985,29.955,37.415,25.615,MEDIUM,17.0,1.0,,,2.0,1,True,True,82.8,2.484,291.0,256.0,245.0,294.0
British,2023,NOR,McLaren,18.0,92.731,30.014,37.252,25.465,MEDIUM,18.0,1.0,,,2.0,1,True,True,81.2,2.436,291.0,256.0,246.0,295.0
British,2023,NOR,McLaren,19.0,92.5,29.962,37.179,25.359,MEDIUM,19.0,1.0,,,2.0,1,True,True,79.6,2.388,291.0,256.0,247.0,294.0
British,2023,NOR,McLaren,20.0,92.77,29.93,37.42,25.42,MEDIUM,20.0,1.0,,,2.0,1,True,True,78.0,2.34,290.0,256.0,247.0,294.0
British,2023,NOR,McLaren,21.0,92.604,29.883,37.292,25.429,MEDIUM,21.0,1.0,,,2.0,1,True,True,76.4,2.292,292.0,255.0,246.0,297.0
British,2023,NOR,McLaren,22.0,92.637,29.869,37.273,25.495,MEDIUM,22.0,1.0,,,2.0,1,True,True,74.8,2.244,291.0,255.0,247.0,294.0
British,2023,NOR,McLaren,23.0,92.619,29.9,37.329,25.39,MEDIUM,23.0,1.0,,,2.0,1,True,True,73.2,2.196,291.0,256.0,246.0,294.0
British,2023,NOR,McLaren,24.0,92.721,29.964,37.298,25.459,MEDIUM,24.0,1.0,,,2.0,1,True,True,71.6,2.148,292.0,257.0,246.0,295.0
British,2023,NOR,McLaren,25.0,92.949,30.063,37.47,25.416,MEDIUM,25.0,1.0,,,2.0,1,True,True,70.0,2.1,292.0,256.0,247.0,297.0
British,2023,NOR,McLaren,26.0,92.758,29.863,37.539,25.356,MEDIUM,26.0,1.0,,,2.0,1,True,True,68.4,2.052,292.0,256.0,247.0,298.0
British,2023,NOR,McLaren,27.0,92.734,29.82,37.491,25.423,MEDIUM,27.0,1.0,,,2.0,1,True,True,66.8,2.004,293.0,256.0,248.0,297.0
British,2023,NOR,McLaren,28.0,92.714,30.099,37.351,25.264,MEDIUM,28.0,1.0,,,2.0,1,True,True,65.2,1.956,292.0,256.0,248.0,296.0
British,2023,NOR,McLaren,29.0,92.806,29.991,37.432,25.383,MEDIUM,29.0,1.0,,,2.0,1,True,True,63.6,1.908,293.0,253.0,249.0,298.0
British,2023,NOR,McLaren,30.0,92.609,29.845,37.382,25.382,MEDIUM,30.0,1.0,,,2.0,1,True,True,62.0,1.86,293.0,257.0,248.0,297.0
British,2023,NOR,McLaren,31.0,92.808,29.896,37.394,25.518,MEDIUM,31.0,1.0,,,2.0,1,True,True,60.4,1.812,291.0,258.0,246.0,295.0
British,2023,NOR,McLaren,32.0,92.571,29.945,37.312,25.314,MEDIUM,32.0,1.0,,,2.0,1,True,True,58.8,1.764,292.0,257.0,249.0,299.0
British,2023,NOR,McLaren,33.0,122.83,44.093,47.374,31.363,MEDIUM,33.0,1.0,6822.648,,2.0,1264,False,True,57.2,1.716,202.0,184.0,,247.0
British,2023,NOR,McLaren,34.0,,66.137,59.212,40.052,HARD,1.0,2.0,,6851.116,2.0,4,False,True,55.6,1.668,168.0,165.0,149.0,125.0
British,2023,NOR,McLaren,35.0,147.853,49.362,59.338,39.153,HARD,2.0,2.0,,,2.0,4,False,True,54.0,1.62,133.0,207.0,98.0,233.0
British,2023,NOR,McLaren,36.0,146.496,53.041,57.409,36.046,HARD,3.0,2.0,,,2.0,4,False,True,52.4,1.572,184.0,170.0,131.0,272.0
British,2023,NOR,McLaren,37.0,144.316,50.298,56.678,37.34,HARD,4.0,2.0,,,2.0,4,False,True,50.8,1.524,126.0,206.0,170.0,148.0
British,2023,NOR,McLaren,38.0,141.488,41.458,57.244,42.786,HARD,5.0,2.0,,,2.0,41,False,True,49.2,1.476,244.0,168.0,249.0,86.0
British,2023,NOR,McLaren,39.0,91.243,29.005,37.054,25.184,HARD,6.0,2.0,,,2.0,1,True,True,47.6,1.428,300.0,260.0,246.0,299.0
British,2023,NOR,McLaren,40.0,90.997,29.275,36.664,25.058,HARD,7.0,2.0,,,2.0,1,True,True,46.0,1.38,293.0,262.0,250.0,293.0
British,2023,NOR,McLaren,41.0,90.76,29.206,36.492,25.062,HARD,8.0,2.0,,,2.0,1,True,True,44.4,1.332,293.0,262.0,251.0,292.0
British,2023,NOR,McLaren,42.0,90.922,29.176,36.71,25.036,HARD,9.0,2.0,,,2.0,1,True,True,42.8,1.284,294.0,263.0,251.0,291.0
British,2023,NOR,McLaren,43.0,90.543,29.252,36.383,24.908,HARD,10.0,2.0,,,2.0,1,True,True,41.2,1.236,291.0,263.0,250.0,304.0
British,2023,NOR,McLaren,44.0,90.786,29.152,36.677,24.957,HARD,11.0,2.0,,,2.0,1,True,True,39.6,1.188,295.0,262.0,250.0,300.0
British,2023,NOR,McLaren,45.0,91.301,29.311,36.705,25.285,HARD,12.0,2.0,,,2.0,1,True,True,38.0,1.14,298.0,263.0,248.0,300.0
British,2023,NOR,McLaren,46.0,91.094,29.257,36.643,25.194,HARD,13.0,2.0,,,2.0,1,True,True,36.4,1.092,297.0,263.0,249.0,298.0
British,2023,NOR,McLaren,47.0,91.593,29.286,36.842,25.465,HARD,14.0,2.0,,,2.0,1,True,True,34.8,1.044,297.0,262.0,249.0,300.0
British,2023,NOR,McLaren,48.0,91.36,29.353,36.736,25.271,HARD,15.0,2.0,,,2.0,1,True,True,33.2,0.996,297.0,262.0,250.0,298.0
British,2023,NOR,McLaren,49.0,91.02,29.092,36.682,25.246,HARD,16.0,2.0,,,2.0,1,True,True,31.6,0.948,298.0,263.0,250.0,296.0
British,2023,NOR,McLaren,50.0,91.56,29.228,36.67,25.662,HARD,17.0,2.0,,,2.0,1,True,True,30.0,0.9,300.0,262.0,248.0,298.0
British,2023,NOR,McLaren,51.0,91.077,29.289,36.585,25.203,HARD,18.0,2.0,,,2.0,1,True,True,28.4,0.852,301.0,263.0,251.0,305.0
British,2023,NOR,McLaren,52.0,91.251,29.108,36.889,25.254,HARD,19.0,2.0,,,2.0,1,True,True,26.8,0.804,298.0,263.0,251.0,298.0
British,2023,HAM,Mercedes,1.0,100.664,,39.336,26.167,MEDIUM,1.0,1.0,,,8.0,1,False,True,108.4,3.252,299.0,254.0,243.0,306.0
British,2023,HAM,Mercedes,2.0,94.361,29.569,38.433,26.359,MEDIUM,2.0,1.0,,,8.0,1,True,True,106.8,3.204,300.0,254.0,244.0,301.0
British,2023,HAM,Mercedes,3.0,93.662,29.579,38.203,25.88,MEDIUM,3.0,1.0,,,8.0,1,True,True,105.2,3.156,314.0,255.0,244.0,320.0
British,2023,HAM,Mercedes,4.0,93.086,29.397,38.006,25.683,MEDIUM,4.0,1.0,,,8.0,1,True,True,103.6,3.108,310.0,254.0,244.0,318.0
British,2023,HAM,Mercedes,5.0,93.718,29.597,38.057,26.064,MEDIUM,5.0,1.0,,,8.0,1,True,True,102.0,3.06,312.0,256.0,243.0,319.0
British,2023,HAM,Mercedes,6.0,94.556,29.746,38.779,26.031,MEDIUM,6.0,1.0,,,8.0,1,True,True,100.4,3.012,322.0,255.0,240.0,316.0
British,2023,HAM,Mercedes,7.0,93.328,29.597,37.99,25.741,MEDIUM,7.0,1.0,,,7.0,1,True,True,98.8,2.964,315.0,253.0,244.0,297.0
British,2023,HAM,Mercedes,8.0,93.483,29.747,37.848,25.888,MEDIUM,8.0,1.0,,,7.0,1,True,True,97.2,2.916,295.0,254.0,244.0,300.0
British,2023,HAM,Mercedes,9.0,93.331,29.695,37.722,25.914,MEDIUM,9.0,1.0,,,7.0,1,True,True,95.6,2.868,295.0,254.0,244.0,299.0
British,2023,HAM,Mercedes,10.0,93.624,29.799,37.826,25.999,MEDIUM,10.0,1.0,,,7.0,1,True,True,94.0,2.82,293.0,253.0,245.0,293.0
British,2023,HAM,Mercedes,11.0,93.519,29.689,37.995,25.835,MEDIUM,11.0,1.0,,,7.0,1,True,True,92.4,2.772,292.0,254.0,244.0,295.0
British,2023,HAM,Mercedes,12.0,93.908,30.137,37.821,25.95,MEDIUM,12.0,1.0,,,7.0,1,True,True,90.8,2.724,290.0,253.0,245.0,284.0
British,2023,HAM,Mercedes,13.0,93.28,29.832,37.564,25.884,MEDIUM,13.0,1.0,,,7.0,1,True,True,89.2,2.676,289.0,254.0,245.0,287.0
British,2023,HAM,Mercedes,14.0,93.324,29.926,37.676,25.722,MEDIUM,14.0,1.0,,,7.0,1,True,True,87.6,2.628,288.0,252.0,245.0,292.0
British,2023,HAM,Mercedes,15.0,93.156,29.932,37.457,25.767,MEDIUM,15.0,1.0,,,7.0,1,True,True,86.0,2.58,287.0,255.0,246.0,291.0
British,2023,HAM,Mercedes,16.0,92.931,29.772,37.36,25.799,MEDIUM,16.0,1.0,,,7.0,1,True,True,84.4,2.532,289.0,256.0,245.0,293.0
British,2023,HAM,Mercedes,17.0,93.12,29.873,37.497,25.75,MEDIUM,17.0,1.0,,,7.0,1,True,True,82.8,2.484,289.0,255.0,245.0,291.0
British,2023,HAM,Mercedes,18.0,93.313,30.023,37.546,25.744,MEDIUM,18.0,1.0,,,7.0,1,True,True,81.2,2.436,285.0,256.0,246.0,290.0
British,2023,HAM,Mercedes,19.0,93.201,29.921,37.535,25.745,MEDIUM,19.0,1.0,,,6.0,1,True,True,79.6,2.388,284.0,256.0,246.0,292.0
British,2023,HAM,Mercedes,20.0,92.956,29.733,37.618,25.605,MEDIUM,20.0,1.0,,,6.0,1,True,True,78.0,2.34,287.0,255.0,246.0,305.0
British,2023,HAM,Mercedes,21.0,92.779,29.714,37.398,25.667,MEDIUM,21.0,1.0,,,6.0,1,True,True,76.4,2.292,289.0,255.0,246.0,299.0
British,2023,HAM,Mercedes,22.0,92.821,29.765,37.425,25.631,MEDIUM,22.0,1.0,,,6.0,1,True,True,74.8,2.244,292.0,257.0,246.0,305.0
British,2023,HAM,Mercedes,23.0,92.974,29.743,37.558,25.673,MEDIUM,23.0,1.0,,,6.0,1,True,True,73.2,2.196,291.0,256.0,247.0,297.0
British,2023,HAM,Mercedes,24.0,92.703,29.823,37.264,25.616,MEDIUM,24.0,1.0,,,6.0,1,True,True,71.6,2.148,293.0,257.0,246.0,302.0
British,2023,HAM,Mercedes,25.0,93.087,29.994,37.517,25.576,MEDIUM,25.0,1.0,,,6.0,1,True,True,70.0,2.1,293.0,257.0,246.0,305.0
British,2023,HAM,Mercedes,26.0,92.769,29.828,37.608,25.333,MEDIUM,26.0,1.0,,,6.0,1,True,True,68.4,2.052,292.0,257.0,246.0,317.0
British,2023,HAM,Mercedes,27.0,92.714,29.668,37.575,25.471,MEDIUM,27.0,1.0,,,5.0,1,True,True,66.8,2.004,292.0,254.0,247.0,305.0
British,2023,HAM,Mercedes,28.0,92.32,29.625,37.362,25.333,MEDIUM,28.0,1.0,,,5.0,1,True,True,65.2,1.956,290.0,255.0,248.0,305.0
British,2023,HAM,Mercedes,29.0,92.155,29.651,37.234,25.27,MEDIUM,29.0,1.0,,,4.0,1,True,True,63.6,1.908,289.0,256.0,248.0,301.0
British,2023,HAM,Mercedes,30.0,92.246,29.587,37.329,25.33,MEDIUM,30.0,1.0,,,3.0,1,True,True,62.0,1.86,290.0,255.0,247.0,304.0
British,2023,HAM,Mercedes,31.0,92.744,29.714,37.47,25.56,MEDIUM,31.0,1.0,,,3.0,1,True,True,60.4,1.812,287.0,255.0,247.0,294.0
British,2023,HAM,Mercedes,32.0,95.161,29.691,37.314,28.156,MEDIUM,32.0,1.0,,,3.0,126,False,True,58.8,1.764,289.0,255.0,98.0,296.0
British,2023,HAM,Mercedes,33.0,123.496,44.422,48.372,30.702,MEDIUM,33.0,1.0,6837.539,,3.0,64,False,True,57.2,1.716,92.0,146.0,,201.0
British,2023,HAM,Mercedes,34.0,,62.563,49.52,39.664,SOFT,4.0,2.0,,6866.694,3.0,4,False,False,55.6,1.668,118.0,158.0,179.0,245.0
British,2023,HAM,Mercedes,35.0,147.418,49.033,60.423,37.962,SOFT,5.0,2.0,,,3.0,4,False,False,54.0,1.62,137.0,171.0,102.0,222.0
British,2023,HAM,Mercedes,36.0,146.619,54.833,55.763,36.023,SOFT,6.0,2.0,,,3.0,4,False,False,52.4,1.572,143.0,159.0,153.0,263.0
British,2023,HAM,Mercedes,37.0,145.19,51.381,55.689,38.12,SOFT,7.0,2.0,,,3.0,4,False,False,50.8,1.524,136.0,183.0,109.0,167.0
British,2023,HAM,Mercedes,38.0,140.046,41.027,56.676,42.343,SOFT,8.0,2.0,,,3.0,41,False,False,49.2,1.476,232.0,165.0,251.0,100.0
British,2023,HAM,Mercedes,39.0,91.427,28.789,37.606,25.032,SOFT,9.0,2.0,,,3.0,1,True,False,47.6,1.428,310.0,259.0,248.0,305.0
British,2023,HAM,Mercedes,40.0,91.279,29.052,37.164,25.063,SOFT,10.0,2.0,,,3.0,1,True,False,46.0,1.38,297.0,259.0,250.0,300.0
British,2023,HAM,Mercedes,41.0,90.673,29.156,36.615,24.902,SOFT,11.0,2.0,,,3.0,1,True,False,44.4,1.332,306.0,262.0,249.0,319.0
British,2023,HAM,Mercedes,42.0,91.042,28.886,37.174,24.982,SOFT,12.0,2.0,,,3.0,1,True,False,42.8,1.284,310.0,260.0,251.0,313.0
British,2023,HAM,Mercedes,43.0,90.545,28.901,36.635,25.009,SOFT,13.0,2.0,,,3.0,1,True,False,41.2,1.236,316.0,262.0,249.0,323.0
British,2023,HAM,Mercedes,44.0,91.589,29.397,36.955,25.237,SOFT,14.0,2.0,,,3.0,1,True,False,39.6,1.188,308.0,260.0,248.0,299.0
British,2023,HAM,Mercedes,45.0,91.359,29.148,36.885,25.326,SOFT,15.0,2.0,,,3.0,1,True,False,38.0,1.14,297.0,261.0,247.0,298.0
British,2023,HAM,Mercedes,46.0,91.559,29.144,37.042,25.373,SOFT,16.0,2.0,,,3.0,1,True,False,36.4,1.092,295.0,259.0,248.0,298.0
British,2023,HAM,Mercedes,47.0,91.248,29.108,36.857,25.283,SOFT,17.0,2.0,,,3.0,1,True,False,34.8,1.044,296.0,261.0,249.0,298.0
British,2023,HAM,Mercedes,48.0,91.152,29.085,36.857,25.21,SOFT,18.0,2.0,,,3.0,1,True,False,33.2,0.996,298.0,259.0,249.0,301.0
British,2023,HAM,Mercedes,49.0,91.286,29.07,36.936,25.28,SOFT,19.0,2.0,,,3.0,1,True,False,31.6,0.948,297.0,260.0,249.0,297.0
British,2023,HAM,Mercedes,50.0,91.526,29.108,36.931,25.487,SOFT,20.0,2.0,,,3.0,1,True,False,30.0,0.9,297.0,258.0,248.0,298.0
British,2023,HAM,Mercedes,51.0,91.703,29.105,37.131,25.467,SOFT,21.0,2.0,,,3.0,1,True,False,28.4,0.852,297.0,258.0,248.0,295.0
British,2023,HAM,Mercedes,52.0,91.823,29.205,37.209,25.409,SOFT,22.0,2.0,,,3.0,1,True,False,26.8,0.804,296.0,259.0,248.0,305.0
British,2023,SAI,Ferrari,1.0,99.284,,39.047,26.226,MEDIUM,1.0,1.0,,,6.0,1,False,True,108.4,3.252,304.0,256.0,246.0,303.0
British,2023,SAI,Ferrari,2.0,94.177,29.7,38.454,26.023,MEDIUM,2.0,1.0,,,6.0,1,True,True,106.8,3.204,296.0,255.0,245.0,301.0
British,2023,SAI,Ferrari,3.0,93.456,29.574,38.11,25.772,MEDIUM,3.0,1.0,,,6.0,1,True,True,105.2,3.156,314.0,255.0,246.0,305.0
British,2023,SAI,Ferrari,4.0,92.975,29.401,37.915,25.659,MEDIUM,4.0,1.0,,,6.0,1,True,True,103.6,3.108,312.0,257.0,246.0,319.0
British,2023,SAI,Ferrari,5.0,93.666,29.503,38.146,26.017,MEDIUM,5.0,1.0,,,6.0,1,True,True,102.0,3.06,312.0,258.0,243.0,320.0
British,2023,SAI,Ferrari,6.0,94.215,29.622,38.747,25.846,MEDIUM,6.0,1.0,,,6.0,1,True,True,100.4,3.012,314.0,256.0,246.0,319.0
British,2023,SAI,Ferrari,7.0,93.427,29.545,38.158,25.724,MEDIUM,7.0,1.0,,,6.0,1,True,True,98.8,2.964,314.0,257.0,246.0,322.0
British,2023,SAI,Ferrari,8.0,93.442,29.677,37.958,25.807,MEDIUM,8.0,1.0,,,6.0,1,True,True,97.2,2.916,313.0,255.0,246.0,304.0
British,2023,SAI,Ferrari,9.0,93.417,29.712,37.857,25.848,MEDIUM,9.0,1.0,,,6.0,1,True,True,95.6,2.868,298.0,255.0,245.0,304.0
British,2023,SAI,Ferrari,10.0,93.405,29.711,37.863,25.831,MEDIUM,10.0,1.0,,,6.0,1,True,True,94.0,2.82,297.0,255.0,245.0,301.0
British,2023,SAI,Ferrari,11.0,93.279,29.661,37.89,25.728,MEDIUM,11.0,1.0,,,6.0,1,True,True,92.4,2.772,295.0,256.0,245.0,304.0
British,2023,SAI,Ferrari,12.0,93.323,29.904,37.722,25.697,MEDIUM,12.0,1.0,,,6.0,1,True,True,90.8,2.724,298.0,255.0,246.0,303.0
British,2023,SAI,Ferrari,13.0,93.105,29.782,37.583,25.74,MEDIUM,13.0,1.0,,,6.0,1,True,True,89.2,2.676,297.0,257.0,246.0,300.0
British,2023,SAI,Ferrari,14.0,93.941,30.049,37.973,25.919,MEDIUM,14.0,1.0,,,6.0,1,True,True,87.6,2.628,293.0,255.0,246.0,298.0
British,2023,SAI,Ferrari,15.0,93.623,30.065,37.735,25.823,MEDIUM,15.0,1.0,,,6.0,1,True,True,86.0,2.58,291.0,255.0,247.0,299.0
British,2023,SAI,Ferrari,16.0,93.498,30.004,37.705,25.789,MEDIUM,16.0,1.0,,,6.0,1,True,True,84.4,2.532,290.0,255.0,247.0,297.0
British,2023,SAI,Ferrari,17.0,93.076,29.863,37.473,25.74,MEDIUM,17.0,1.0,,,6.0,1,True,True,82.8,2.484,291.0,257.0,247.0,299.0
British,2023,SAI,Ferrari,18.0,93.302,29.959,37.619,25.724,MEDIUM,18.0,1.0,,,6.0,1,True,True,81.2,2.436,291.0,257.0,247.0,298.0
British,2023,SAI,Ferrari,19.0,93.242,30.013,37.663,25.566,MEDIUM,19.0,1.0,,,5.0,1,True,True,79.6,2.388,289.0,255.0,248.0,297.0
British,2023,SAI,Ferrari,20.0,93.007,29.784,37.571,25.652,MEDIUM,20.0,1.0,,,5.0,1,True,True,78.0,2.34,290.0,255.0,248.0,299.0
British,2023,SAI,Ferrari,21.0,93.261,29.842,37.625,25.794,MEDIUM,21.0,1.0,,,5.0,1,True,True,76.4,2.292,290.0,256.0,245.0,297.0
British,2023,SAI,Ferrari,22.0,92.871,29.805,37.465,25.601,MEDIUM,22.0,1.0,,,5.0,1,True,True,74.8,2.244,293.0,256.0,247.0,300.0
British,2023,SAI,Ferrari,23.0,92.755,29.738,37.491,25.526,MEDIUM,23.0,1.0,,,5.0,1,True,True,73.2,2.196,295.0,256.0,247.0,302.0
British,2023,SAI,Ferrari,24.0,92.77,29.861,37.373,25.536,MEDIUM,24.0,1.0,,,5.0,1,True,True,71.6,2.148,295.0,256.0,247.0,303.0
British,2023,SAI,Ferrari,25.0,93.133,29.832,37.717,25.584,MEDIUM,25.0,1.0,,,5.0,1,True,True,70.0,2.1,295.0,257.0,247.0,303.0
British,2023,SAI,Ferrari,26.0,93.181,29.9,37.824,25.457,MEDIUM,26.0,1.0,6155.441,,5.0,1,False,True,68.4,2.052,293.0,257.0,,302.0
British,2023,SAI,Ferrari,27.0,112.728,50.102,37.336,25.29,HARD,1.0,2.0,,6184.3,12.0,1,False,True,66.8,2.004,289.0,256.0,250.0,299.0
British,2023,SAI,Ferrari,28.0,92.22,29.528,37.246,25.446,HARD,2.0,2.0,,,12.0,1,True,True,65.2,1.956,289.0,257.0,249.0,299.0
British,2023,SAI,Ferrari,29.0,91.945,29.52,37.066,25.359,HARD,3.0,2.0,,,11.0,1,True,True,63.6,1.908,293.0,262.0,250.0,321.0
British,2023,SAI,Ferrari,30.0,92.129,29.581,37.22,25.328,HARD,4.0,2.0,,,10.0,1,True,True,62.0,1.86,309.0,259.0,249.0,301.0
British,2023,SAI,Ferrari,31.0,92.494,29.76,37.306,25.428,HARD,5.0,2.0,,,10.0,1,True,True,60.4,1.812,292.0,257.0,248.0,301.0
British,2023,SAI,Ferrari,32.0,102.583,29.62,37.209,35.754,HARD,6.0,2.0,,,9.0,126,False,True,58.8,1.764,292.0,260.0,168.0,123.0
British,2023,SAI,Ferrari,33.0,129.65,41.951,53.339,34.36,HARD,7.0,2.0,,,7.0,64,False,True,57.2,1.716,112.0,185.0,167.0,244.0
British,2023,SAI,Ferrari,34.0,130.323,45.895,48.024,36.404,HARD,8.0,2.0,,,7.0,4,False,True,55.6,1.668,143.0,159.0,212.0,252.0
British,2023,SAI,Ferrari,35.0,143.064,45.843,57.869,39.352,HARD,9.0,2.0,,,7.0,4,False,True,54.0,1.62,199.0,184.0,93.0,96.0
British,2023,SAI,Ferrari,36.0,145.182,52.687,56.744,35.751,HARD,10.0,2.0,,,7.0,4,False,True,52.4,1.572,193.0,103.0,194.0,272.0
British,2023,SAI,Ferrari,37.0,145.086,52.517,53.875,38.694,HARD,11.0,2.0,,,7.0,4,False,True,50.8,1.524,123.0,168.0,93.0,256.0
British,2023,SAI,Ferrari,38.0,137.408,41.573,55.163,40.672,HARD,12.0,2.0,,,7.0,41,False,True,49.2,1.476,130.0,130.0,251.0,150.0
British,2023,SAI,Ferrari,39.0,92.459,29.532,37.476,25.451,HARD,13.0,2.0,,,7.0,1,True,True,47.6,1.428,308.0,259.0,250.0,309.0
British,2023,SAI,Ferrari,40.0,91.783,29.391,37.051,25.341,HARD,14.0,2.0,,,7.0,1,True,True,46.0,1.38,296.0,261.0,250.0,304.0
British,2023,SAI,Ferrari,41.0,91.427,29.121,37.118,25.188,HARD,15.0,2.0,,,7.0,1,True,True,44.4,1.332,315.0,264.0,249.0,323.0
British,2023,SAI,Ferrari,42.0,91.643,29.199,37.208,25.236,HARD,16.0,2.0,,,7.0,1,True,True,42.8,1.284,313.0,258.0,252.0,321.0
British,2023,SAI,Ferrari,43.0,92.89,29.296,37.14,26.454,HARD,17.0,2.0,,,8.0,1,True,True,41.2,1.236,314.0,262.0,238.0,323.0
British,2023,SAI,Ferrari,44.0,94.622,30.647,38.449,25.526,HARD,18.0,2.0,,,10.0,1,True,True,39.6,1.188,330.0,256.0,248.0,321.0
British,2023,SAI,Ferrari,45.0,92.606,29.164,37.94,25.502,HARD,19.0,2.0,,,10.0,1,True,True,38.0,1.14,316.0,260.0,250.0,305.0
British,2023,SAI,Ferrari,46.0,91.906,29.31,37.118,25.478,HARD,20.0,2.0,,,10.0,1,True,True,36.4,1.092,296.0,259.0,248.0,302.0
British,2023,SAI,Ferrari,47.0,91.592,29.236,37.112,25.244,HARD,21.0,2.0,,,10.0,1,True,True,34.8,1.044,299.0,257.0,250.0,305.0
British,2023,SAI,Ferrari,48.0,91.438,29.222,36.982,25.234,HARD,22.0,2.0,,,10.0,1,True,True,33.2,0.996,299.0,259.0,248.0,305.0
British,2023,SAI,Ferrari,49.0,91.723,29.292,37.036,25.395,HARD,23.0,2.0,,,10.0,1,True,True,31.6,0.948,299.0,260.0,250.0,304.0
British,2023,SAI,Ferrari,50.0,91.408,29.164,36.938,25.306,HARD,24.0,2.0,,,10.0,1,True,True,30.0,0.9,304.0,257.0,248.0,311.0
British,2023,SAI,Ferrari,51.0,91.366,29.054,36.985,25.327,HARD,25.0,2.0,,,10.0,1,True,True,28.4,0.852,306.0,260.0,249.0,311.0
British,2023,SAI,Ferrari,52.0,91.88,29.274,37.244,25.362,HARD,26.0,2.0,,,10.0,1,True,True,26.8,0.804,306.0,260.0,249.0,315.0
British,2023,RUS,Mercedes,1.0,98.651,,38.881,25.997,SOFT,4.0,1.0,,,5.0,1,False,False,108.4,3.252,297.0,255.0,246.0,300.0
British,2023,RUS,Mercedes,2.0,94.115,29.665,38.479,25.971,SOFT,5.0,1.0,,,5.0,1,True,False,106.8,3.204,290.0,254.0,245.0,305.0
British,2023,RUS,Mercedes,3.0,93.096,29.375,38.04,25.681,SOFT,6.0,1.0,,,5.0,1,True,False,105.2,3.156,312.0,257.0,245.0,319.0
British,2023,RUS,Mercedes,4.0,93.084,29.281,38.196,25.607,SOFT,7.0,1.0,,,5.0,1,True,False,103.6,3.108,298.0,256.0,246.0,317.0
British,2023,RUS,Mercedes,5.0,94.211,29.258,38.446,26.507,SOFT,8.0,1.0,,,5.0,1,True,False,102.0,3.06,321.0,257.0,244.0,322.0
British,2023,RUS,Mercedes,6.0,93.839,29.7,38.333,25.806,SOFT,9.0,1.0,,,5.0,1,True,False,100.4,3.012,309.0,256.0,246.0,310.0
British,2023,RUS,Mercedes,7.0,93.432,29.58,38.128,25.724,SOFT,10.0,1.0,,,5.0,1,True,False,98.8,2.964,297.0,257.0,245.0,313.0
British,2023,RUS,Mercedes,8.0,93.136,29.445,37.966,25.725,SOFT,11.0,1.0,,,5.0,1,True,False,97.2,2.916,306.0,258.0,245.0,317.0
British,2023,RUS,Mercedes,9.0,93.154,29.471,37.931,25.752,SOFT,12.0,1.0,,,5.0,1,True,False,95.6,2.868,309.0,256.0,244.0,320.0
British,2023,RUS,Mercedes,10.0,93.424,29.644,37.983,25.797,SOFT,13.0,1.0,,,5.0,1,True,False,94.0,2.82,303.0,257.0,245.0,309.0
British,2023,RUS,Mercedes,11.0,93.089,29.499,37.901,25.689,SOFT,14.0,1.0,,,5.0,1,True,False,92.4,2.772,306.0,258.0,245.0,311.0
British,2023,RUS,Mercedes,12.0,93.354,29.964,37.724,25.666,SOFT,15.0,1.0,,,5.0,1,True,False,90.8,2.724,297.0,257.0,245.0,309.0
British,2023,RUS,Mercedes,13.0,93.159,29.716,37.705,25.738,SOFT,16.0,1.0,,,5.0,1,True,False,89.2,2.676,307.0,258.0,245.0,306.0
British,2023,RUS,Mercedes,14.0,93.729,29.785,38.226,25.718,SOFT,17.0,1.0,,,5.0,1,True,False,87.6,2.628,309.0,256.0,245.0,310.0
British,2023,RUS,Mercedes,15.0,93.27,29.856,37.796,25.618,SOFT,18.0,1.0,,,5.0,1,True,False,86.0,2.58,308.0,258.0,246.0,316.0
British,2023,RUS,Mercedes,16.0,93.309,29.612,37.895,25.802,SOFT,19.0,1.0,,,5.0,1,True,False,84.4,2.532,316.0,258.0,245.0,323.0
British,2023,RUS,Mercedes,17.0,93.174,29.733,37.811,25.63,SOFT,20.0,1.0,,,5.0,1,True,False,82.8,2.484,308.0,258.0,246.0,314.0
British,2023,RUS,Mercedes,18.0,93.072,29.74,37.844,25.488,SOFT,21.0,1.0,,,5.0,1,True,False,81.2,2.436,309.0,258.0,247.0,315.0
British,2023,RUS,Mercedes,19.0,92.807,29.856,37.379,25.572,SOFT,22.0,1.0,,,4.0,1,True,False,79.6,2.388,293.0,254.0,246.0,300.0
British,2023,RUS,Mercedes,20.0,92.803,29.746,37.397,25.66,SOFT,23.0,1.0,,,4.0,1,True,False,78.0,2.34,293.0,252.0,247.0,297.0
British,2023,RUS,Mercedes,21.0,92.85,29.774,37.425,25.651,SOFT,24.0,1.0,,,4.0,1,True,False,76.4,2.292,293.0,254.0,247.0,297.0
British,2023,RUS,Mercedes,22.0,92.568,29.654,37.288,25.626,SOFT,25.0,1.0,,,4.0,1,True,False,74.8,2.244,292.0,254.0,247.0,297.0
British,2023,RUS,Mercedes,23.0,92.683,29.682,37.421,25.58,SOFT,26.0,1.0,,,4.0,1,True,False,73.2,2.196,293.0,254.0,247.0,297.0
British,2023,RUS,Mercedes,24.0,92.852,29.89,37.327,25.635,SOFT,27.0,1.0,,,4.0,1,True,False,71.6,2.148,292.0,254.0,246.0,297.0
British,2023,RUS,Mercedes,25.0,92.863,29.909,37.461,25.493,SOFT,28.0,1.0,,,4.0,1,True,False,70.0,2.1,293.0,255.0,247.0,302.0
British,2023,RUS,Mercedes,26.0,92.958,29.802,37.537,25.619,SOFT,29.0,1.0,,,4.0,1,True,False,68.4,2.052,293.0,255.0,247.0,300.0
British,2023,RUS,Mercedes,27.0,93.062,29.871,37.552,25.639,SOFT,30.0,1.0,,,4.0,1,True,False,66.8,2.004,293.0,253.0,247.0,301.0
British,2023,RUS,Mercedes,28.0,92.504,29.894,37.569,25.041,SOFT,31.0,1.0,6337.282,,4.0,1,False,False,65.2,1.956,293.0,253.0,,305.0
British,2023,RUS,Mercedes,29.0,113.262,50.724,37.231,25.307,MEDIUM,1.0,2.0,,6366.781,9.0,1,False,True,63.6,1.908,289.0,259.0,250.0,301.0
British,2023,RUS,Mercedes,30.0,91.51,29.321,37.145,25.044,MEDIUM,2.0,2.0,,,9.0,1,True,True,62.0,1.86,293.0,261.0,249.0,318.0
British,2023,RUS,Mercedes,31.0,91.8,29.104,37.339,25.357,MEDIUM,3.0,2.0,,,8.0,1,True,True,60.4,1.812,318.0,258.0,249.0,305.0
British,2023,RUS,Mercedes,32.0,100.097,29.566,37.175,33.356,MEDIUM,4.0,2.0,,,8.0,126,False,True,58.8,1.764,294.0,262.0,200.0,320.0
British,2023,RUS,Mercedes,33.0,128.178,41.806,51.231,35.141,MEDIUM,5.0,2.0,,,6.0,64,False,True,57.2,1.716,122.0,242.0,173.0,250.0
British,2023,RUS,Mercedes,34.0,131.011,47.259,46.162,37.59,MEDIUM,6.0,2.0,,,5.0,4,False,True,55.6,1.668,149.0,245.0,238.0,233.0
British,2023,RUS,Mercedes,35.0,146.512,47.905,59.461,39.146,MEDIUM,7.0,2.0,,,5.0,4,False,True,54.0,1.62,214.0,208.0,118.0,135.0
British,2023,RUS,Mercedes,36.0,146.366,54.08,55.585,36.701,MEDIUM,8.0,2.0,,,5.0,4,False,True,52.4,1.572,108.0,134.0,189.0,276.0
British,2023,RUS,Mercedes,37.0,144.727,51.251,55.16,38.316,MEDIUM,9.0,2.0,,,5.0,4,False,True,50.8,1.524,180.0,166.0,114.0,182.0
British,2023,RUS,Mercedes,38.0,138.924,41.753,55.605,41.566,MEDIUM,10.0,2.0,,,5.0,41,False,True,49.2,1.476,191.0,189.0,252.0,109.0
British,2023,RUS,Mercedes,39.0,91.848,29.049,37.331,25.468,MEDIUM,11.0,2.0,,,5.0,1,True,True,47.6,1.428,311.0,260.0,251.0,309.0
British,2023,RUS,Mercedes,40.0,91.606,29.251,37.051,25.304,MEDIUM,12.0,2.0,,,5.0,1,True,True,46.0,1.38,299.0,260.0,251.0,309.0
British,2023,RUS,Mercedes,41.0,91.124,29.144,36.929,25.051,MEDIUM,13.0,2.0,,,5.0,1,True,True,44.4,1.332,316.0,265.0,251.0,324.0
British,2023,RUS,Mercedes,42.0,91.188,29.144,36.948,25.096,MEDIUM,14.0,2.0,,,5.0,1,True,True,42.8,1.284,301.0,263.0,251.0,320.0
British,2023,RUS,Mercedes,43.0,91.231,29.193,36.759,25.279,MEDIUM,15.0,2.0,,,5.0,1,True,True,41.2,1.236,301.0,262.0,250.0,308.0
British,2023,RUS,Mercedes,44.0,91.568,29.174,37.026,25.368,MEDIUM,16.0,2.0,,,5.0,1,True,True,39.6,1.188,299.0,259.0,249.0,305.0
British,2023,RUS,Mercedes,45.0,91.718,29.201,37.067,25.45,MEDIUM,17.0,2.0,,,5.0,1,True,True,38.0,1.14,308.0,262.0,248.0,304.0
British,2023,RUS,Mercedes,46.0,91.984,29.319,37.124,25.541,MEDIUM,18.0,2.0,,,5.0,1,True,True,36.4,1.092,296.0,260.0,248.0,299.0
British,2023,RUS,Mercedes,47.0,91.644,29.177,36.978,25.489,MEDIUM,19.0,2.0,,,5.0,1,True,True,34.8,1.044,299.0,260.0,250.0,301.0
British,2023,RUS,Mercedes,48.0,91.569,29.189,37.001,25.379,MEDIUM,20.0,2.0,,,5.0,1,True,True,33.2,0.996,299.0,260.0,251.0,300.0
British,2023,RUS,Mercedes,49.0,91.612,29.143,36.987,25.482,MEDIUM,21.0,2.0,,,5.0,1,True,True,31.6,0.948,300.0,260.0,250.0,298.0
British,2023,RUS,Mercedes,50.0,91.421,29.173,36.843,25.405,MEDIUM,22.0,2.0,,,5.0,1,True,True,30.0,0.9,302.0,261.0,249.0,301.0
British,2023,RUS,Mercedes,51.0,91.563,29.089,37.001,25.473,MEDIUM,23.0,2.0,,,5.0,1,True,True,28.4,0.852,302.0,259.0,250.0,302.0
British,2023,RUS,Mercedes,52.0,91.433,29.079,36.925,25.429,MEDIUM,24.0,2.0,,,5.0,1,True,True,26.8,0.804,305.0,262.0,250.0,308.0
British,2023,BOT,Alfa Romeo,1.0,104.975,,40.871,27.112,HARD,1.0,1.0,,,18.0,1,False,True,108.4,3.252,281.0,252.0,245.0,301.0
British,2023,BOT,Alfa Romeo,2.0,96.741,30.424,39.379,26.938,HARD,2.0,1.0,,,19.0,1,True,True,106.8,3.204,304.0,252.0,242.0,299.0
British,2023,BOT,Alfa Romeo,3.0,94.865,29.844,38.861,26.16,HARD,3.0,1.0,,,19.0,1,True,True,105.2,3.156,314.0,255.0,244.0,322.0
British,2023,BOT,Alfa Romeo,4.0,94.611,29.847,38.703,26.061,HARD,4.0,1.0,,,19.0,1,True,True,103.6,3.108,307.0,254.0,245.0,318.0
British,2023,BOT,Alfa Romeo,5.0,94.804,29.766,38.804,26.234,HARD,5.0,1.0,,,19.0,1,True,True,102.0,3.06,308.0,254.0,245.0,317.0
British,2023,BOT,Alfa Romeo,6.0,94.791,30.046,38.444,26.301,HARD,6.0,1.0,,,19.0,1,True,True,100.4,3.012,288.0,253.0,245.0,298.0
British,2023,BOT,Alfa Romeo,7.0,94.879,29.863,38.733,26.283,HARD,7.0,1.0,,,19.0,1,True,True,98.8,2.964,304.0,255.0,245.0,316.0
British,2023,BOT,Alfa Romeo,8.0,94.476,29.875,38.578,26.023,HARD,8.0,1.0,,,18.0,1,True,True,97.2,2.916,303.0,255.0,245.0,312.0
British,2023,BOT,Alfa Romeo,9.0,94.386,29.954,38.344,26.088,HARD,9.0,1.0,,,18.0,1,True,True,95.6,2.868,288.0,252.0,245.0,299.0
British,2023,BOT,Alfa Romeo,10.0,94.306,30.015,38.203,26.088,HARD,10.0,1.0,,,17.0,1,True,True,94.0,2.82,287.0,253.0,245.0,297.0
British,2023,BOT,Alfa Romeo,11.0,94.354,29.9,38.383,26.071,HARD,11.0,1.0,,,17.0,1,True,True,92.4,2.772,288.0,252.0,245.0,297.0
British,2023,BOT,Alfa Romeo,12.0,94.541,30.094,38.281,26.166,HARD,12.0,1.0,,,17.0,1,True,True,90.8,2.724,287.0,252.0,245.0,291.0
British,2023,BOT,Alfa Romeo,13.0,94.618,30.119,38.272,26.227,HARD,13.0,1.0,,,17.0,1,True,True,89.2,2.676,283.0,252.0,245.0,288.0
British,2023,BOT,Alfa Romeo,14.0,94.604,30.215,38.253,26.136,HARD,14.0,1.0,,,17.0,1,True,True,87.6,2.628,283.0,252.0,246.0,293.0
British,2023,BOT,Alfa Romeo,15.0,94.627,30.331,38.191,26.105,HARD,15.0,1.0,,,16.0,1,True,True,86.0,2.58,283.0,252.0,246.0,293.0
British,2023,BOT,Alfa Romeo,16.0,94.367,30.152,38.057,26.158,HARD,16.0,1.0,,,16.0,1,True,True,84.4,2.532,283.0,252.0,247.0,292.0
British,2023,BOT,Alfa Romeo,17.0,93.867,30.111,37.712,26.044,HARD,17.0,1.0,,,16.0,1,True,True,82.8,2.484,284.0,253.0,245.0,293.0
British,2023,BOT,Alfa Romeo,18.0,93.749,30.055,37.711,25.983,HARD,18.0,1.0,,,16.0,1,True,True,81.2,2.436,284.0,254.0,247.0,293.0
British,2023,BOT,Alfa Romeo,19.0,93.73,30.048,37.742,25.94,HARD,19.0,1.0,,,16.0,1,True,True,79.6,2.388,284.0,253.0,248.0,298.0
British,2023,BOT,Alfa Romeo,20.0,93.671,29.995,37.645,26.031,HARD,20.0,1.0,,,16.0,1,True,True,78.0,2.34,284.0,252.0,247.0,294.0
British,2023,BOT,Alfa Romeo,21.0,93.607,29.996,37.774,25.837,HARD,21.0,1.0,,,16.0,1,True,True,76.4,2.292,284.0,253.0,248.0,297.0
British,2023,BOT,Alfa Romeo,22.0,93.468,29.936,37.631,25.901,HARD,22.0,1.0,,,16.0,1,True,True,74.8,2.244,284.0,254.0,247.0,296.0
British,2023,BOT,Alfa Romeo,23.0,93.787,30.029,37.836,25.922,HARD,23.0,1.0,,,16.0,1,True,True,73.2,2.196,285.0,253.0,247.0,296.0
British,2023,BOT,Alfa Romeo,24.0,93.464,29.834,37.764,25.866,HARD,24.0,1.0,,,16.0,1,True,True,71.6,2.148,285.0,253.0,247.0,300.0
British,2023,BOT,Alfa Romeo,25.0,93.292,29.892,37.622,25.778,HARD,25.0,1.0,,,15.0,1,True,True,70.0,2.1,283.0,254.0,247.0,295.0
British,2023,BOT,Alfa Romeo,26.0,93.47,29.981,37.671,25.818,HARD,26.0,1.0,,,15.0,1,True,True,68.4,2.052,283.0,253.0,247.0,294.0
British,2023,BOT,Alfa Romeo,27.0,93.588,29.999,37.771,25.818,HARD,27.0,1.0,,,15.0,1,True,True,66.8,2.004,284.0,254.0,248.0,296.0
British,2023,BOT,Alfa Romeo,28.0,93.5,29.9,37.79,25.81,HARD,28.0,1.0,,,14.0,1,True,True,65.2,1.956,284.0,250.0,248.0,293.0
British,2023,BOT,Alfa Romeo,29.0,93.351,30.0,37.592,25.759,HARD,29.0,1.0,,,14.0,1,True,True,63.6,1.908,284.0,255.0,249.0,293.0
British,2023,BOT,Alfa Romeo,30.0,93.367,29.967,37.72,25.68,HARD,30.0,1.0,,,13.0,1,True,True,62.0,1.86,283.0,255.0,248.0,294.0
British,2023,BOT,Alfa Romeo,31.0,93.44,29.976,37.764,25.7,HARD,31.0,1.0,,,13.0,1,True,True,60.4,1.812,282.0,255.0,248.0,294.0
British,2023,BOT,Alfa Romeo,32.0,105.965,29.929,43.363,32.673,HARD,32.0,1.0,6758.227,,12.0,126,False,True,58.8,1.764,283.0,196.0,,207.0
British,2023,BOT,Alfa Romeo,33.0,146.908,64.731,46.829,35.348,SOFT,1.0,2.0,,6787.883,14.0,64,False,True,57.2,1.716,170.0,230.0,154.0,164.0
British,2023,BOT,Alfa Romeo,34.0,126.68,44.769,47.908,34.003,SOFT,2.0,2.0,,,14.0,4,False,True,55.6,1.668,194.0,171.0,197.0,195.0
British,2023,BOT,Alfa Romeo,35.0,120.029,40.431,43.96,35.638,SOFT,3.0,2.0,,,14.0,4,False,True,54.0,1.62,206.0,228.0,86.0,153.0
British,2023,BOT,Alfa Romeo,36.0,145.248,56.103,51.036,38.109,SOFT,4.0,2.0,,,14.0,4,False,True,52.4,1.572,198.0,85.0,224.0,241.0
British,2023,BOT,Alfa Romeo,37.0,145.027,52.907,52.237,39.883,SOFT,5.0,2.0,,,14.0,4,False,True,50.8,1.524,110.0,119.0,94.0,253.0
British,2023,BOT,Alfa Romeo,38.0,131.371,39.816,54.101,37.454,SOFT,6.0,2.0,,,14.0,41,False,True,49.2,1.476,219.0,150.0,252.0,192.0
British,2023,BOT,Alfa Romeo,39.0,92.618,29.365,37.584,25.669,SOFT,7.0,2.0,,,14.0,1,True,True,47.6,1.428,303.0,258.0,251.0,312.0
British,2023,BOT,Alfa Romeo,40.0,93.056,29.615,37.557,25.884,SOFT,8.0,2.0,,,14.0,1,True,True,46.0,1.38,294.0,256.0,251.0,304.0
British,2023,BOT,Alfa Romeo,41.0,92.229,29.317,37.418,25.494,SOFT,9.0,2.0,,,14.0,1,True,True,44.4,1.332,313.0,262.0,251.0,323.0
British,2023,BOT,Alfa Romeo,42.0,91.902,29.193,37.413,25.296,SOFT,10.0,2.0,,,14.0,1,True,True,42.8,1.284,311.0,262.0,250.0,321.0
British,2023,BOT,Alfa Romeo,43.0,92.047,29.472,37.073,25.502,SOFT,11.0,2.0,,,14.0,1,True,True,41.2,1.236,294.0,260.0,249.0,302.0
British,2023,BOT,Alfa Romeo,44.0,92.563,29.574,37.415,25.574,SOFT,12.0,2.0,,,14.0,1,True,True,39.6,1.188,296.0,256.0,248.0,304.0
British,2023,BOT,Alfa Romeo,45.0,93.177,29.477,37.792,25.908,SOFT,13.0,2.0,,,13.0,1,True,True,38.0,1.14,299.0,261.0,234.0,304.0
British,2023,BOT,Alfa Romeo,46.0,92.284,29.478,37.322,25.484,SOFT,14.0,2.0,,,13.0,1,True,True,36.4,1.092,291.0,259.0,249.0,301.0
British,2023,BOT,Alfa Romeo,47.0,92.079,29.491,37.185,25.403,SOFT,15.0,2.0,,,13.0,1,True,True,34.8,1.044,291.0,257.0,249.0,297.0
British,2023,BOT,Alfa Romeo,48.0,91.974,29.329,37.239,25.406,SOFT,16.0,2.0,,,13.0,1,True,True,33.2,0.996,290.0,259.0,249.0,300.0
British,2023,BOT,Alfa Romeo,49.0,92.167,29.485,37.237,25.445,SOFT,17.0,2.0,,,13.0,1,True,True,31.6,0.948,290.0,259.0,250.0,298.0
British,2023,BOT,Alfa Romeo,50.0,92.163,29.428,37.192,25.543,SOFT,18.0,2.0,,,13.0,1,True,True,30.0,0.9,290.0,258.0,249.0,299.0
British,2023,BOT,Alfa Romeo,51.0,92.133,29.433,37.132,25.568,SOFT,19.0,2.0,,,13.0,1,True,True,28.4,0.852,288.0,261.0,251.0,295.0
British,2023,BOT,Alfa Romeo,52.0,91.852,29.345,37.127,25.38,SOFT,20.0,2.0,,,13.0,1,True,True,26.8,0.804,293.0,261.0,248.0,307.0
British,2023,PIA,McLaren,1.0,97.773,,38.393,26.2,MEDIUM,1.0,1.0,,,3.0,1,False,True,108.4,3.252,306.0,254.0,246.0,297.0
British,2023,PIA,McLaren,2.0,93.845,29.69,38.097,26.058,MEDIUM,2.0,1.0,,,3.0,1,True,True,106.8,3.204,293.0,254.0,246.0,291.0
British,2023,PIA,McLaren,3.0,92.499,29.356,37.593,25.55,MEDIUM,3.0,1.0,,,3.0,1,True,True,105.2,3.156,309.0,257.0,246.0,316.0
British,2023,PIA,McLaren,4.0,92.581,29.344,37.635,25.602,MEDIUM,4.0,1.0,,,3.0,1,True,True,103.6,3.108,311.0,257.0,246.0,316.0
British,2023,PIA,McLaren,5.0,93.461,29.602,37.893,25.966,MEDIUM,5.0,1.0,,,3.0,1,True,True,102.0,3.06,311.0,257.0,244.0,318.0
British,2023,PIA,McLaren,6.0,93.008,29.595,37.671,25.742,MEDIUM,6.0,1.0,,,3.0,1,True,True,100.4,3.012,309.0,258.0,246.0,316.0
British,2023,PIA,McLaren,7.0,93.29,29.724,37.765,25.801,MEDIUM,7.0,1.0,,,3.0,1,True,True,98.8,2.964,309.0,257.0,245.0,316.0
British,2023,PIA,McLaren,8.0,93.233,29.64,37.784,25.809,MEDIUM,8.0,1.0,,,3.0,1,True,True,97.2,2.916,312.0,257.0,245.0,315.0
British,2023,PIA,McLaren,9.0,92.79,29.631,37.572,25.587,MEDIUM,9.0,1.0,,,3.0,1,True,True,95.6,2.868,309.0,259.0,246.0,318.0
British,2023,PIA,McLaren,10.0,93.379,29.625,37.789,25.965,MEDIUM,10.0,1.0,,,3.0,1,True,True,94.0,2.82,312.0,253.0,245.0,296.0
British,2023,PIA,McLaren,11.0,92.976,29.632,37.552,25.792,MEDIUM,11.0,1.0,,,3.0,1,True,True,92.4,2.772,296.0,257.0,245.0,297.0
British,2023,PIA,McLaren,12.0,93.464,29.965,37.446,26.053,MEDIUM,12.0,1.0,,,3.0,1,True,True,90.8,2.724,294.0,255.0,243.0,294.0
British,2023,PIA,McLaren,13.0,93.144,29.818,37.33,25.996,MEDIUM,13.0,1.0,,,3.0,1,True,True,89.2,2.676,296.0,255.0,243.0,292.0
British,2023,PIA,McLaren,14.0,93.603,30.266,37.378,25.959,MEDIUM,14.0,1.0,,,3.0,1,True,True,87.6,2.628,290.0,255.0,244.0,294.0
British,2023,PIA,McLaren,15.0,93.267,30.086,37.311,25.87,MEDIUM,15.0,1.0,,,3.0,1,True,True,86.0,2.58,291.0,255.0,244.0,295.0
British,2023,PIA,McLaren,16.0,93.005,29.927,37.276,25.802,MEDIUM,16.0,1.0,,,3.0,1,True,True,84.4,2.532,292.0,255.0,245.0,298.0
British,2023,PIA,McLaren,17.0,92.775,29.857,37.159,25.759,MEDIUM,17.0,1.0,,,3.0,1,True,True,82.8,2.484,292.0,257.0,245.0,298.0
British,2023,PIA,McLaren,18.0,93.019,29.992,37.231,25.796,MEDIUM,18.0,1.0,,,3.0,1,True,True,81.2,2.436,291.0,254.0,245.0,297.0
British,2023,PIA,McLaren,19.0,92.88,30.074,37.18,25.626,MEDIUM,19.0,1.0,,,3.0,1,True,True,79.6,2.388,291.0,256.0,246.0,299.0
British,2023,PIA,McLaren,20.0,92.66,29.79,37.239,25.631,MEDIUM,20.0,1.0,,,3.0,1,True,True,78.0,2.34,291.0,255.0,247.0,298.0
British,2023,PIA,McLaren,21.0,92.749,29.861,37.222,25.666,MEDIUM,21.0,1.0,,,3.0,1,True,True,76.4,2.292,292.0,254.0,247.0,298.0
British,2023,PIA,McLaren,22.0,92.537,29.838,37.067,25.632,MEDIUM,22.0,1.0,,,3.0,1,True,True,74.8,2.244,291.0,256.0,246.0,296.0
British,2023,PIA,McLaren,23.0,92.732,29.864,37.221,25.647,MEDIUM,23.0,1.0,,,3.0,1,True,True,73.2,2.196,291.0,255.0,247.0,297.0
British,2023,PIA,McLaren,24.0,92.676,30.04,37.138,25.498,MEDIUM,24.0,1.0,,,3.0,1,True,True,71.6,2.148,291.0,257.0,246.0,300.0
British,2023,PIA,McLaren,25.0,92.809,30.094,37.157,25.558,MEDIUM,25.0,1.0,,,3.0,1,True,True,70.0,2.1,293.0,257.0,246.0,300.0
British,2023,PIA,McLaren,26.0,93.052,29.914,37.402,25.736,MEDIUM,26.0,1.0,,,3.0,1,True,True,68.4,2.052,293.0,256.0,245.0,302.0
British,2023,PIA,McLaren,27.0,92.844,29.936,37.305,25.603,MEDIUM,27.0,1.0,,,3.0,1,True,True,66.8,2.004,293.0,256.0,247.0,300.0
British,2023,PIA,McLaren,28.0,93.19,30.085,37.378,25.727,MEDIUM,28.0,1.0,,,3.0,1,True,True,65.2,1.956,291.0,257.0,248.0,298.0
British,2023,PIA,McLaren,29.0,92.563,29.939,37.39,25.234,MEDIUM,29.0,1.0,6424.827,,3.0,1,False,True,63.6,1.908,292.0,256.0,,297.0
British,2023,PIA,McLaren,30.0,112.49,50.213,36.939,25.338,HARD,1.0,2.0,,6453.436,6.0,1,False,True,62.0,1.86,291.0,259.0,249.0,300.0
British,2023,PIA,McLaren,31.0,91.68,29.485,37.273,24.922,HARD,2.0,2.0,,,5.0,1,True,True,60.4,1.812,292.0,261.0,248.0,322.0
British,2023,PIA,McLaren,32.0,99.41,29.584,36.908,32.918,HARD,3.0,2.0,,,5.0,126,False,True,58.8,1.764,288.0,258.0,159.0,298.0
British,2023,PIA,McLaren,33.0,127.856,43.068,49.753,35.035,HARD,4.0,2.0,,,5.0,64,False,True,57.2,1.716,167.0,193.0,189.0,216.0
British,2023,PIA,McLaren,34.0,134.583,46.332,48.464,39.787,HARD,5.0,2.0,,,4.0,4,False,True,55.6,1.668,175.0,193.0,187.0,258.0
British,2023,PIA,McLaren,35.0,148.389,48.523,60.377,39.489,HARD,6.0,2.0,,,4.0,4,False,True,54.0,1.62,131.0,144.0,92.0,196.0
British,2023,PIA,McLaren,36.0,145.4,53.344,55.47,36.586,HARD,7.0,2.0,,,4.0,4,False,True,52.4,1.572,152.0,142.0,148.0,269.0
British,2023,PIA,McLaren,37.0,145.067,51.094,55.673,38.3,HARD,8.0,2.0,,,4.0,4,False,True,50.8,1.524,130.0,179.0,106.0,172.0
British,2023,PIA,McLaren,38.0,139.502,40.865,56.576,42.061,HARD,9.0,2.0,,,4.0,41,False,True,49.2,1.476,242.0,159.0,249.0,100.0
British,2023,PIA,McLaren,39.0,91.646,29.356,36.926,25.364,HARD,10.0,2.0,,,4.0,1,True,True,47.6,1.428,302.0,259.0,250.0,306.0
British,2023,PIA,McLaren,40.0,91.475,29.284,36.811,25.38,HARD,11.0,2.0,,,4.0,1,True,True,46.0,1.38,295.0,260.0,250.0,300.0
British,2023,PIA,McLaren,41.0,90.85,29.043,36.68,25.127,HARD,12.0,2.0,,,4.0,1,True,True,44.4,1.332,313.0,262.0,250.0,308.0
British,2023,PIA,McLaren,42.0,91.178,29.221,36.82,25.137,HARD,13.0,2.0,,,4.0,1,True,True,42.8,1.284,298.0,260.0,251.0,303.0
British,2023,PIA,McLaren,43.0,91.011,29.264,36.603,25.144,HARD,14.0,2.0,,,4.0,1,True,True,41.2,1.236,300.0,262.0,249.0,305.0
British,2023,PIA,McLaren,44.0,91.465,29.294,36.911,25.26,HARD,15.0,2.0,,,4.0,1,True,True,39.6,1.188,298.0,260.0,249.0,303.0
British,2023,PIA,McLaren,45.0,91.406,29.352,36.8,25.254,HARD,16.0,2.0,,,4.0,1,True,True,38.0,1.14,300.0,263.0,248.0,302.0
British,2023,PIA,McLaren,46.0,91.496,29.211,36.867,25.418,HARD,17.0,2.0,,,4.0,1,True,True,36.4,1.092,298.0,262.0,246.0,302.0
British,2023,PIA,McLaren,47.0,91.427,29.187,36.888,25.352,HARD,18.0,2.0,,,4.0,1,True,True,34.8,1.044,299.0,260.0,248.0,300.0
British,2023,PIA,McLaren,48.0,91.159,29.228,36.655,25.276,HARD,19.0,2.0,,,4.0,1,True,True,33.2,0.996,300.0,261.0,250.0,302.0
British,2023,PIA,McLaren,49.0,91.422,29.203,36.86,25.359,HARD,20.0,2.0,,,4.0,1,True,True,31.6,0.948,298.0,262.0,249.0,298.0
British,2023,PIA,McLaren,50.0,91.752,29.431,36.833,25.488,HARD,21.0,2.0,,,4.0,1,True,True,30.0,0.9,301.0,261.0,246.0,303.0
British,2023,PIA,McLaren,51.0,91.305,29.211,36.743,25.351,HARD,22.0,2.0,,,4.0,1,True,True,28.4,0.852,300.0,262.0,250.0,299.0
British,2023,PIA,McLaren,52.0,90.941,29.092,36.59,25.259,HARD,23.0,2.0,,,4.0,1,True,True,26.8,0.804,303.0,261.0,250.0,309.0
