Race,Season,Driver,Team,LapNumber,LapTime_s,Compound,TyreLife,Stint,PitInTime_s,PitOutTime_s,Position,TrackStatus,FuelLoad_kg,FuelCorrection_s,IsAccurate,DegRate_s_lap,TotalLaps,LapsRemaining,SafetyCar,RedFlag,IsPitLap
British,2023,VER,Red Bull Racing,1.0,97.167,MEDIUM,1.0,1.0,,,2.0,1,108.4,3.252,False,0.0936,52.0,51.0,0,0,0
British,2023,VER,Red Bull Racing,2.0,93.433,MEDIUM,2.0,1.0,,,2.0,1,106.8,3.204,True,0.0936,52.0,50.0,0,0,0
British,2023,VER,Red Bull Racing,3.0,92.73,MEDIUM,3.0,1.0,,,2.0,1,105.2,3.156,True,0.0936,52.0,49.0,0,0,0
British,2023,VER,Red Bull Racing,4.0,92.78,MEDIUM,4.0,1.0,,,2.0,1,103.6,3.108,True,0.0936,52.0,48.0,0,0,0
British,2023,VER,Red Bull Racing,5.0,92.582,MEDIUM,5.0,1.0,,,1.0,1,102.0,3.06,True,0.0936,52.0,47.0,0,0,0
British,2023,VER,Red Bull Racing,6.0,93.027,MEDIUM,6.0,1.0,,,1.0,1,100.4,3.012,True,0.0936,52.0,46.0,0,0,0
British,2023,VER,Red Bull Racing,7.0,93.1,MEDIUM,7.0,1.0,,,1.0,1,98.8,2.964,True,0.0936,52.0,45.0,0,0,0
British,2023,VER,Red Bull Racing,8.0,92.884,MEDIUM,8.0,1.0,,,1.0,1,97.2,2.916,True,0.0936,52.0,44.0,0,0,0
British,2023,VER,Red Bull Racing,9.0,92.822,MEDIUM,9.0,1.0,,,1.0,1,95.6,2.868,True,0.0936,52.0,43.0,0,0,0
British,2023,VER,Red Bull Racing,10.0,92.594,MEDIUM,10.0,1.0,,,1.0,1,94.0,2.82,True,0.0936,52.0,42.0,0,0,0
British,2023,VER,Red Bull Racing,11.0,92.597,MEDIUM,11.0,1.0,,,1.0,1,92.4,2.772,True,0.0936,52.0,41.0,0,0,0
British,2023,VER,Red Bull Racing,12.0,92.687,MEDIUM,12.0,1.0,,,1.0,1,90.8,2.724,True,0.0936,52.0,40.0,0,0,0
British,2023,VER,Red Bull Racing,13.0,92.678,MEDIUM,13.0,1.0,,,1.0,1,89.2,2.676,True,0.0936,52.0,39.0,0,0,0
British,2023,VER,Red Bull Racing,14.0,93.046,MEDIUM,14.0,1.0,,,1.0,1,87.6,2.628,True,0.0936,52.0,38.0,0,0,0
British,2023,VER,Red Bull Racing,15.0,92.99,MEDIUM,15.0,1.0,,,1.0,1,86.0,2.58,True,0.0936,52.0,37.0,0,0,0
British,2023,VER,Red Bull Racing,16.0,92.808,MEDIUM,16.0,1.0,,,1.0,1,84.4,2.532,True,0.0936,52.0,36.0,0,0,0
British,2023,VER,Red Bull Racing,17.0,92.603,MEDIUM,17.0,1.0,,,1.0,1,82.8,2.484,True,0.0936,52.0,35.0,0,0,0
British,2023,VER,Red Bull Racing,18.0,92.507,MEDIUM,18.0,1.0,,,1.0,1,81.2,2.436,True,0.0936,52.0,34.0,0,0,0
British,2023,VER,Red Bull Racing,19.0,92.338,MEDIUM,19.0,1.0,,,1.0,1,79.6,2.388,True,0.0936,52.0,33.0,0,0,0
British,2023,VER,Red Bull Racing,20.0,92.295,MEDIUM,20.0,1.0,,,1.0,1,78.0,2.34,True,0.0936,52.0,32.0,0,0,0
British,2023,VER,Red Bull Racing,21.0,92.494,MEDIUM,21.0,1.0,,,1.0,1,76.4,2.292,True,0.0936,52.0,31.0,0,0,0
British,2023,VER,Red Bull Racing,22.0,92.184,MEDIUM,22.0,1.0,,,1.0,1,74.8,2.244,True,0.0936,52.0,30.0,0,0,0
British,2023,VER,Red Bull Racing,23.0,92.272,MEDIUM,23.0,1.0,,,1.0,1,73.2,2.196,True,0.0936,52.0,29.0,0,0,0
British,2023,VER,Red Bull Racing,24.0,92.35,MEDIUM,24.0,1.0,,,1.0,1,71.6,2.148,True,0.0936,52.0,28.0,0,0,0
British,2023,VER,Red Bull Racing,25.0,92.295,MEDIUM,25.0,1.0,,,1.0,1,70.0,2.1,True,0.0936,52.0,27.0,0,0,0
British,2023,VER,Red Bull Racing,26.0,92.276,MEDIUM,26.0,1.0,,,1.0,1,68.4,2.052,True,0.0936,52.0,26.0,0,0,0
British,2023,VER,Red Bull Racing,27.0,92.138,MEDIUM,27.0,1.0,,,1.0,1,66.8,2.004,True,0.0936,52.0,25.0,0,0,0
British,2023,VER,Red Bull Racing,28.0,92.215,MEDIUM,28.0,1.0,,,1.0,1,65.2,1.956,True,0.0936,52.0,24.0,0,0,0
British,2023,VER,Red Bull Racing,29.0,92.251,MEDIUM,29.0,1.0,,,1.0,1,63.6,1.908,True,0.0936,52.0,23.0,0,0,0
British,2023,VER,Red Bull Racing,30.0,92.363,MEDIUM,30.0,1.0,,,1.0,1,62.0,1.86,True,0.0936,52.0,22.0,0,0,0
British,2023,VER,Red Bull Racing,31.0,92.388,MEDIUM,31.0,1.0,,,1.0,1,60.4,1.812,True,0.0936,52.0,21.0,0,0,0
British,2023,VER,Red Bull Racing,32.0,92.21,MEDIUM,32.0,1.0,,,1.0,1,58.8,1.764,True,0.0936,52.0,20.0,0,0,0
British,2023,VER,Red Bull Racing,33.0,118.611,MEDIUM,33.0,1.0,6808.742,,1.0,1264,57.2,1.716,False,0.0936,52.0,19.0,0,0,1
British,2023,VER,Red Bull Racing,34.0,,SOFT,4.0,2.0,,6837.789,1.0,4,55.6,1.668,False,-0.1362,52.0,18.0,1,0,0
British,2023,VER,Red Bull Racing,35.0,147.771,SOFT,5.0,2.0,,,1.0,4,54.0,1.62,False,-0.1362,52.0,17.0,1,0,0
British,2023,VER,Red Bull Racing,36.0,146.545,SOFT,6.0,2.0,,,1.0,4,52.4,1.572,False,-0.1362,52.0,16.0,1,0,0
British,2023,VER,Red Bull Racing,37.0,143.835,SOFT,7.0,2.0,,,1.0,4,50.8,1.524,False,-0.1362,52.0,15.0,1,0,0
British,2023,VER,Red Bull Racing,38.0,141.674,SOFT,8.0,2.0,,,1.0,41,49.2,1.476,False,-0.1362,52.0,14.0,0,0,0
British,2023,VER,Red Bull Racing,39.0,90.348,SOFT,9.0,2.0,,,1.0,1,47.6,1.428,True,-0.1362,52.0,13.0,0,0,0
British,2023,VER,Red Bull Racing,40.0,90.547,SOFT,10.0,2.0,,,1.0,1,46.0,1.38,True,-0.1362,52.0,12.0,0,0,0
British,2023,VER,Red Bull Racing,41.0,90.688,SOFT,11.0,2.0,,,1.0,1,44.4,1.332,True,-0.1362,52.0,11.0,0,0,0
British,2023,VER,Red Bull Racing,42.0,90.275,SOFT,12.0,2.0,,,1.0,1,42.8,1.284,True,-0.1362,52.0,10.0,0,0,0
British,2023,VER,Red Bull Racing,43.0,90.535,SOFT,13.0,2.0,,,1.0,1,41.2,1.236,True,-0.1362,52.0,9.0,0,0,0
British,2023,VER,Red Bull Racing,44.0,90.648,SOFT,14.0,2.0,,,1.0,1,39.6,1.188,True,-0.1362,52.0,8.0,0,0,0
British,2023,VER,Red Bull Racing,45.0,91.342,SOFT,15.0,2.0,,,1.0,1,38.0,1.14,True,-0.1362,52.0,7.0,0,0,0
British,2023,VER,Red Bull Racing,46.0,91.114,SOFT,16.0,2.0,,,1.0,1,36.4,1.092,True,-0.1362,52.0,6.0,0,0,0
British,2023,VER,Red Bull Racing,47.0,91.148,SOFT,17.0,2.0,,,1.0,1,34.8,1.044,True,-0.1362,52.0,5.0,0,0,0
British,2023,VER,Red Bull Racing,48.0,91.4,SOFT,18.0,2.0,,,1.0,1,33.2,0.996,True,-0.1362,52.0,4.0,0,0,0
British,2023,VER,Red Bull Racing,49.0,91.218,SOFT,19.0,2.0,,,1.0,1,31.6,0.948,True,-0.1362,52.0,3.0,0,0,0
British,2023,VER,Red Bull Racing,50.0,91.292,SOFT,20.0,2.0,,,1.0,1,30.0,0.9,True,-0.1362,52.0,2.0,0,0,0
British,2023,VER,Red Bull Racing,51.0,91.397,SOFT,21.0,2.0,,,1.0,1,28.4,0.852,True,-0.1362,52.0,1.0,0,0,0
British,2023,VER,Red Bull Racing,52.0,90.975,SOFT,22.0,2.0,,,1.0,1,26.8,0.804,True,-0.1362,52.0,0.0,0,0,0
British,2023,GAS,Alpine,1.0,101.014,MEDIUM,1.0,1.0,,,9.0,1,108.4,3.252,False,-0.2201,46.0,45.0,0,0,0
British,2023,GAS,Alpine,2.0,94.706,MEDIUM,2.0,1.0,,,9.0,1,106.8,3.204,True,-0.2201,46.0,44.0,0,0,0
British,2023,GAS,Alpine,3.0,93.605,MEDIUM,3.0,1.0,,,9.0,1,105.2,3.156,True,-0.2201,46.0,43.0,0,0,0
British,2023,GAS,Alpine,4.0,93.349,MEDIUM,4.0,1.0,,,9.0,1,103.6,3.108,True,-0.2201,46.0,42.0,0,0,0
British,2023,GAS,Alpine,5.0,93.863,MEDIUM,5.0,1.0,,,9.0,1,102.0,3.06,True,-0.2201,46.0,41.0,0,0,0
British,2023,GAS,Alpine,6.0,94.143,MEDIUM,6.0,1.0,,,9.0,1,100.4,3.012,True,-0.2201,46.0,40.0,0,0,0
British,2023,GAS,Alpine,7.0,94.399,MEDIUM,7.0,1.0,,,9.0,1,98.8,2.964,True,-0.2201,46.0,39.0,0,0,0
British,2023,GAS,Alpine,8.0,93.905,MEDIUM,8.0,1.0,,,9.0,1,97.2,2.916,True,-0.2201,46.0,38.0,0,0,0
British,2023,GAS,Alpine,9.0,93.592,MEDIUM,9.0,1.0,,,9.0,1,95.6,2.868,True,-0.2201,46.0,37.0,0,0,0
British,2023,GAS,Alpine,10.0,93.855,MEDIUM,10.0,1.0,,,9.0,1,94.0,2.82,True,-0.2201,46.0,36.0,0,0,0
British,2023,GAS,Alpine,11.0,93.836,MEDIUM,11.0,1.0,,,9.0,1,92.4,2.772,True,-0.2201,46.0,35.0,0,0,0
British,2023,GAS,Alpine,12.0,93.705,MEDIUM,12.0,1.0,,,9.0,1,90.8,2.724,True,-0.2201,46.0,34.0,0,0,0
British,2023,GAS,Alpine,13.0,93.683,MEDIUM,13.0,1.0,,,9.0,1,89.2,2.676,True,-0.2201,46.0,33.0,0,0,0
British,2023,GAS,Alpine,14.0,93.843,MEDIUM,14.0,1.0,,,9.0,1,87.6,2.628,True,-0.2201,46.0,32.0,0,0,0
British,2023,GAS,Alpine,15.0,93.769,MEDIUM,15.0,1.0,,,9.0,1,86.0,2.58,True,-0.2201,46.0,31.0,0,0,0
British,2023,GAS,Alpine,16.0,93.535,MEDIUM,16.0,1.0,,,9.0,1,84.4,2.532,True,-0.2201,46.0,30.0,0,0,0
British,2023,GAS,Alpine,17.0,93.138,MEDIUM,17.0,1.0,,,9.0,1,82.8,2.484,True,-0.2201,46.0,29.0,0,0,0
British,2023,GAS,Alpine,18.0,93.291,MEDIUM,18.0,1.0,,,9.0,1,81.2,2.436,True,-0.2201,46.0,28.0,0,0,0
British,2023,GAS,Alpine,19.0,93.199,MEDIUM,19.0,1.0,,,8.0,1,79.6,2.388,True,-0.2201,46.0,27.0,0,0,0
British,2023,GAS,Alpine,20.0,93.248,MEDIUM,20.0,1.0,,,8.0,1,78.0,2.34,True,-0.2201,46.0,26.0,0,0,0
British,2023,GAS,Alpine,21.0,93.098,MEDIUM,21.0,1.0,,,8.0,1,76.4,2.292,True,-0.2201,46.0,25.0,0,0,0
British,2023,GAS,Alpine,22.0,93.168,MEDIUM,22.0,1.0,,,8.0,1,74.8,2.244,True,-0.2201,46.0,24.0,0,0,0
British,2023,GAS,Alpine,23.0,92.846,MEDIUM,23.0,1.0,,,8.0,1,73.2,2.196,True,-0.2201,46.0,23.0,0,0,0
British,2023,GAS,Alpine,24.0,93.164,MEDIUM,24.0,1.0,,,8.0,1,71.6,2.148,True,-0.2201,46.0,22.0,0,0,0
British,2023,GAS,Alpine,25.0,93.098,MEDIUM,25.0,1.0,,,8.0,1,70.0,2.1,True,-0.2201,46.0,21.0,0,0,0
British,2023,GAS,Alpine,26.0,93.243,MEDIUM,26.0,1.0,,,8.0,1,68.4,2.052,True,-0.2201,46.0,20.0,0,0,0
British,2023,GAS,Alpine,27.0,92.988,MEDIUM,27.0,1.0,,,7.0,1,66.8,2.004,True,-0.2201,46.0,19.0,0,0,0
British,2023,GAS,Alpine,28.0,93.255,MEDIUM,28.0,1.0,,,7.0,1,65.2,1.956,True,-0.2201,46.0,18.0,0,0,0
British,2023,GAS,Alpine,29.0,93.283,MEDIUM,29.0,1.0,,,6.0,1,63.6,1.908,True,-0.2201,46.0,17.0,0,0,0
British,2023,GAS,Alpine,30.0,93.299,MEDIUM,30.0,1.0,,,5.0,1,62.0,1.86,True,-0.2201,46.0,16.0,0,0,0
British,2023,GAS,Alpine,31.0,93.391,MEDIUM,31.0,1.0,6629.495,,6.0,1,60.4,1.812,False,-0.2201,46.0,15.0,0,0,1
British,2023,GAS,Alpine,32.0,126.804,SOFT,4.0,2.0,,6657.995,11.0,126,58.8,1.764,False,-0.384,46.0,14.0,0,0,0
British,2023,GAS,Alpine,33.0,128.973,SOFT,5.0,2.0,,,11.0,64,57.2,1.716,False,-0.384,46.0,13.0,0,0,0
British,2023,GAS,Alpine,34.0,125.716,SOFT,6.0,2.0,,,11.0,4,55.6,1.668,False,-0.384,46.0,12.0,1,0,0
British,2023,GAS,Alpine,35.0,137.502,SOFT,7.0,2.0,,,11.0,4,54.0,1.62,False,-0.384,46.0,11.0,1,0,0
British,2023,GAS,Alpine,36.0,144.007,SOFT,8.0,2.0,,,11.0,4,52.4,1.572,False,-0.384,46.0,10.0,1,0,0
British,2023,GAS,Alpine,37.0,145.817,SOFT,9.0,2.0,,,11.0,4,50.8,1.524,False,-0.384,46.0,9.0,1,0,0
British,2023,GAS,Alpine,38.0,133.934,SOFT,10.0,2.0,,,11.0,41,49.2,1.476,False,-0.384,46.0,8.0,0,0,0
British,2023,GAS,Alpine,39.0,92.98,SOFT,11.0,2.0,,,12.0,1,47.6,1.428,True,-0.384,46.0,7.0,0,0,0
British,2023,GAS,Alpine,40.0,92.823,SOFT,12.0,2.0,,,12.0,1,46.0,1.38,True,-0.384,46.0,6.0,0,0,0
British,2023,GAS,Alpine,41.0,91.827,SOFT,13.0,2.0,,,12.0,1,44.4,1.332,True,-0.384,46.0,5.0,0,0,0
British,2023,GAS,Alpine,42.0,91.539,SOFT,14.0,2.0,,,12.0,1,42.8,1.284,True,-0.384,46.0,4.0,0,0,0
British,2023,GAS,Alpine,43.0,91.648,SOFT,15.0,2.0,,,12.0,1,41.2,1.236,True,-0.384,46.0,3.0,0,0,0
British,2023,GAS,Alpine,44.0,92.862,SOFT,16.0,2.0,,,11.0,1,39.6,1.188,True,-0.384,46.0,2.0,0,0,0
British,2023,GAS,Alpine,45.0,96.665,SOFT,17.0,2.0,,,15.0,1,38.0,1.14,True,-0.384,46.0,1.0,0,0,0
British,2023,GAS,Alpine,46.0,,SOFT,18.0,2.0,8377.355,,18.0,1,36.4,1.092,False,-0.384,46.0,0.0,0,0,1
British,2023,PER,Red Bull Racing,1.0,104.033,MEDIUM,1.0,1.0,,,16.0,1,108.4,3.252,False,0.071,52.0,51.0,0,0,0
British,2023,PER,Red Bull Racing,2.0,95.482,MEDIUM,2.0,1.0,,,15.0,1,106.8,3.204,True,0.071,52.0,50.0,0,0,0
British,2023,PER,Red Bull Racing,3.0,94.38,MEDIUM,3.0,1.0,,,15.0,1,105.2,3.156,True,0.071,52.0,49.0,0,0,0
British,2023,PER,Red Bull Racing,4.0,94.339,MEDIUM,4.0,1.0,,,15.0,1,103.6,3.108,True,0.071,52.0,48.0,0,0,0
British,2023,PER,Red Bull Racing,5.0,94.073,MEDIUM,5.0,1.0,,,14.0,1,102.0,3.06,True,0.071,52.0,47.0,0,0,0
British,2023,PER,Red Bull Racing,6.0,93.671,MEDIUM,6.0,1.0,,,13.0,1,100.4,3.012,True,0.071,52.0,46.0,0,0,0
British,2023,PER,Red Bull Racing,7.0,93.919,MEDIUM,7.0,1.0,,,13.0,1,98.8,2.964,True,0.071,52.0,45.0,0,0,0
British,2023,PER,Red Bull Racing,8.0,93.568,MEDIUM,8.0,1.0,,,13.0,1,97.2,2.916,True,0.071,52.0,44.0,0,0,0
British,2023,PER,Red Bull Racing,9.0,93.271,MEDIUM,9.0,1.0,,,13.0,1,95.6,2.868,True,0.071,52.0,43.0,0,0,0
British,2023,PER,Red Bull Racing,10.0,93.364,MEDIUM,10.0,1.0,,,12.0,1,94.0,2.82,True,0.071,52.0,42.0,0,0,0
British,2023,PER,Red Bull Racing,11.0,93.547,MEDIUM,11.0,1.0,,,12.0,1,92.4,2.772,True,0.071,52.0,41.0,0,0,0
British,2023,PER,Red Bull Racing,12.0,93.429,MEDIUM,12.0,1.0,,,11.0,1,90.8,2.724,True,0.071,52.0,40.0,0,0,0
British,2023,PER,Red Bull Racing,13.0,93.452,MEDIUM,13.0,1.0,,,11.0,1,89.2,2.676,True,0.071,52.0,39.0,0,0,0
British,2023,PER,Red Bull Racing,14.0,93.751,MEDIUM,14.0,1.0,,,11.0,1,87.6,2.628,True,0.071,52.0,38.0,0,0,0
British,2023,PER,Red Bull Racing,15.0,93.48,MEDIUM,15.0,1.0,,,11.0,1,86.0,2.58,True,0.071,52.0,37.0,0,0,0
British,2023,PER,Red Bull Racing,16.0,93.055,MEDIUM,16.0,1.0,,,10.0,1,84.4,2.532,True,0.071,52.0,36.0,0,0,0
British,2023,PER,Red Bull Racing,17.0,93.28,MEDIUM,17.0,1.0,,,10.0,1,82.8,2.484,True,0.071,52.0,35.0,0,0,0
British,2023,PER,Red Bull Racing,18.0,93.099,MEDIUM,18.0,1.0,,,10.0,1,81.2,2.436,True,0.071,52.0,34.0,0,0,0
British,2023,PER,Red Bull Racing,19.0,93.276,MEDIUM,19.0,1.0,,,9.0,1,79.6,2.388,True,0.071,52.0,33.0,0,0,0
British,2023,PER,Red Bull Racing,20.0,93.202,MEDIUM,20.0,1.0,,,9.0,1,78.0,2.34,True,0.071,52.0,32.0,0,0,0
British,2023,PER,Red Bull Racing,21.0,93.233,MEDIUM,21.0,1.0,,,9.0,1,76.4,2.292,True,0.071,52.0,31.0,0,0,0
British,2023,PER,Red Bull Racing,22.0,93.026,MEDIUM,22.0,1.0,,,9.0,1,74.8,2.244,True,0.071,52.0,30.0,0,0,0
British,2023,PER,Red Bull Racing,23.0,93.262,MEDIUM,23.0,1.0,,,9.0,1,73.2,2.196,True,0.071,52.0,29.0,0,0,0
British,2023,PER,Red Bull Racing,24.0,92.726,MEDIUM,24.0,1.0,,,9.0,1,71.6,2.148,True,0.071,52.0,28.0,0,0,0
British,2023,PER,Red Bull Racing,25.0,92.907,MEDIUM,25.0,1.0,,,9.0,1,70.0,2.1,True,0.071,52.0,27.0,0,0,0
British,2023,PER,Red Bull Racing,26.0,92.962,MEDIUM,26.0,1.0,,,9.0,1,68.4,2.052,True,0.071,52.0,26.0,0,0,0
British,2023,PER,Red Bull Racing,27.0,92.742,MEDIUM,27.0,1.0,,,8.0,1,66.8,2.004,True,0.071,52.0,25.0,0,0,0
British,2023,PER,Red Bull Racing,28.0,92.235,MEDIUM,28.0,1.0,6349.766,,8.0,1,65.2,1.956,False,0.071,52.0,24.0,0,0,1
British,2023,PER,Red Bull Racing,29.0,110.559,SOFT,1.0,2.0,,6377.828,13.0,1,63.6,1.908,False,-0.1747,52.0,23.0,0,0,0
British,2023,PER,Red Bull Racing,30.0,91.408,SOFT,2.0,2.0,,,12.0,1,62.0,1.86,True,-0.1747,52.0,22.0,0,0,0
British,2023,PER,Red Bull Racing,31.0,91.532,SOFT,3.0,2.0,,,12.0,1,60.4,1.812,True,-0.1747,52.0,21.0,0,0,0
British,2023,PER,Red Bull Racing,32.0,104.38,SOFT,4.0,2.0,,,10.0,126,58.8,1.764,False,-0.1747,52.0,20.0,0,0,0
British,2023,PER,Red Bull Racing,33.0,128.084,SOFT,5.0,2.0,,,8.0,64,57.2,1.716,False,-0.1747,52.0,19.0,0,0,0
British,2023,PER,Red Bull Racing,34.0,125.804,SOFT,6.0,2.0,,,8.0,4,55.6,1.668,False,-0.1747,52.0,18.0,1,0,0
British,2023,PER,Red Bull Racing,35.0,142.313,SOFT,7.0,2.0,,,8.0,4,54.0,1.62,False,-0.1747,52.0,17.0,1,0,0
British,2023,PER,Red Bull Racing,36.0,145.094,SOFT,8.0,2.0,,,8.0,4,52.4,1.572,False,-0.1747,52.0,16.0,1,0,0
British,2023,PER,Red Bull Racing,37.0,145.46,SOFT,9.0,2.0,,,8.0,4,50.8,1.524,False,-0.1747,52.0,15.0,1,0,0
British,2023,PER,Red Bull Racing,38.0,136.625,SOFT,10.0,2.0,,,8.0,41,49.2,1.476,False,-0.1747,52.0,14.0,0,0,0
British,2023,PER,Red Bull Racing,39.0,92.503,SOFT,11.0,2.0,,,8.0,1,47.6,1.428,True,-0.1747,52.0,13.0,0,0,0
British,2023,PER,Red Bull Racing,40.0,91.909,SOFT,12.0,2.0,,,8.0,1,46.0,1.38,True,-0.1747,52.0,12.0,0,0,0
British,2023,PER,Red Bull Racing,41.0,91.391,SOFT,13.0,2.0,,,8.0,1,44.4,1.332,True,-0.1747,52.0,11.0,0,0,0
British,2023,PER,Red Bull Racing,42.0,91.716,SOFT,14.0,2.0,,,8.0,1,42.8,1.284,True,-0.1747,52.0,10.0,0,0,0
British,2023,PER,Red Bull Racing,43.0,92.005,SOFT,15.0,2.0,,,7.0,1,41.2,1.236,True,-0.1747,52.0,9.0,0,0,0
British,2023,PER,Red Bull Racing,44.0,91.712,SOFT,16.0,2.0,,,7.0,1,39.6,1.188,True,-0.1747,52.0,8.0,0,0,0
British,2023,PER,Red Bull Racing,45.0,91.571,SOFT,17.0,2.0,,,7.0,1,38.0,1.14,True,-0.1747,52.0,7.0,0,0,0
British,2023,PER,Red Bull Racing,46.0,91.675,SOFT,18.0,2.0,,,6.0,1,36.4,1.092,True,-0.1747,52.0,6.0,0,0,0
British,2023,PER,Red Bull Racing,47.0,91.505,SOFT,19.0,2.0,,,6.0,1,34.8,1.044,True,-0.1747,52.0,5.0,0,0,0
British,2023,PER,Red Bull Racing,48.0,91.209,SOFT,20.0,2.0,,,6.0,1,33.2,0.996,True,-0.1747,52.0,4.0,0,0,0
British,2023,PER,Red Bull Racing,49.0,91.36,SOFT,21.0,2.0,,,6.0,1,31.6,0.948,True,-0.1747,52.0,3.0,0,0,0
British,2023,PER,Red Bull Racing,50.0,91.139,SOFT,22.0,2.0,,,6.0,1,30.0,0.9,True,-0.1747,52.0,2.0,0,0,0
British,2023,PER,Red Bull Racing,51.0,90.914,SOFT,23.0,2.0,,,6.0,1,28.4,0.852,True,-0.1747,52.0,1.0,0,0,0
British,2023,PER,Red Bull Racing,52.0,91.188,SOFT,24.0,2.0,,,6.0,1,26.8,0.804,True,-0.1747,52.0,0.0,0,0,0
British,2023,ALO,Aston Martin,1.0,100.026,MEDIUM,2.0,1.0,,,7.0,1,108.4,3.252,False,-0.1366,52.0,51.0,0,0,0
British,2023,ALO,Aston Martin,2.0,94.419,MEDIUM,3.0,1.0,,,7.0,1,106.8,3.204,True,-0.1366,52.0,50.0,0,0,0
British,2023,ALO,Aston Martin,3.0,93.424,MEDIUM,4.0,1.0,,,7.0,1,105.2,3.156,True,-0.1366,52.0,49.0,0,0,0
British,2023,ALO,Aston Martin,4.0,93.156,MEDIUM,5.0,1.0,,,7.0,1,103.6,3.108,True,-0.1366,52.0,48.0,0,0,0
British,2023,ALO,Aston Martin,5.0,94.157,MEDIUM,6.0,1.0,,,7.0,1,102.0,3.06,True,-0.1366,52.0,47.0,0,0,0
British,2023,ALO,Aston Martin,6.0,94.636,MEDIUM,7.0,1.0,,,7.0,1,100.4,3.012,True,-0.1366,52.0,46.0,0,0,0
British,2023,ALO,Aston Martin,7.0,94.645,MEDIUM,8.0,1.0,,,8.0,1,98.8,2.964,True,-0.1366,52.0,45.0,0,0,0
British,2023,ALO,Aston Martin,8.0,94.019,MEDIUM,9.0,1.0,,,8.0,1,97.2,2.916,True,-0.1366,52.0,44.0,0,0,0
British,2023,ALO,Aston Martin,9.0,93.657,MEDIUM,10.0,1.0,,,8.0,1,95.6,2.868,True,-0.1366,52.0,43.0,0,0,0
British,2023,ALO,Aston Martin,10.0,93.711,MEDIUM,11.0,1.0,,,8.0,1,94.0,2.82,True,-0.1366,52.0,42.0,0,0,0
British,2023,ALO,Aston Martin,11.0,93.737,MEDIUM,12.0,1.0,,,8.0,1,92.4,2.772,True,-0.1366,52.0,41.0,0,0,0
British,2023,ALO,Aston Martin,12.0,93.951,MEDIUM,13.0,1.0,,,8.0,1,90.8,2.724,True,-0.1366,52.0,40.0,0,0,0
British,2023,ALO,Aston Martin,13.0,93.565,MEDIUM,14.0,1.0,,,8.0,1,89.2,2.676,True,-0.1366,52.0,39.0,0,0,0
British,2023,ALO,Aston Martin,14.0,93.88,MEDIUM,15.0,1.0,,,8.0,1,87.6,2.628,True,-0.1366,52.0,38.0,0,0,0
British,2023,ALO,Aston Martin,15.0,93.736,MEDIUM,16.0,1.0,,,8.0,1,86.0,2.58,True,-0.1366,52.0,37.0,0,0,0
British,2023,ALO,Aston Martin,16.0,93.437,MEDIUM,17.0,1.0,,,8.0,1,84.4,2.532,True,-0.1366,52.0,36.0,0,0,0
British,2023,ALO,Aston Martin,17.0,93.188,MEDIUM,18.0,1.0,,,8.0,1,82.8,2.484,True,-0.1366,52.0,35.0,0,0,0
British,2023,ALO,Aston Martin,18.0,93.317,MEDIUM,19.0,1.0,,,8.0,1,81.2,2.436,True,-0.1366,52.0,34.0,0,0,0
British,2023,ALO,Aston Martin,19.0,93.185,MEDIUM,20.0,1.0,,,7.0,1,79.6,2.388,True,-0.1366,52.0,33.0,0,0,0
British,2023,ALO,Aston Martin,20.0,93.016,MEDIUM,21.0,1.0,,,7.0,1,78.0,2.34,True,-0.1366,52.0,32.0,0,0,0
British,2023,ALO,Aston Martin,21.0,93.19,MEDIUM,22.0,1.0,,,7.0,1,76.4,2.292,True,-0.1366,52.0,31.0,0,0,0
British,2023,ALO,Aston Martin,22.0,93.092,MEDIUM,23.0,1.0,,,7.0,1,74.8,2.244,True,-0.1366,52.0,30.0,0,0,0
British,2023,ALO,Aston Martin,23.0,93.026,MEDIUM,24.0,1.0,,,7.0,1,73.2,2.196,True,-0.1366,52.0,29.0,0,0,0
British,2023,ALO,Aston Martin,24.0,93.017,MEDIUM,25.0,1.0,,,7.0,1,71.6,2.148,True,-0.1366,52.0,28.0,0,0,0
British,2023,ALO,Aston Martin,25.0,93.078,MEDIUM,26.0,1.0,,,7.0,1,70.0,2.1,True,-0.1366,52.0,27.0,0,0,0
British,2023,ALO,Aston Martin,26.0,93.152,MEDIUM,27.0,1.0,,,7.0,1,68.4,2.052,True,-0.1366,52.0,26.0,0,0,0
British,2023,ALO,Aston Martin,27.0,92.914,MEDIUM,28.0,1.0,,,6.0,1,66.8,2.004,True,-0.1366,52.0,25.0,0,0,0
British,2023,ALO,Aston Martin,28.0,92.744,MEDIUM,29.0,1.0,,,6.0,1,65.2,1.956,True,-0.1366,52.0,24.0,0,0,0
British,2023,ALO,Aston Martin,29.0,92.727,MEDIUM,30.0,1.0,,,5.0,1,63.6,1.908,True,-0.1366,52.0,23.0,0,0,0
British,2023,ALO,Aston Martin,30.0,92.686,MEDIUM,31.0,1.0,,,4.0,1,62.0,1.86,True,-0.1366,52.0,22.0,0,0,0
British,2023,ALO,Aston Martin,31.0,92.916,MEDIUM,32.0,1.0,,,4.0,1,60.4,1.812,True,-0.1366,52.0,21.0,0,0,0
British,2023,ALO,Aston Martin,32.0,98.559,MEDIUM,33.0,1.0,,,4.0,126,58.8,1.764,False,-0.1366,52.0,20.0,0,0,0
British,2023,ALO,Aston Martin,33.0,123.93,MEDIUM,34.0,1.0,6848.945,,4.0,64,57.2,1.716,False,-0.1366,52.0,19.0,0,0,1
British,2023,ALO,Aston Martin,34.0,147.213,SOFT,4.0,2.0,,6877.569,6.0,4,55.6,1.668,False,-0.264,52.0,18.0,1,0,0
British,2023,ALO,Aston Martin,35.0,145.191,SOFT,5.0,2.0,,,6.0,4,54.0,1.62,False,-0.264,52.0,17.0,1,0,0
British,2023,ALO,Aston Martin,36.0,145.427,SOFT,6.0,2.0,,,6.0,4,52.4,1.572,False,-0.264,52.0,16.0,1,0,0
British,2023,ALO,Aston Martin,37.0,145.274,SOFT,7.0,2.0,,,6.0,4,50.8,1.524,False,-0.264,52.0,15.0,1,0,0
British,2023,ALO,Aston Martin,38.0,137.955,SOFT,8.0,2.0,,,6.0,41,49.2,1.476,False,-0.264,52.0,14.0,0,0,0
British,2023,ALO,Aston Martin,39.0,92.32,SOFT,9.0,2.0,,,6.0,1,47.6,1.428,True,-0.264,52.0,13.0,0,0,0
British,2023,ALO,Aston Martin,40.0,91.691,SOFT,10.0,2.0,,,6.0,1,46.0,1.38,True,-0.264,52.0,12.0,0,0,0
British,2023,ALO,Aston Martin,41.0,91.652,SOFT,11.0,2.0,,,6.0,1,44.4,1.332,True,-0.264,52.0,11.0,0,0,0
British,2023,ALO,Aston Martin,42.0,91.829,SOFT,12.0,2.0,,,6.0,1,42.8,1.284,True,-0.264,52.0,10.0,0,0,0
British,2023,ALO,Aston Martin,43.0,91.747,SOFT,13.0,2.0,,,6.0,1,41.2,1.236,True,-0.264,52.0,9.0,0,0,0
British,2023,ALO,Aston Martin,44.0,92.131,SOFT,14.0,2.0,,,6.0,1,39.6,1.188,True,-0.264,52.0,8.0,0,0,0
British,2023,ALO,Aston Martin,45.0,92.036,SOFT,15.0,2.0,,,6.0,1,38.0,1.14,True,-0.264,52.0,7.0,0,0,0
British,2023,ALO,Aston Martin,46.0,92.891,SOFT,16.0,2.0,,,7.0,1,36.4,1.092,True,-0.264,52.0,6.0,0,0,0
British,2023,ALO,Aston Martin,47.0,91.828,SOFT,17.0,2.0,,,7.0,1,34.8,1.044,True,-0.264,52.0,5.0,0,0,0
British,2023,ALO,Aston Martin,48.0,91.338,SOFT,18.0,2.0,,,7.0,1,33.2,0.996,True,-0.264,52.0,4.0,0,0,0
British,2023,ALO,Aston Martin,49.0,92.075,SOFT,19.0,2.0,,,7.0,1,31.6,0.948,True,-0.264,52.0,3.0,0,0,0
British,2023,ALO,Aston Martin,50.0,91.999,SOFT,20.0,2.0,,,7.0,1,30.0,0.9,True,-0.264,52.0,2.0,0,0,0
British,2023,ALO,Aston Martin,51.0,91.93,SOFT,21.0,2.0,,,7.0,1,28.4,0.852,True,-0.264,52.0,1.0,0,0,0
British,2023,ALO,Aston Martin,52.0,91.711,SOFT,22.0,2.0,,,7.0,1,26.8,0.804,True,-0.264,52.0,0.0,0,0,0
British,2023,LEC,Ferrari,1.0,98.3,MEDIUM,1.0,1.0,,,4.0,1,108.4,3.252,False,-0.0454,52.0,51.0,0,0,0
British,2023,LEC,Ferrari,2.0,93.994,MEDIUM,2.0,1.0,,,4.0,1,106.8,3.204,True,-0.0454,52.0,50.0,0,0,0
British,2023,LEC,Ferrari,3.0,92.934,MEDIUM,3.0,1.0,,,4.0,1,105.2,3.156,True,-0.0454,52.0,49.0,0,0,0
British,2023,LEC,Ferrari,4.0,92.961,MEDIUM,4.0,1.0,,,4.0,1,103.6,3.108,True,-0.0454,52.0,48.0,0,0,0
British,2023,LEC,Ferrari,5.0,94.409,MEDIUM,5.0,1.0,,,4.0,1,102.0,3.06,True,-0.0454,52.0,47.0,0,0,0
British,2023,LEC,Ferrari,6.0,93.761,MEDIUM,6.0,1.0,,,4.0,1,100.4,3.012,True,-0.0454,52.0,46.0,0,0,0
British,2023,LEC,Ferrari,7.0,93.403,MEDIUM,7.0,1.0,,,4.0,1,98.8,2.964,True,-0.0454,52.0,45.0,0,0,0
British,2023,LEC,Ferrari,8.0,93.244,MEDIUM,8.0,1.0,,,4.0,1,97.2,2.916,True,-0.0454,52.0,44.0,0,0,0
British,2023,LEC,Ferrari,9.0,93.087,MEDIUM,9.0,1.0,,,4.0,1,95.6,2.868,True,-0.0454,52.0,43.0,0,0,0
British,2023,LEC,Ferrari,10.0,93.167,MEDIUM,10.0,1.0,,,4.0,1,94.0,2.82,True,-0.0454,52.0,42.0,0,0,0
British,2023,LEC,Ferrari,11.0,93.048,MEDIUM,11.0,1.0,,,4.0,1,92.4,2.772,True,-0.0454,52.0,41.0,0,0,0
British,2023,LEC,Ferrari,12.0,93.621,MEDIUM,12.0,1.0,,,4.0,1,90.8,2.724,True,-0.0454,52.0,40.0,0,0,0
British,2023,LEC,Ferrari,13.0,93.214,MEDIUM,13.0,1.0,,,4.0,1,89.2,2.676,True,-0.0454,52.0,39.0,0,0,0
British,2023,LEC,Ferrari,14.0,93.523,MEDIUM,14.0,1.0,,,4.0,1,87.6,2.628,True,-0.0454,52.0,38.0,0,0,0
British,2023,LEC,Ferrari,15.0,93.542,MEDIUM,15.0,1.0,,,4.0,1,86.0,2.58,True,-0.0454,52.0,37.0,0,0,0
British,2023,LEC,Ferrari,16.0,93.248,MEDIUM,16.0,1.0,,,4.0,1,84.4,2.532,True,-0.0454,52.0,36.0,0,0,0
British,2023,LEC,Ferrari,17.0,93.151,MEDIUM,17.0,1.0,,,4.0,1,82.8,2.484,True,-0.0454,52.0,35.0,0,0,0
British,2023,LEC,Ferrari,18.0,92.475,MEDIUM,18.0,1.0,5408.076,,4.0,1,81.2,2.436,False,-0.0454,52.0,34.0,0,0,1
British,2023,LEC,Ferrari,19.0,112.861,HARD,1.0,2.0,,5436.278,12.0,1,79.6,2.388,False,0.0676,52.0,33.0,0,0,0
British,2023,LEC,Ferrari,20.0,92.87,HARD,2.0,2.0,,,12.0,1,78.0,2.34,True,0.0676,52.0,32.0,0,0,0
British,2023,LEC,Ferrari,21.0,92.848,HARD,3.0,2.0,,,12.0,1,76.4,2.292,True,0.0676,52.0,31.0,0,0,0
British,2023,LEC,Ferrari,22.0,93.035,HARD,4.0,2.0,,,12.0,1,74.8,2.244,True,0.0676,52.0,30.0,0,0,0
British,2023,LEC,Ferrari,23.0,92.554,HARD,5.0,2.0,,,12.0,1,73.2,2.196,True,0.0676,52.0,29.0,0,0,0
British,2023,LEC,Ferrari,24.0,92.731,HARD,6.0,2.0,,,12.0,1,71.6,2.148,True,0.0676,52.0,28.0,0,0,0
British,2023,LEC,Ferrari,25.0,92.798,HARD,7.0,2.0,,,11.0,1,70.0,2.1,True,0.0676,52.0,27.0,0,0,0
British,2023,LEC,Ferrari,26.0,92.794,HARD,8.0,2.0,,,11.0,1,68.4,2.052,True,0.0676,52.0,26.0,0,0,0
British,2023,LEC,Ferrari,27.0,92.942,HARD,9.0,2.0,,,10.0,1,66.8,2.004,True,0.0676,52.0,25.0,0,0,0
British,2023,LEC,Ferrari,28.0,92.814,HARD,10.0,2.0,,,10.0,1,65.2,1.956,True,0.0676,52.0,24.0,0,0,0
British,2023,LEC,Ferrari,29.0,92.658,HARD,11.0,2.0,,,8.0,1,63.6,1.908,True,0.0676,52.0,23.0,0,0,0
British,2023,LEC,Ferrari,30.0,92.464,HARD,12.0,2.0,,,8.0,1,62.0,1.86,True,0.0676,52.0,22.0,0,0,0
British,2023,LEC,Ferrari,31.0,93.233,HARD,13.0,2.0,,,9.0,1,60.4,1.812,True,0.0676,52.0,21.0,0,0,0
British,2023,LEC,Ferrari,32.0,96.215,HARD,14.0,2.0,6730.697,,7.0,126,58.8,1.764,False,0.0676,52.0,20.0,0,0,1
British,2023,LEC,Ferrari,33.0,146.13,MEDIUM,1.0,3.0,,6759.509,10.0,64,57.2,1.716,False,-2.1118,52.0,19.0,0,0,0
British,2023,LEC,Ferrari,34.0,126.609,MEDIUM,2.0,3.0,,,10.0,4,55.6,1.668,False,-2.1118,52.0,18.0,1,0,0
British,2023,LEC,Ferrari,35.0,143.719,MEDIUM,3.0,3.0,,,10.0,4,54.0,1.62,False,-2.1118,52.0,17.0,1,0,0
British,2023,LEC,Ferrari,36.0,143.86,MEDIUM,4.0,3.0,,,10.0,4,52.4,1.572,False,-2.1118,52.0,16.0,1,0,0
British,2023,LEC,Ferrari,37.0,145.892,MEDIUM,5.0,3.0,,,10.0,4,50.8,1.524,False,-2.1118,52.0,15.0,1,0,0
British,2023,LEC,Ferrari,38.0,134.823,MEDIUM,6.0,3.0,,,10.0,41,49.2,1.476,False,-2.1118,52.0,14.0,0,0,0
British,2023,LEC,Ferrari,39.0,92.5,MEDIUM,7.0,3.0,,,10.0,1,47.6,1.428,True,-2.1118,52.0,13.0,0,0,0
British,2023,LEC,Ferrari,40.0,92.234,MEDIUM,8.0,3.0,,,10.0,1,46.0,1.38,True,-2.1118,52.0,12.0,0,0,0
British,2023,LEC,Ferrari,41.0,91.286,MEDIUM,9.0,3.0,,,10.0,1,44.4,1.332,True,-2.1118,52.0,11.0,0,0,0
British,2023,LEC,Ferrari,42.0,91.926,MEDIUM,10.0,3.0,,,10.0,1,42.8,1.284,True,-2.1118,52.0,10.0,0,0,0
British,2023,LEC,Ferrari,43.0,92.052,MEDIUM,11.0,3.0,,,10.0,1,41.2,1.236,True,-2.1118,52.0,9.0,0,0,0
British,2023,LEC,Ferrari,44.0,92.815,MEDIUM,12.0,3.0,,,9.0,1,39.6,1.188,True,-2.1118,52.0,8.0,0,0,0
British,2023,LEC,Ferrari,45.0,91.9,MEDIUM,13.0,3.0,,,9.0,1,38.0,1.14,True,-2.1118,52.0,7.0,0,0,0
British,2023,LEC,Ferrari,46.0,91.85,MEDIUM,14.0,3.0,,,9.0,1,36.4,1.092,True,-2.1118,52.0,6.0,0,0,0
British,2023,LEC,Ferrari,47.0,91.36,MEDIUM,15.0,3.0,,,9.0,1,34.8,1.044,True,-2.1118,52.0,5.0,0,0,0
British,2023,LEC,Ferrari,48.0,91.255,MEDIUM,16.0,3.0,,,9.0,1,33.2,0.996,True,-2.1118,52.0,4.0,0,0,0
British,2023,LEC,Ferrari,49.0,91.781,MEDIUM,17.0,3.0,,,9.0,1,31.6,0.948,True,-2.1118,52.0,3.0,0,0,0
British,2023,LEC,Ferrari,50.0,91.716,MEDIUM,18.0,3.0,,,9.0,1,30.0,0.9,True,-2.1118,52.0,2.0,0,0,0
British,2023,LEC,Ferrari,51.0,91.763,MEDIUM,19.0,3.0,,,9.0,1,28.4,0.852,True,-2.1118,52.0,1.0,0,0,0
British,2023,LEC,Ferrari,52.0,92.257,MEDIUM,20.0,3.0,,,9.0,1,26.8,0.804,True,-2.1118,52.0,0.0,0,0,0
British,2023,STR,Aston Martin,1.0,102.049,MEDIUM,2.0,1.0,,,11.0,1,108.4,3.252,False,-0.2568,52.0,51.0,0,0,0
British,2023,STR,Aston Martin,2.0,95.093,MEDIUM,3.0,1.0,,,11.0,1,106.8,3.204,True,-0.2568,52.0,50.0,0,0,0
British,2023,STR,Aston Martin,3.0,94.021,MEDIUM,4.0,1.0,,,11.0,1,105.2,3.156,True,-0.2568,52.0,49.0,0,0,0
British,2023,STR,Aston Martin,4.0,93.799,MEDIUM,5.0,1.0,,,11.0,1,103.6,3.108,True,-0.2568,52.0,48.0,0,0,0
British,2023,STR,Aston Martin,5.0,93.856,MEDIUM,6.0,1.0,,,11.0,1,102.0,3.06,True,-0.2568,52.0,47.0,0,0,0
British,2023,STR,Aston Martin,6.0,94.189,MEDIUM,7.0,1.0,,,11.0,1,100.4,3.012,True,-0.2568,52.0,46.0,0,0,0
British,2023,STR,Aston Martin,7.0,94.115,MEDIUM,8.0,1.0,,,11.0,1,98.8,2.964,True,-0.2568,52.0,45.0,0,0,0
British,2023,STR,Aston Martin,8.0,93.872,MEDIUM,9.0,1.0,,,11.0,1,97.2,2.916,True,-0.2568,52.0,44.0,0,0,0
British,2023,STR,Aston Martin,9.0,93.871,MEDIUM,10.0,1.0,,,11.0,1,95.6,2.868,True,-0.2568,52.0,43.0,0,0,0
British,2023,STR,Aston Martin,10.0,94.007,MEDIUM,11.0,1.0,,,11.0,1,94.0,2.82,True,-0.2568,52.0,42.0,0,0,0
British,2023,STR,Aston Martin,11.0,94.198,MEDIUM,12.0,1.0,,,11.0,1,92.4,2.772,True,-0.2568,52.0,41.0,0,0,0
British,2023,STR,Aston Martin,12.0,94.766,MEDIUM,13.0,1.0,,,12.0,1,90.8,2.724,True,-0.2568,52.0,40.0,0,0,0
British,2023,STR,Aston Martin,13.0,94.308,MEDIUM,14.0,1.0,,,12.0,1,89.2,2.676,True,-0.2568,52.0,39.0,0,0,0
British,2023,STR,Aston Martin,14.0,94.213,MEDIUM,15.0,1.0,,,12.0,1,87.6,2.628,True,-0.2568,52.0,38.0,0,0,0
British,2023,STR,Aston Martin,15.0,93.931,MEDIUM,16.0,1.0,,,12.0,1,86.0,2.58,True,-0.2568,52.0,37.0,0,0,0
British,2023,STR,Aston Martin,16.0,93.798,MEDIUM,17.0,1.0,,,12.0,1,84.4,2.532,True,-0.2568,52.0,36.0,0,0,0
British,2023,STR,Aston Martin,17.0,93.651,MEDIUM,18.0,1.0,,,12.0,1,82.8,2.484,True,-0.2568,52.0,35.0,0,0,0
British,2023,STR,Aston Martin,18.0,93.294,MEDIUM,19.0,1.0,,,12.0,1,81.2,2.436,True,-0.2568,52.0,34.0,0,0,0
British,2023,STR,Aston Martin,19.0,93.338,MEDIUM,20.0,1.0,,,11.0,1,79.6,2.388,True,-0.2568,52.0,33.0,0,0,0
British,2023,STR,Aston Martin,20.0,93.489,MEDIUM,21.0,1.0,,,11.0,1,78.0,2.34,True,-0.2568,52.0,32.0,0,0,0
British,2023,STR,Aston Martin,21.0,93.498,MEDIUM,22.0,1.0,,,11.0,1,76.4,2.292,True,-0.2568,52.0,31.0,0,0,0
British,2023,STR,Aston Martin,22.0,93.431,MEDIUM,23.0,1.0,,,11.0,1,74.8,2.244,True,-0.2568,52.0,30.0,0,0,0
British,2023,STR,Aston Martin,23.0,93.114,MEDIUM,24.0,1.0,,,11.0,1,73.2,2.196,True,-0.2568,52.0,29.0,0,0,0
British,2023,STR,Aston Martin,24.0,93.391,MEDIUM,25.0,1.0,,,11.0,1,71.6,2.148,True,-0.2568,52.0,28.0,0,0,0
British,2023,STR,Aston Martin,25.0,94.28,MEDIUM,26.0,1.0,,,12.0,1,70.0,2.1,True,-0.2568,52.0,27.0,0,0,0
British,2023,STR,Aston Martin,26.0,93.557,MEDIUM,27.0,1.0,,,12.0,1,68.4,2.052,True,-0.2568,52.0,26.0,0,0,0
British,2023,STR,Aston Martin,27.0,93.237,MEDIUM,28.0,1.0,,,11.0,1,66.8,2.004,True,-0.2568,52.0,25.0,0,0,0
British,2023,STR,Aston Martin,28.0,93.26,MEDIUM,29.0,1.0,,,11.0,1,65.2,1.956,True,-0.2568,52.0,24.0,0,0,0
British,2023,STR,Aston Martin,29.0,93.702,MEDIUM,30.0,1.0,,,10.0,1,63.6,1.908,True,-0.2568,52.0,23.0,0,0,0
British,2023,STR,Aston Martin,30.0,94.014,MEDIUM,31.0,1.0,,,11.0,1,62.0,1.86,True,-0.2568,52.0,22.0,0,0,0
British,2023,STR,Aston Martin,31.0,92.933,MEDIUM,32.0,1.0,6639.308,,11.0,1,60.4,1.812,False,-0.2568,52.0,21.0,0,0,1
British,2023,STR,Aston Martin,32.0,131.273,SOFT,4.0,2.0,,6667.917,14.0,126,58.8,1.764,False,-0.1674,52.0,20.0,0,0,0
British,2023,STR,Aston Martin,33.0,128.963,SOFT,5.0,2.0,,,12.0,64,57.2,1.716,False,-0.1674,52.0,19.0,0,0,0
British,2023,STR,Aston Martin,34.0,126.623,SOFT,6.0,2.0,,,12.0,4,55.6,1.668,False,-0.1674,52.0,18.0,1,0,0
British,2023,STR,Aston Martin,35.0,123.428,SOFT,7.0,2.0,,,12.0,4,54.0,1.62,False,-0.1674,52.0,17.0,1,0,0
British,2023,STR,Aston Martin,36.0,144.06,SOFT,8.0,2.0,,,12.0,4,52.4,1.572,False,-0.1674,52.0,16.0,1,0,0
British,2023,STR,Aston Martin,37.0,145.969,SOFT,9.0,2.0,,,12.0,4,50.8,1.524,False,-0.1674,52.0,15.0,1,0,0
British,2023,STR,Aston Martin,38.0,133.174,SOFT,10.0,2.0,,,12.0,41,49.2,1.476,False,-0.1674,52.0,14.0,0,0,0
British,2023,STR,Aston Martin,39.0,92.306,SOFT,11.0,2.0,,,11.0,1,47.6,1.428,True,-0.1674,52.0,13.0,0,0,0
British,2023,STR,Aston Martin,40.0,92.32,SOFT,12.0,2.0,,,11.0,1,46.0,1.38,True,-0.1674,52.0,12.0,0,0,0
British,2023,STR,Aston Martin,41.0,91.707,SOFT,13.0,2.0,,,11.0,1,44.4,1.332,True,-0.1674,52.0,11.0,0,0,0
British,2023,STR,Aston Martin,42.0,91.508,SOFT,14.0,2.0,,,11.0,1,42.8,1.284,True,-0.1674,52.0,10.0,0,0,0
British,2023,STR,Aston Martin,43.0,91.803,SOFT,15.0,2.0,,,11.0,1,41.2,1.236,True,-0.1674,52.0,9.0,0,0,0
British,2023,STR,Aston Martin,44.0,94.01,SOFT,16.0,2.0,,,12.0,1,39.6,1.188,True,-0.1674,52.0,8.0,0,0,0
British,2023,STR,Aston Martin,45.0,93.008,SOFT,17.0,2.0,,,11.0,1,38.0,1.14,True,-0.1674,52.0,7.0,0,0,0
British,2023,STR,Aston Martin,46.0,91.998,SOFT,18.0,2.0,,,11.0,1,36.4,1.092,True,-0.1674,52.0,6.0,0,0,0
British,2023,STR,Aston Martin,47.0,91.768,SOFT,19.0,2.0,,,11.0,1,34.8,1.044,True,-0.1674,52.0,5.0,0,0,0
British,2023,STR,Aston Martin,48.0,91.745,SOFT,20.0,2.0,,,11.0,1,33.2,0.996,True,-0.1674,52.0,4.0,0,0,0
British,2023,STR,Aston Martin,49.0,91.86,SOFT,21.0,2.0,,,11.0,1,31.6,0.948,True,-0.1674,52.0,3.0,0,0,0
British,2023,STR,Aston Martin,50.0,91.794,SOFT,22.0,2.0,,,11.0,1,30.0,0.9,True,-0.1674,52.0,2.0,0,0,0
British,2023,STR,Aston Martin,51.0,91.691,SOFT,23.0,2.0,,,11.0,1,28.4,0.852,True,-0.1674,52.0,1.0,0,0,0
British,2023,STR,Aston Martin,52.0,92.138,SOFT,24.0,2.0,,,11.0,1,26.8,0.804,True,-0.1674,52.0,0.0,0,0,0
British,2023,SAR,Williams,1.0,103.792,MEDIUM,1.0,1.0,,,15.0,1,108.4,3.252,False,-0.3322,52.0,51.0,0,0,0
British,2023,SAR,Williams,2.0,96.266,MEDIUM,2.0,1.0,,,16.0,1,106.8,3.204,True,-0.3322,52.0,50.0,0,0,0
British,2023,SAR,Williams,3.0,94.577,MEDIUM,3.0,1.0,,,16.0,1,105.2,3.156,True,-0.3322,52.0,49.0,0,0,0
British,2023,SAR,Williams,4.0,94.332,MEDIUM,4.0,1.0,,,16.0,1,103.6,3.108,True,-0.3322,52.0,48.0,0,0,0
British,2023,SAR,Williams,5.0,94.842,MEDIUM,5.0,1.0,,,16.0,1,102.0,3.06,True,-0.3322,52.0,47.0,0,0,0
British,2023,SAR,Williams,6.0,94.356,MEDIUM,6.0,1.0,,,15.0,1,100.4,3.012,True,-0.3322,52.0,46.0,0,0,0
British,2023,SAR,Williams,7.0,94.581,MEDIUM,7.0,1.0,,,15.0,1,98.8,2.964,True,-0.3322,52.0,45.0,0,0,0
British,2023,SAR,Williams,8.0,94.108,MEDIUM,8.0,1.0,,,15.0,1,97.2,2.916,True,-0.3322,52.0,44.0,0,0,0
British,2023,SAR,Williams,9.0,93.94,MEDIUM,9.0,1.0,,,15.0,1,95.6,2.868,True,-0.3322,52.0,43.0,0,0,0
British,2023,SAR,Williams,10.0,94.31,MEDIUM,10.0,1.0,,,14.0,1,94.0,2.82,True,-0.3322,52.0,42.0,0,0,0
British,2023,SAR,Williams,11.0,93.925,MEDIUM,11.0,1.0,,,14.0,1,92.4,2.772,True,-0.3322,52.0,41.0,0,0,0
British,2023,SAR,Williams,12.0,94.239,MEDIUM,12.0,1.0,,,14.0,1,90.8,2.724,True,-0.3322,52.0,40.0,0,0,0
British,2023,SAR,Williams,13.0,94.329,MEDIUM,13.0,1.0,,,14.0,1,89.2,2.676,True,-0.3322,52.0,39.0,0,0,0
British,2023,SAR,Williams,14.0,93.683,MEDIUM,14.0,1.0,,,13.0,1,87.6,2.628,True,-0.3322,52.0,38.0,0,0,0
British,2023,SAR,Williams,15.0,94.123,MEDIUM,15.0,1.0,,,13.0,1,86.0,2.58,True,-0.3322,52.0,37.0,0,0,0
British,2023,SAR,Williams,16.0,93.771,MEDIUM,16.0,1.0,,,13.0,1,84.4,2.532,True,-0.3322,52.0,36.0,0,0,0
British,2023,SAR,Williams,17.0,93.728,MEDIUM,17.0,1.0,,,13.0,1,82.8,2.484,True,-0.3322,52.0,35.0,0,0,0
British,2023,SAR,Williams,18.0,93.465,MEDIUM,18.0,1.0,,,13.0,1,81.2,2.436,True,-0.3322,52.0,34.0,0,0,0
British,2023,SAR,Williams,19.0,93.573,MEDIUM,19.0,1.0,,,13.0,1,79.6,2.388,True,-0.3322,52.0,33.0,0,0,0
British,2023,SAR,Williams,20.0,93.387,MEDIUM,20.0,1.0,,,13.0,1,78.0,2.34,True,-0.3322,52.0,32.0,0,0,0
British,2023,SAR,Williams,21.0,93.458,MEDIUM,21.0,1.0,,,13.0,1,76.4,2.292,True,-0.3322,52.0,31.0,0,0,0
British,2023,SAR,Williams,22.0,93.479,MEDIUM,22.0,1.0,,,13.0,1,74.8,2.244,True,-0.3322,52.0,30.0,0,0,0
British,2023,SAR,Williams,23.0,93.212,MEDIUM,23.0,1.0,,,13.0,1,73.2,2.196,True,-0.3322,52.0,29.0,0,0,0
British,2023,SAR,Williams,24.0,93.502,MEDIUM,24.0,1.0,,,13.0,1,71.6,2.148,True,-0.3322,52.0,28.0,0,0,0
British,2023,SAR,Williams,25.0,93.508,MEDIUM,25.0,1.0,,,13.0,1,70.0,2.1,True,-0.3322,52.0,27.0,0,0,0
British,2023,SAR,Williams,26.0,93.553,MEDIUM,26.0,1.0,,,13.0,1,68.4,2.052,True,-0.3322,52.0,26.0,0,0,0
British,2023,SAR,Williams,27.0,93.731,MEDIUM,27.0,1.0,,,13.0,1,66.8,2.004,True,-0.3322,52.0,25.0,0,0,0
British,2023,SAR,Williams,28.0,93.49,MEDIUM,28.0,1.0,,,13.0,1,65.2,1.956,True,-0.3322,52.0,24.0,0,0,0
British,2023,SAR,Williams,29.0,92.723,MEDIUM,29.0,1.0,6457.014,,12.0,1,63.6,1.908,False,-0.3322,52.0,23.0,0,0,1
British,2023,SAR,Williams,30.0,112.724,SOFT,1.0,2.0,,6485.857,16.0,1,62.0,1.86,False,-0.2918,52.0,22.0,0,0,0
British,2023,SAR,Williams,31.0,91.994,SOFT,2.0,2.0,,,16.0,1,60.4,1.812,True,-0.2918,52.0,21.0,0,0,0
British,2023,SAR,Williams,32.0,112.267,SOFT,3.0,2.0,,,15.0,126,58.8,1.764,False,-0.2918,52.0,20.0,0,0,0
British,2023,SAR,Williams,33.0,128.913,SOFT,4.0,2.0,,,13.0,64,57.2,1.716,False,-0.2918,52.0,19.0,0,0,0
British,2023,SAR,Williams,34.0,125.672,SOFT,5.0,2.0,,,13.0,4,55.6,1.668,False,-0.2918,52.0,18.0,1,0,0
British,2023,SAR,Williams,35.0,122.167,SOFT,6.0,2.0,,,13.0,4,54.0,1.62,False,-0.2918,52.0,17.0,1,0,0
British,2023,SAR,Williams,36.0,144.892,SOFT,7.0,2.0,,,13.0,4,52.4,1.572,False,-0.2918,52.0,16.0,1,0,0
British,2023,SAR,Williams,37.0,145.271,SOFT,8.0,2.0,,,13.0,4,50.8,1.524,False,-0.2918,52.0,15.0,1,0,0
British,2023,SAR,Williams,38.0,132.192,SOFT,9.0,2.0,,,13.0,41,49.2,1.476,False,-0.2918,52.0,14.0,0,0,0
British,2023,SAR,Williams,39.0,92.794,SOFT,10.0,2.0,,,13.0,1,47.6,1.428,True,-0.2918,52.0,13.0,0,0,0
British,2023,SAR,Williams,40.0,92.949,SOFT,11.0,2.0,,,13.0,1,46.0,1.38,True,-0.2918,52.0,12.0,0,0,0
British,2023,SAR,Williams,41.0,91.84,SOFT,12.0,2.0,,,13.0,1,44.4,1.332,True,-0.2918,52.0,11.0,0,0,0
British,2023,SAR,Williams,42.0,91.699,SOFT,13.0,2.0,,,13.0,1,42.8,1.284,True,-0.2918,52.0,10.0,0,0,0
British,2023,SAR,Williams,43.0,91.743,SOFT,14.0,2.0,,,13.0,1,41.2,1.236,True,-0.2918,52.0,9.0,0,0,0
British,2023,SAR,Williams,44.0,92.849,SOFT,15.0,2.0,,,13.0,1,39.6,1.188,True,-0.2918,52.0,8.0,0,0,0
British,2023,SAR,Williams,45.0,92.724,SOFT,16.0,2.0,,,12.0,1,38.0,1.14,True,-0.2918,52.0,7.0,0,0,0
British,2023,SAR,Williams,46.0,92.421,SOFT,17.0,2.0,,,12.0,1,36.4,1.092,True,-0.2918,52.0,6.0,0,0,0
British,2023,SAR,Williams,47.0,91.868,SOFT,18.0,2.0,,,12.0,1,34.8,1.044,True,-0.2918,52.0,5.0,0,0,0
British,2023,SAR,Williams,48.0,91.71,SOFT,19.0,2.0,,,12.0,1,33.2,0.996,True,-0.2918,52.0,4.0,0,0,0
British,2023,SAR,Williams,49.0,91.873,SOFT,20.0,2.0,,,12.0,1,31.6,0.948,True,-0.2918,52.0,3.0,0,0,0
British,2023,SAR,Williams,50.0,92.085,SOFT,21.0,2.0,,,12.0,1,30.0,0.9,True,-0.2918,52.0,2.0,0,0,0
British,2023,SAR,Williams,51.0,91.956,SOFT,22.0,2.0,,,12.0,1,28.4,0.852,True,-0.2918,52.0,1.0,0,0,0
British,2023,SAR,Williams,52.0,91.984,SOFT,23.0,2.0,,,12.0,1,26.8,0.804,True,-0.2918,52.0,0.0,0,0,0
British,2023,MAG,Haas F1 Team,1.0,105.771,MEDIUM,1.0,1.0,,,20.0,1,108.4,3.252,False,-0.3437,32.0,31.0,0,0,0
British,2023,MAG,Haas F1 Team,2.0,96.337,MEDIUM,2.0,1.0,,,20.0,1,106.8,3.204,True,-0.3437,32.0,30.0,0,0,0
British,2023,MAG,Haas F1 Team,3.0,95.169,MEDIUM,3.0,1.0,,,20.0,1,105.2,3.156,True,-0.3437,32.0,29.0,0,0,0
British,2023,MAG,Haas F1 Team,4.0,94.731,MEDIUM,4.0,1.0,,,20.0,1,103.6,3.108,True,-0.3437,32.0,28.0,0,0,0
British,2023,MAG,Haas F1 Team,5.0,94.598,MEDIUM,5.0,1.0,,,20.0,1,102.0,3.06,True,-0.3437,32.0,27.0,0,0,0
British,2023,MAG,Haas F1 Team,6.0,94.933,MEDIUM,6.0,1.0,,,20.0,1,100.4,3.012,True,-0.3437,32.0,26.0,0,0,0
British,2023,MAG,Haas F1 Team,7.0,94.95,MEDIUM,7.0,1.0,,,20.0,1,98.8,2.964,True,-0.3437,32.0,25.0,0,0,0
British,2023,MAG,Haas F1 Team,8.0,94.427,MEDIUM,8.0,1.0,,,19.0,1,97.2,2.916,True,-0.3437,32.0,24.0,0,0,0
British,2023,MAG,Haas F1 Team,9.0,94.577,MEDIUM,9.0,1.0,,,19.0,1,95.6,2.868,True,-0.3437,32.0,23.0,0,0,0
British,2023,MAG,Haas F1 Team,10.0,94.715,MEDIUM,10.0,1.0,,,18.0,1,94.0,2.82,True,-0.3437,32.0,22.0,0,0,0
British,2023,MAG,Haas F1 Team,11.0,94.31,MEDIUM,11.0,1.0,,,18.0,1,92.4,2.772,True,-0.3437,32.0,21.0,0,0,0
British,2023,MAG,Haas F1 Team,12.0,94.544,MEDIUM,12.0,1.0,,,18.0,1,90.8,2.724,True,-0.3437,32.0,20.0,0,0,0
British,2023,MAG,Haas F1 Team,13.0,94.339,MEDIUM,13.0,1.0,,,18.0,1,89.2,2.676,True,-0.3437,32.0,19.0,0,0,0
British,2023,MAG,Haas F1 Team,14.0,95.024,MEDIUM,14.0,1.0,,,18.0,1,87.6,2.628,True,-0.3437,32.0,18.0,0,0,0
British,2023,MAG,Haas F1 Team,15.0,94.606,MEDIUM,15.0,1.0,,,17.0,1,86.0,2.58,True,-0.3437,32.0,17.0,0,0,0
British,2023,MAG,Haas F1 Team,16.0,94.559,MEDIUM,16.0,1.0,,,17.0,1,84.4,2.532,True,-0.3437,32.0,16.0,0,0,0
British,2023,MAG,Haas F1 Team,17.0,94.216,MEDIUM,17.0,1.0,,,17.0,1,82.8,2.484,True,-0.3437,32.0,15.0,0,0,0
British,2023,MAG,Haas F1 Team,18.0,93.795,MEDIUM,18.0,1.0,,,17.0,1,81.2,2.436,True,-0.3437,32.0,14.0,0,0,0
British,2023,MAG,Haas F1 Team,19.0,94.281,MEDIUM,19.0,1.0,,,17.0,1,79.6,2.388,True,-0.3437,32.0,13.0,0,0,0
British,2023,MAG,Haas F1 Team,20.0,93.935,MEDIUM,20.0,1.0,,,17.0,1,78.0,2.34,True,-0.3437,32.0,12.0,0,0,0
British,2023,MAG,Haas F1 Team,21.0,94.083,MEDIUM,21.0,1.0,,,17.0,1,76.4,2.292,True,-0.3437,32.0,11.0,0,0,0
British,2023,MAG,Haas F1 Team,22.0,93.997,MEDIUM,22.0,1.0,,,17.0,1,74.8,2.244,True,-0.3437,32.0,10.0,0,0,0
British,2023,MAG,Haas F1 Team,23.0,93.98,MEDIUM,23.0,1.0,,,17.0,1,73.2,2.196,True,-0.3437,32.0,9.0,0,0,0
British,2023,MAG,Haas F1 Team,24.0,93.891,MEDIUM,24.0,1.0,,,17.0,1,71.6,2.148,True,-0.3437,32.0,8.0,0,0,0
British,2023,MAG,Haas F1 Team,25.0,94.037,MEDIUM,25.0,1.0,,,16.0,1,70.0,2.1,True,-0.3437,32.0,7.0,0,0,0
British,2023,MAG,Haas F1 Team,26.0,94.119,MEDIUM,26.0,1.0,,,16.0,1,68.4,2.052,True,-0.3437,32.0,6.0,0,0,0
British,2023,MAG,Haas F1 Team,27.0,93.935,MEDIUM,27.0,1.0,,,16.0,1,66.8,2.004,True,-0.3437,32.0,5.0,0,0,0
British,2023,MAG,Haas F1 Team,28.0,93.76,MEDIUM,28.0,1.0,,,15.0,1,65.2,1.956,True,-0.3437,32.0,4.0,0,0,0
British,2023,MAG,Haas F1 Team,29.0,93.356,MEDIUM,29.0,1.0,,,15.0,1,63.6,1.908,True,-0.3437,32.0,3.0,0,0,0
British,2023,MAG,Haas F1 Team,30.0,93.466,MEDIUM,30.0,1.0,,,14.0,1,62.0,1.86,True,-0.3437,32.0,2.0,0,0,0
British,2023,MAG,Haas F1 Team,31.0,93.464,MEDIUM,31.0,1.0,,,14.0,1,60.4,1.812,True,-0.3437,32.0,1.0,0,0,0
British,2023,MAG,Haas F1 Team,32.0,,MEDIUM,32.0,1.0,,,,1264,58.8,1.764,False,-0.3437,32.0,0.0,0,0,0
British,2023,DEV,AlphaTauri,1.0,104.444,SOFT,1.0,1.0,,,17.0,1,108.4,3.252,False,-0.5543,52.0,51.0,0,0,0
British,2023,DEV,AlphaTauri,2.0,96.208,SOFT,2.0,1.0,,,17.0,1,106.8,3.204,True,-0.5543,52.0,50.0,0,0,0
British,2023,DEV,AlphaTauri,3.0,94.746,SOFT,3.0,1.0,,,17.0,1,105.2,3.156,True,-0.5543,52.0,49.0,0,0,0
British,2023,DEV,AlphaTauri,4.0,94.199,SOFT,4.0,1.0,,,17.0,1,103.6,3.108,True,-0.5543,52.0,48.0,0,0,0
British,2023,DEV,AlphaTauri,5.0,94.761,SOFT,5.0,1.0,,,17.0,1,102.0,3.06,True,-0.5543,52.0,47.0,0,0,0
British,2023,DEV,AlphaTauri,6.0,94.907,SOFT,6.0,1.0,,,17.0,1,100.4,3.012,True,-0.5543,52.0,46.0,0,0,0
British,2023,DEV,AlphaTauri,7.0,95.054,SOFT,7.0,1.0,,,17.0,1,98.8,2.964,True,-0.5543,52.0,45.0,0,0,0
British,2023,DEV,AlphaTauri,8.0,93.896,SOFT,8.0,1.0,,,16.0,1,97.2,2.916,True,-0.5543,52.0,44.0,0,0,0
British,2023,DEV,AlphaTauri,9.0,93.774,SOFT,9.0,1.0,,,16.0,1,95.6,2.868,True,-0.5543,52.0,43.0,0,0,0
British,2023,DEV,AlphaTauri,10.0,93.985,SOFT,10.0,1.0,,,15.0,1,94.0,2.82,True,-0.5543,52.0,42.0,0,0,0
British,2023,DEV,AlphaTauri,11.0,93.758,SOFT,11.0,1.0,,,15.0,1,92.4,2.772,True,-0.5543,52.0,41.0,0,0,0
British,2023,DEV,AlphaTauri,12.0,94.165,SOFT,12.0,1.0,,,15.0,1,90.8,2.724,True,-0.5543,52.0,40.0,0,0,0
British,2023,DEV,AlphaTauri,13.0,94.232,SOFT,13.0,1.0,,,15.0,1,89.2,2.676,True,-0.5543,52.0,39.0,0,0,0
British,2023,DEV,AlphaTauri,14.0,94.879,SOFT,14.0,1.0,,,15.0,1,87.6,2.628,True,-0.5543,52.0,38.0,0,0,0
British,2023,DEV,AlphaTauri,15.0,94.17,SOFT,15.0,1.0,,,14.0,1,86.0,2.58,True,-0.5543,52.0,37.0,0,0,0
British,2023,DEV,AlphaTauri,16.0,94.148,SOFT,16.0,1.0,,,14.0,1,84.4,2.532,True,-0.5543,52.0,36.0,0,0,0
British,2023,DEV,AlphaTauri,17.0,93.637,SOFT,17.0,1.0,,,14.0,1,82.8,2.484,True,-0.5543,52.0,35.0,0,0,0
British,2023,DEV,AlphaTauri,18.0,93.453,SOFT,18.0,1.0,,,14.0,1,81.2,2.436,True,-0.5543,52.0,34.0,0,0,0
British,2023,DEV,AlphaTauri,19.0,93.835,SOFT,19.0,1.0,,,14.0,1,79.6,2.388,True,-0.5543,52.0,33.0,0,0,0
British,2023,DEV,AlphaTauri,20.0,93.48,SOFT,20.0,1.0,,,14.0,1,78.0,2.34,True,-0.5543,52.0,32.0,0,0,0
British,2023,DEV,AlphaTauri,21.0,93.652,SOFT,21.0,1.0,,,14.0,1,76.4,2.292,True,-0.5543,52.0,31.0,0,0,0
British,2023,DEV,AlphaTauri,22.0,93.647,SOFT,22.0,1.0,,,14.0,1,74.8,2.244,True,-0.5543,52.0,30.0,0,0,0
British,2023,DEV,AlphaTauri,23.0,93.622,SOFT,23.0,1.0,,,14.0,1,73.2,2.196,True,-0.5543,52.0,29.0,0,0,0
British,2023,DEV,AlphaTauri,24.0,93.663,SOFT,24.0,1.0,,,14.0,1,71.6,2.148,True,-0.5543,52.0,28.0,0,0,0
British,2023,DEV,AlphaTauri,25.0,93.553,SOFT,25.0,1.0,,,14.0,1,70.0,2.1,True,-0.5543,52.0,27.0,0,0,0
British,2023,DEV,AlphaTauri,26.0,93.754,SOFT,26.0,1.0,,,14.0,1,68.4,2.052,True,-0.5543,52.0,26.0,0,0,0
British,2023,DEV,AlphaTauri,27.0,93.299,SOFT,27.0,1.0,6273.924,,14.0,1,66.8,2.004,False,-0.5543,52.0,25.0,0,0,1
British,2023,DEV,AlphaTauri,28.0,113.094,MEDIUM,1.0,2.0,,6302.298,17.0,1,65.2,1.956,False,-0.2319,52.0,24.0,0,0,0
British,2023,DEV,AlphaTauri,29.0,92.499,MEDIUM,2.0,2.0,,,17.0,1,63.6,1.908,True,-0.2319,52.0,23.0,0,0,0
British,2023,DEV,AlphaTauri,30.0,92.564,MEDIUM,3.0,2.0,,,17.0,1,62.0,1.86,True,-0.2319,52.0,22.0,0,0,0
British,2023,DEV,AlphaTauri,31.0,92.829,MEDIUM,4.0,2.0,,,17.0,1,60.4,1.812,True,-0.2319,52.0,21.0,0,0,0
British,2023,DEV,AlphaTauri,32.0,110.128,MEDIUM,5.0,2.0,6775.071,,16.0,126,58.8,1.764,False,-0.2319,52.0,20.0,0,0,1
British,2023,DEV,AlphaTauri,33.0,144.933,SOFT,1.0,3.0,,6803.477,17.0,64,57.2,1.716,False,-0.7311,52.0,19.0,0,0,0
British,2023,DEV,AlphaTauri,34.0,126.545,SOFT,2.0,3.0,,,16.0,4,55.6,1.668,False,-0.7311,52.0,18.0,1,0,0
British,2023,DEV,AlphaTauri,35.0,108.964,SOFT,3.0,3.0,,,16.0,4,54.0,1.62,False,-0.7311,52.0,17.0,1,0,0
British,2023,DEV,AlphaTauri,36.0,145.061,SOFT,4.0,3.0,,,17.0,4,52.4,1.572,False,-0.7311,52.0,16.0,1,0,0
British,2023,DEV,AlphaTauri,37.0,143.969,SOFT,5.0,3.0,,,16.0,4,50.8,1.524,False,-0.7311,52.0,15.0,1,0,0
British,2023,DEV,AlphaTauri,38.0,129.789,SOFT,6.0,3.0,,,16.0,41,49.2,1.476,False,-0.7311,52.0,14.0,0,0,0
British,2023,DEV,AlphaTauri,39.0,93.647,SOFT,7.0,3.0,,,17.0,1,47.6,1.428,True,-0.7311,52.0,13.0,0,0,0
British,2023,DEV,AlphaTauri,40.0,93.18,SOFT,8.0,3.0,,,17.0,1,46.0,1.38,True,-0.7311,52.0,12.0,0,0,0
British,2023,DEV,AlphaTauri,41.0,92.65,SOFT,9.0,3.0,,,17.0,1,44.4,1.332,True,-0.7311,52.0,11.0,0,0,0
British,2023,DEV,AlphaTauri,42.0,92.369,SOFT,10.0,3.0,,,17.0,1,42.8,1.284,True,-0.7311,52.0,10.0,0,0,0
British,2023,DEV,AlphaTauri,43.0,92.516,SOFT,11.0,3.0,,,17.0,1,41.2,1.236,True,-0.7311,52.0,9.0,0,0,0
British,2023,DEV,AlphaTauri,44.0,94.017,SOFT,12.0,3.0,,,18.0,1,39.6,1.188,True,-0.7311,52.0,8.0,0,0,0
British,2023,DEV,AlphaTauri,45.0,92.829,SOFT,13.0,3.0,,,18.0,1,38.0,1.14,True,-0.7311,52.0,7.0,0,0,0
British,2023,DEV,AlphaTauri,46.0,92.716,SOFT,14.0,3.0,,,17.0,1,36.4,1.092,True,-0.7311,52.0,6.0,0,0,0
British,2023,DEV,AlphaTauri,47.0,92.456,SOFT,15.0,3.0,,,17.0,1,34.8,1.044,True,-0.7311,52.0,5.0,0,0,0
British,2023,DEV,AlphaTauri,48.0,92.353,SOFT,16.0,3.0,,,17.0,1,33.2,0.996,True,-0.7311,52.0,4.0,0,0,0
British,2023,DEV,AlphaTauri,49.0,92.54,SOFT,17.0,3.0,,,17.0,1,31.6,0.948,True,-0.7311,52.0,3.0,0,0,0
British,2023,DEV,AlphaTauri,50.0,92.632,SOFT,18.0,3.0,,,17.0,1,30.0,0.9,True,-0.7311,52.0,2.0,0,0,0
British,2023,DEV,AlphaTauri,51.0,92.445,SOFT,19.0,3.0,,,17.0,1,28.4,0.852,True,-0.7311,52.0,1.0,0,0,0
British,2023,DEV,AlphaTauri,52.0,92.42,SOFT,20.0,3.0,,,17.0,1,26.8,0.804,True,-0.7311,52.0,0.0,0,0,0
British,2023,TSU,AlphaTauri,1.0,103.165,SOFT,1.0,1.0,,,13.0,1,108.4,3.252,False,-0.822,52.0,51.0,0,0,0
British,2023,TSU,AlphaTauri,2.0,95.252,SOFT,2.0,1.0,,,13.0,1,106.8,3.204,True,-0.822,52.0,50.0,0,0,0
British,2023,TSU,AlphaTauri,3.0,94.229,SOFT,3.0,1.0,,,13.0,1,105.2,3.156,True,-0.822,52.0,49.0,0,0,0
British,2023,TSU,AlphaTauri,4.0,94.362,SOFT,4.0,1.0,,,13.0,1,103.6,3.108,True,-0.822,52.0,48.0,0,0,0
British,2023,TSU,AlphaTauri,5.0,94.457,SOFT,5.0,1.0,,,13.0,1,102.0,3.06,True,-0.822,52.0,47.0,0,0,0
British,2023,TSU,AlphaTauri,6.0,95.373,SOFT,6.0,1.0,,,14.0,1,100.4,3.012,True,-0.822,52.0,46.0,0,0,0
British,2023,TSU,AlphaTauri,7.0,94.571,SOFT,7.0,1.0,,,14.0,1,98.8,2.964,True,-0.822,52.0,45.0,0,0,0
British,2023,TSU,AlphaTauri,8.0,94.486,SOFT,8.0,1.0,,,14.0,1,97.2,2.916,True,-0.822,52.0,44.0,0,0,0
British,2023,TSU,AlphaTauri,9.0,94.235,SOFT,9.0,1.0,,,14.0,1,95.6,2.868,True,-0.822,52.0,43.0,0,0,0
British,2023,TSU,AlphaTauri,10.0,94.173,SOFT,10.0,1.0,,,13.0,1,94.0,2.82,True,-0.822,52.0,42.0,0,0,0
British,2023,TSU,AlphaTauri,11.0,94.085,SOFT,11.0,1.0,,,13.0,1,92.4,2.772,True,-0.822,52.0,41.0,0,0,0
British,2023,TSU,AlphaTauri,12.0,94.237,SOFT,12.0,1.0,,,13.0,1,90.8,2.724,True,-0.822,52.0,40.0,0,0,0
British,2023,TSU,AlphaTauri,13.0,94.433,SOFT,13.0,1.0,,,13.0,1,89.2,2.676,True,-0.822,52.0,39.0,0,0,0
British,2023,TSU,AlphaTauri,14.0,94.769,SOFT,14.0,1.0,5054.879,,14.0,1,87.6,2.628,False,-0.822,52.0,38.0,0,0,1
British,2023,TSU,AlphaTauri,15.0,114.644,HARD,1.0,2.0,,5083.191,18.0,1,86.0,2.58,False,0.0526,52.0,37.0,0,0,0
British,2023,TSU,AlphaTauri,16.0,93.058,HARD,2.0,2.0,,,18.0,1,84.4,2.532,True,0.0526,52.0,36.0,0,0,0
British,2023,TSU,AlphaTauri,17.0,92.952,HARD,3.0,2.0,,,18.0,1,82.8,2.484,True,0.0526,52.0,35.0,0,0,0
British,2023,TSU,AlphaTauri,18.0,93.094,HARD,4.0,2.0,,,18.0,1,81.2,2.436,True,0.0526,52.0,34.0,0,0,0
British,2023,TSU,AlphaTauri,19.0,93.424,HARD,5.0,2.0,,,18.0,1,79.6,2.388,True,0.0526,52.0,33.0,0,0,0
British,2023,TSU,AlphaTauri,20.0,93.281,HARD,6.0,2.0,,,18.0,1,78.0,2.34,True,0.0526,52.0,32.0,0,0,0
British,2023,TSU,AlphaTauri,21.0,93.189,HARD,7.0,2.0,,,18.0,1,76.4,2.292,True,0.0526,52.0,31.0,0,0,0
British,2023,TSU,AlphaTauri,22.0,93.004,HARD,8.0,2.0,,,18.0,1,74.8,2.244,True,0.0526,52.0,30.0,0,0,0
British,2023,TSU,AlphaTauri,23.0,93.098,HARD,9.0,2.0,,,18.0,1,73.2,2.196,True,0.0526,52.0,29.0,0,0,0
British,2023,TSU,AlphaTauri,24.0,93.205,HARD,10.0,2.0,,,18.0,1,71.6,2.148,True,0.0526,52.0,28.0,0,0,0
British,2023,TSU,AlphaTauri,25.0,93.224,HARD,11.0,2.0,,,17.0,1,70.0,2.1,True,0.0526,52.0,27.0,0,0,0
British,2023,TSU,AlphaTauri,26.0,93.319,HARD,12.0,2.0,,,17.0,1,68.4,2.052,True,0.0526,52.0,26.0,0,0,0
British,2023,TSU,AlphaTauri,27.0,93.418,HARD,13.0,2.0,,,17.0,1,66.8,2.004,True,0.0526,52.0,25.0,0,0,0
British,2023,TSU,AlphaTauri,28.0,93.275,HARD,14.0,2.0,,,16.0,1,65.2,1.956,True,0.0526,52.0,24.0,0,0,0
British,2023,TSU,AlphaTauri,29.0,93.118,HARD,15.0,2.0,,,16.0,1,63.6,1.908,True,0.0526,52.0,23.0,0,0,0
British,2023,TSU,AlphaTauri,30.0,93.211,HARD,16.0,2.0,,,15.0,1,62.0,1.86,True,0.0526,52.0,22.0,0,0,0
British,2023,TSU,AlphaTauri,31.0,93.279,HARD,17.0,2.0,,,15.0,1,60.4,1.812,True,0.0526,52.0,21.0,0,0,0
British,2023,TSU,AlphaTauri,32.0,107.079,HARD,18.0,2.0,6767.743,,13.0,126,58.8,1.764,False,0.0526,52.0,20.0,0,0,1
British,2023,TSU,AlphaTauri,33.0,145.863,SOFT,1.0,3.0,,6796.352,16.0,64,57.2,1.716,False,-1.755,52.0,19.0,0,0,0
British,2023,TSU,AlphaTauri,34.0,127.037,SOFT,2.0,3.0,,,15.0,4,55.6,1.668,False,-1.755,52.0,18.0,1,0,0
British,2023,TSU,AlphaTauri,35.0,114.219,SOFT,3.0,3.0,,,15.0,4,54.0,1.62,False,-1.755,52.0,17.0,1,0,0
British,2023,TSU,AlphaTauri,36.0,144.84,SOFT,4.0,3.0,,,16.0,4,52.4,1.572,False,-1.755,52.0,16.0,1,0,0
British,2023,TSU,AlphaTauri,37.0,143.518,SOFT,5.0,3.0,,,15.0,4,50.8,1.524,False,-1.755,52.0,15.0,1,0,0
British,2023,TSU,AlphaTauri,38.0,130.75,SOFT,6.0,3.0,,,15.0,41,49.2,1.476,False,-1.755,52.0,14.0,0,0,0
British,2023,TSU,AlphaTauri,39.0,92.882,SOFT,7.0,3.0,,,15.0,1,47.6,1.428,True,-1.755,52.0,13.0,0,0,0
British,2023,TSU,AlphaTauri,40.0,92.932,SOFT,8.0,3.0,,,15.0,1,46.0,1.38,True,-1.755,52.0,12.0,0,0,0
British,2023,TSU,AlphaTauri,41.0,93.321,SOFT,9.0,3.0,,,16.0,1,44.4,1.332,True,-1.755,52.0,11.0,0,0,0
British,2023,TSU,AlphaTauri,42.0,92.306,SOFT,10.0,3.0,,,16.0,1,42.8,1.284,True,-1.755,52.0,10.0,0,0,0
British,2023,TSU,AlphaTauri,43.0,92.572,SOFT,11.0,3.0,,,16.0,1,41.2,1.236,True,-1.755,52.0,9.0,0,0,0
British,2023,TSU,AlphaTauri,44.0,92.534,SOFT,12.0,3.0,,,16.0,1,39.6,1.188,True,-1.755,52.0,8.0,0,0,0
British,2023,TSU,AlphaTauri,45.0,92.494,SOFT,13.0,3.0,,,16.0,1,38.0,1.14,True,-1.755,52.0,7.0,0,0,0
British,2023,TSU,AlphaTauri,46.0,92.535,SOFT,14.0,3.0,,,15.0,1,36.4,1.092,True,-1.755,52.0,6.0,0,0,0
British,2023,TSU,AlphaTauri,47.0,92.291,SOFT,15.0,3.0,,,15.0,1,34.8,1.044,True,-1.755,52.0,5.0,0,0,0
British,2023,TSU,AlphaTauri,48.0,92.084,SOFT,16.0,3.0,,,15.0,1,33.2,0.996,True,-1.755,52.0,4.0,0,0,0
British,2023,TSU,AlphaTauri,49.0,92.504,SOFT,17.0,3.0,,,15.0,1,31.6,0.948,True,-1.755,52.0,3.0,0,0,0
British,2023,TSU,AlphaTauri,50.0,92.79,SOFT,18.0,3.0,,,15.0,1,30.0,0.9,True,-1.755,52.0,2.0,0,0,0
British,2023,TSU,AlphaTauri,51.0,93.212,SOFT,19.0,3.0,,,16.0,1,28.4,0.852,True,-1.755,52.0,1.0,0,0,0
British,2023,TSU,AlphaTauri,52.0,92.78,SOFT,20.0,3.0,,,16.0,1,26.8,0.804,True,-1.755,52.0,0.0,0,0,0
British,2023,ALB,Williams,1.0,101.364,MEDIUM,1.0,1.0,,,10.0,1,108.4,3.252,False,-0.3007,52.0,51.0,0,0,0
British,2023,ALB,Williams,2.0,95.004,MEDIUM,2.0,1.0,,,10.0,1,106.8,3.204,True,-0.3007,52.0,50.0,0,0,0
British,2023,ALB,Williams,3.0,93.809,MEDIUM,3.0,1.0,,,10.0,1,105.2,3.156,True,-0.3007,52.0,49.0,0,0,0
British,2023,ALB,Williams,4.0,93.866,MEDIUM,4.0,1.0,,,10.0,1,103.6,3.108,True,-0.3007,52.0,48.0,0,0,0
British,2023,ALB,Williams,5.0,93.86,MEDIUM,5.0,1.0,,,10.0,1,102.0,3.06,True,-0.3007,52.0,47.0,0,0,0
British,2023,ALB,Williams,6.0,94.21,MEDIUM,6.0,1.0,,,10.0,1,100.4,3.012,True,-0.3007,52.0,46.0,0,0,0
British,2023,ALB,Williams,7.0,94.099,MEDIUM,7.0,1.0,,,10.0,1,98.8,2.964,True,-0.3007,52.0,45.0,0,0,0
British,2023,ALB,Williams,8.0,93.922,MEDIUM,8.0,1.0,,,10.0,1,97.2,2.916,True,-0.3007,52.0,44.0,0,0,0
British,2023,ALB,Williams,9.0,93.731,MEDIUM,9.0,1.0,,,10.0,1,95.6,2.868,True,-0.3007,52.0,43.0,0,0,0
British,2023,ALB,Williams,10.0,94.045,MEDIUM,10.0,1.0,,,10.0,1,94.0,2.82,True,-0.3007,52.0,42.0,0,0,0
British,2023,ALB,Williams,11.0,93.842,MEDIUM,11.0,1.0,,,10.0,1,92.4,2.772,True,-0.3007,52.0,41.0,0,0,0
British,2023,ALB,Williams,12.0,93.857,MEDIUM,12.0,1.0,,,10.0,1,90.8,2.724,True,-0.3007,52.0,40.0,0,0,0
British,2023,ALB,Williams,13.0,93.751,MEDIUM,13.0,1.0,,,10.0,1,89.2,2.676,True,-0.3007,52.0,39.0,0,0,0
British,2023,ALB,Williams,14.0,93.951,MEDIUM,14.0,1.0,,,10.0,1,87.6,2.628,True,-0.3007,52.0,38.0,0,0,0
British,2023,ALB,Williams,15.0,93.786,MEDIUM,15.0,1.0,,,10.0,1,86.0,2.58,True,-0.3007,52.0,37.0,0,0,0
British,2023,ALB,Williams,16.0,94.343,MEDIUM,16.0,1.0,,,11.0,1,84.4,2.532,True,-0.3007,52.0,36.0,0,0,0
British,2023,ALB,Williams,17.0,93.707,MEDIUM,17.0,1.0,,,11.0,1,82.8,2.484,True,-0.3007,52.0,35.0,0,0,0
British,2023,ALB,Williams,18.0,93.615,MEDIUM,18.0,1.0,,,11.0,1,81.2,2.436,True,-0.3007,52.0,34.0,0,0,0
British,2023,ALB,Williams,19.0,93.654,MEDIUM,19.0,1.0,,,10.0,1,79.6,2.388,True,-0.3007,52.0,33.0,0,0,0
British,2023,ALB,Williams,20.0,93.44,MEDIUM,20.0,1.0,,,10.0,1,78.0,2.34,True,-0.3007,52.0,32.0,0,0,0
British,2023,ALB,Williams,21.0,93.195,MEDIUM,21.0,1.0,,,10.0,1,76.4,2.292,True,-0.3007,52.0,31.0,0,0,0
British,2023,ALB,Williams,22.0,93.021,MEDIUM,22.0,1.0,,,10.0,1,74.8,2.244,True,-0.3007,52.0,30.0,0,0,0
British,2023,ALB,Williams,23.0,93.117,MEDIUM,23.0,1.0,,,10.0,1,73.2,2.196,True,-0.3007,52.0,29.0,0,0,0
British,2023,ALB,Williams,24.0,93.163,MEDIUM,24.0,1.0,,,10.0,1,71.6,2.148,True,-0.3007,52.0,28.0,0,0,0
British,2023,ALB,Williams,25.0,93.374,MEDIUM,25.0,1.0,,,10.0,1,70.0,2.1,True,-0.3007,52.0,27.0,0,0,0
British,2023,ALB,Williams,26.0,93.175,MEDIUM,26.0,1.0,,,10.0,1,68.4,2.052,True,-0.3007,52.0,26.0,0,0,0
British,2023,ALB,Williams,27.0,93.126,MEDIUM,27.0,1.0,,,9.0,1,66.8,2.004,True,-0.3007,52.0,25.0,0,0,0
British,2023,ALB,Williams,28.0,93.084,MEDIUM,28.0,1.0,,,9.0,1,65.2,1.956,True,-0.3007,52.0,24.0,0,0,0
British,2023,ALB,Williams,29.0,92.869,MEDIUM,29.0,1.0,,,7.0,1,63.6,1.908,True,-0.3007,52.0,23.0,0,0,0
British,2023,ALB,Williams,30.0,92.882,MEDIUM,30.0,1.0,,,7.0,1,62.0,1.86,True,-0.3007,52.0,22.0,0,0,0
British,2023,ALB,Williams,31.0,92.816,MEDIUM,31.0,1.0,,,7.0,1,60.4,1.812,True,-0.3007,52.0,21.0,0,0,0
British,2023,ALB,Williams,32.0,96.773,MEDIUM,32.0,1.0,6729.478,,6.0,126,58.8,1.764,False,-0.3007,52.0,20.0,0,0,1
British,2023,ALB,Williams,33.0,146.603,SOFT,5.0,2.0,,6759.118,9.0,64,57.2,1.716,False,-0.3603,52.0,19.0,0,0,0
British,2023,ALB,Williams,34.0,126.403,SOFT,6.0,2.0,,,9.0,4,55.6,1.668,False,-0.3603,52.0,18.0,1,0,0
British,2023,ALB,Williams,35.0,142.565,SOFT,7.0,2.0,,,9.0,4,54.0,1.62,False,-0.3603,52.0,17.0,1,0,0
British,2023,ALB,Williams,36.0,145.067,SOFT,8.0,2.0,,,9.0,4,52.4,1.572,False,-0.3603,52.0,16.0,1,0,0
British,2023,ALB,Williams,37.0,145.628,SOFT,9.0,2.0,,,9.0,4,50.8,1.524,False,-0.3603,52.0,15.0,1,0,0
British,2023,ALB,Williams,38.0,135.556,SOFT,10.0,2.0,,,9.0,41,49.2,1.476,False,-0.3603,52.0,14.0,0,0,0
British,2023,ALB,Williams,39.0,92.63,SOFT,11.0,2.0,,,9.0,1,47.6,1.428,True,-0.3603,52.0,13.0,0,0,0
British,2023,ALB,Williams,40.0,92.176,SOFT,12.0,2.0,,,9.0,1,46.0,1.38,True,-0.3603,52.0,12.0,0,0,0
British,2023,ALB,Williams,41.0,91.273,SOFT,13.0,2.0,,,9.0,1,44.4,1.332,True,-0.3603,52.0,11.0,0,0,0
British,2023,ALB,Williams,42.0,91.879,SOFT,14.0,2.0,,,9.0,1,42.8,1.284,True,-0.3603,52.0,10.0,0,0,0
British,2023,ALB,Williams,43.0,91.752,SOFT,15.0,2.0,,,9.0,1,41.2,1.236,True,-0.3603,52.0,9.0,0,0,0
British,2023,ALB,Williams,44.0,92.057,SOFT,16.0,2.0,,,8.0,1,39.6,1.188,True,-0.3603,52.0,8.0,0,0,0
British,2023,ALB,Williams,45.0,92.146,SOFT,17.0,2.0,,,8.0,1,38.0,1.14,True,-0.3603,52.0,7.0,0,0,0
British,2023,ALB,Williams,46.0,92.116,SOFT,18.0,2.0,,,8.0,1,36.4,1.092,True,-0.3603,52.0,6.0,0,0,0
British,2023,ALB,Williams,47.0,91.537,SOFT,19.0,2.0,,,8.0,1,34.8,1.044,True,-0.3603,52.0,5.0,0,0,0
British,2023,ALB,Williams,48.0,91.466,SOFT,20.0,2.0,,,8.0,1,33.2,0.996,True,-0.3603,52.0,4.0,0,0,0
British,2023,ALB,Williams,49.0,91.912,SOFT,21.0,2.0,,,8.0,1,31.6,0.948,True,-0.3603,52.0,3.0,0,0,0
British,2023,ALB,Williams,50.0,91.86,SOFT,22.0,2.0,,,8.0,1,30.0,0.9,True,-0.3603,52.0,2.0,0,0,0
British,2023,ALB,Williams,51.0,91.93,SOFT,23.0,2.0,,,8.0,1,28.4,0.852,True,-0.3603,52.0,1.0,0,0,0
British,2023,ALB,Williams,52.0,91.809,SOFT,24.0,2.0,,,8.0,1,26.8,0.804,True,-0.3603,52.0,0.0,0,0,0
British,2023,ZHO,Alfa Romeo,1.0,105.239,MEDIUM,1.0,1.0,,,19.0,1,108.4,3.252,False,-0.4694,52.0,51.0,0,0,0
British,2023,ZHO,Alfa Romeo,2.0,95.912,MEDIUM,2.0,1.0,,,18.0,1,106.8,3.204,True,-0.4694,52.0,50.0,0,0,0
British,2023,ZHO,Alfa Romeo,3.0,94.679,MEDIUM,3.0,1.0,,,18.0,1,105.2,3.156,True,-0.4694,52.0,49.0,0,0,0
British,2023,ZHO,Alfa Romeo,4.0,94.408,MEDIUM,4.0,1.0,,,18.0,1,103.6,3.108,True,-0.4694,52.0,48.0,0,0,0
British,2023,ZHO,Alfa Romeo,5.0,94.736,MEDIUM,5.0,1.0,,,18.0,1,102.0,3.06,True,-0.4694,52.0,47.0,0,0,0
British,2023,ZHO,Alfa Romeo,6.0,94.807,MEDIUM,6.0,1.0,,,18.0,1,100.4,3.012,True,-0.4694,52.0,46.0,0,0,0
British,2023,ZHO,Alfa Romeo,7.0,94.995,MEDIUM,7.0,1.0,,,18.0,1,98.8,2.964,True,-0.4694,52.0,45.0,0,0,0
British,2023,ZHO,Alfa Romeo,8.0,94.267,MEDIUM,8.0,1.0,,,17.0,1,97.2,2.916,True,-0.4694,52.0,44.0,0,0,0
British,2023,ZHO,Alfa Romeo,9.0,94.044,MEDIUM,9.0,1.0,,,17.0,1,95.6,2.868,True,-0.4694,52.0,43.0,0,0,0
British,2023,ZHO,Alfa Romeo,10.0,94.392,MEDIUM,10.0,1.0,,,16.0,1,94.0,2.82,True,-0.4694,52.0,42.0,0,0,0
British,2023,ZHO,Alfa Romeo,11.0,94.221,MEDIUM,11.0,1.0,,,16.0,1,92.4,2.772,True,-0.4694,52.0,41.0,0,0,0
British,2023,ZHO,Alfa Romeo,12.0,94.235,MEDIUM,12.0,1.0,,,16.0,1,90.8,2.724,True,-0.4694,52.0,40.0,0,0,0
British,2023,ZHO,Alfa Romeo,13.0,94.13,MEDIUM,13.0,1.0,,,16.0,1,89.2,2.676,True,-0.4694,52.0,39.0,0,0,0
British,2023,ZHO,Alfa Romeo,14.0,94.418,MEDIUM,14.0,1.0,,,16.0,1,87.6,2.628,True,-0.4694,52.0,38.0,0,0,0
British,2023,ZHO,Alfa Romeo,15.0,94.677,MEDIUM,15.0,1.0,,,15.0,1,86.0,2.58,True,-0.4694,52.0,37.0,0,0,0
British,2023,ZHO,Alfa Romeo,16.0,94.263,MEDIUM,16.0,1.0,,,15.0,1,84.4,2.532,True,-0.4694,52.0,36.0,0,0,0
British,2023,ZHO,Alfa Romeo,17.0,94.027,MEDIUM,17.0,1.0,,,15.0,1,82.8,2.484,True,-0.4694,52.0,35.0,0,0,0
British,2023,ZHO,Alfa Romeo,18.0,93.861,MEDIUM,18.0,1.0,,,15.0,1,81.2,2.436,True,-0.4694,52.0,34.0,0,0,0
British,2023,ZHO,Alfa Romeo,19.0,93.907,MEDIUM,19.0,1.0,,,15.0,1,79.6,2.388,True,-0.4694,52.0,33.0,0,0,0
British,2023,ZHO,Alfa Romeo,20.0,93.726,MEDIUM,20.0,1.0,,,15.0,1,78.0,2.34,True,-0.4694,52.0,32.0,0,0,0
British,2023,ZHO,Alfa Romeo,21.0,93.56,MEDIUM,21.0,1.0,,,15.0,1,76.4,2.292,True,-0.4694,52.0,31.0,0,0,0
British,2023,ZHO,Alfa Romeo,22.0,93.679,MEDIUM,22.0,1.0,,,15.0,1,74.8,2.244,True,-0.4694,52.0,30.0,0,0,0
British,2023,ZHO,Alfa Romeo,23.0,93.642,MEDIUM,23.0,1.0,,,15.0,1,73.2,2.196,True,-0.4694,52.0,29.0,0,0,0
British,2023,ZHO,Alfa Romeo,24.0,93.17,MEDIUM,24.0,1.0,5996.003,,15.0,1,71.6,2.148,False,-0.4694,52.0,28.0,0,0,1
British,2023,ZHO,Alfa Romeo,25.0,115.24,HARD,1.0,2.0,,6025.174,18.0,1,70.0,2.1,False,-0.2713,52.0,27.0,0,0,0
British,2023,ZHO,Alfa Romeo,26.0,92.524,HARD,2.0,2.0,,,18.0,1,68.4,2.052,True,-0.2713,52.0,26.0,0,0,0
British,2023,ZHO,Alfa Romeo,27.0,92.912,HARD,3.0,2.0,,,18.0,1,66.8,2.004,True,-0.2713,52.0,25.0,0,0,0
British,2023,ZHO,Alfa Romeo,28.0,92.999,HARD,4.0,2.0,,,18.0,1,65.2,1.956,True,-0.2713,52.0,24.0,0,0,0
British,2023,ZHO,Alfa Romeo,29.0,92.812,HARD,5.0,2.0,,,18.0,1,63.6,1.908,True,-0.2713,52.0,23.0,0,0,0
British,2023,ZHO,Alfa Romeo,30.0,93.006,HARD,6.0,2.0,,,18.0,1,62.0,1.86,True,-0.2713,52.0,22.0,0,0,0
British,2023,ZHO,Alfa Romeo,31.0,93.073,HARD,7.0,2.0,,,18.0,1,60.4,1.812,True,-0.2713,52.0,21.0,0,0,0
British,2023,ZHO,Alfa Romeo,32.0,115.002,HARD,8.0,2.0,,,17.0,126,58.8,1.764,False,-0.2713,52.0,20.0,0,0,0
British,2023,ZHO,Alfa Romeo,33.0,124.102,HARD,9.0,2.0,6907.647,,15.0,64,57.2,1.716,False,-0.2713,52.0,19.0,0,0,1
British,2023,ZHO,Alfa Romeo,34.0,142.914,SOFT,1.0,3.0,,6936.349,17.0,4,55.6,1.668,False,0.0297,52.0,18.0,1,0,0
British,2023,ZHO,Alfa Romeo,35.0,107.368,SOFT,2.0,3.0,,,17.0,4,54.0,1.62,False,0.0297,52.0,17.0,1,0,0
British,2023,ZHO,Alfa Romeo,36.0,140.527,SOFT,3.0,3.0,7298.499,,15.0,4,52.4,1.572,False,0.0297,52.0,16.0,1,0,1
British,2023,ZHO,Alfa Romeo,37.0,148.721,SOFT,4.0,4.0,,7332.858,18.0,4,50.8,1.524,False,-1.9715,52.0,15.0,1,0,0
British,2023,ZHO,Alfa Romeo,38.0,127.914,SOFT,5.0,4.0,,,18.0,41,49.2,1.476,False,-1.9715,52.0,14.0,0,0,0
British,2023,ZHO,Alfa Romeo,39.0,93.188,SOFT,6.0,4.0,,,18.0,1,47.6,1.428,True,-1.9715,52.0,13.0,0,0,0
British,2023,ZHO,Alfa Romeo,40.0,93.31,SOFT,7.0,4.0,,,18.0,1,46.0,1.38,True,-1.9715,52.0,12.0,0,0,0
British,2023,ZHO,Alfa Romeo,41.0,92.655,SOFT,8.0,4.0,,,18.0,1,44.4,1.332,True,-1.9715,52.0,11.0,0,0,0
British,2023,ZHO,Alfa Romeo,42.0,92.243,SOFT,9.0,4.0,,,18.0,1,42.8,1.284,True,-1.9715,52.0,10.0,0,0,0
British,2023,ZHO,Alfa Romeo,43.0,92.645,SOFT,10.0,4.0,,,18.0,1,41.2,1.236,True,-1.9715,52.0,9.0,0,0,0
British,2023,ZHO,Alfa Romeo,44.0,92.789,SOFT,11.0,4.0,,,17.0,1,39.6,1.188,True,-1.9715,52.0,8.0,0,0,0
British,2023,ZHO,Alfa Romeo,45.0,92.502,SOFT,12.0,4.0,,,17.0,1,38.0,1.14,True,-1.9715,52.0,7.0,0,0,0
British,2023,ZHO,Alfa Romeo,46.0,92.329,SOFT,13.0,4.0,,,16.0,1,36.4,1.092,True,-1.9715,52.0,6.0,0,0,0
British,2023,ZHO,Alfa Romeo,47.0,91.957,SOFT,14.0,4.0,,,16.0,1,34.8,1.044,True,-1.9715,52.0,5.0,0,0,0
British,2023,ZHO,Alfa Romeo,48.0,91.769,SOFT,15.0,4.0,,,16.0,1,33.2,0.996,True,-1.9715,52.0,4.0,0,0,0
British,2023,ZHO,Alfa Romeo,49.0,92.599,SOFT,16.0,4.0,,,16.0,1,31.6,0.948,True,-1.9715,52.0,3.0,0,0,0
British,2023,ZHO,Alfa Romeo,50.0,92.459,SOFT,17.0,4.0,,,16.0,1,30.0,0.9,True,-1.9715,52.0,2.0,0,0,0
British,2023,ZHO,Alfa Romeo,51.0,92.09,SOFT,18.0,4.0,,,15.0,1,28.4,0.852,True,-1.9715,52.0,1.0,0,0,0
British,2023,ZHO,Alfa Romeo,52.0,92.114,SOFT,19.0,4.0,,,15.0,1,26.8,0.804,True,-1.9715,52.0,0.0,0,0,0
British,2023,HUL,Haas F1 Team,1.0,103.503,HARD,1.0,1.0,,,14.0,1,108.4,3.252,False,0.2054,52.0,51.0,0,0,0
British,2023,HUL,Haas F1 Team,2.0,95.277,HARD,2.0,1.0,,,14.0,1,106.8,3.204,True,0.2054,52.0,50.0,0,0,0
British,2023,HUL,Haas F1 Team,3.0,94.53,HARD,3.0,1.0,,,14.0,1,105.2,3.156,True,0.2054,52.0,49.0,0,0,0
British,2023,HUL,Haas F1 Team,4.0,94.354,HARD,4.0,1.0,,,14.0,1,103.6,3.108,True,0.2054,52.0,48.0,0,0,0
British,2023,HUL,Haas F1 Team,5.0,95.588,HARD,5.0,1.0,,,15.0,1,102.0,3.06,True,0.2054,52.0,47.0,0,0,0
British,2023,HUL,Haas F1 Team,6.0,95.631,HARD,6.0,1.0,,,16.0,1,100.4,3.012,True,0.2054,52.0,46.0,0,0,0
British,2023,HUL,Haas F1 Team,7.0,94.412,HARD,7.0,1.0,4396.312,,16.0,1,98.8,2.964,False,0.2054,52.0,45.0,0,0,1
British,2023,HUL,Haas F1 Team,8.0,127.922,MEDIUM,1.0,2.0,,4438.296,20.0,1,97.2,2.916,False,-0.0574,52.0,44.0,0,0,0
British,2023,HUL,Haas F1 Team,9.0,93.669,MEDIUM,2.0,2.0,,,20.0,1,95.6,2.868,True,-0.0574,52.0,43.0,0,0,0
British,2023,HUL,Haas F1 Team,10.0,93.525,MEDIUM,3.0,2.0,,,19.0,1,94.0,2.82,True,-0.0574,52.0,42.0,0,0,0
British,2023,HUL,Haas F1 Team,11.0,93.966,MEDIUM,4.0,2.0,,,19.0,1,92.4,2.772,True,-0.0574,52.0,41.0,0,0,0
British,2023,HUL,Haas F1 Team,12.0,94.022,MEDIUM,5.0,2.0,,,19.0,1,90.8,2.724,True,-0.0574,52.0,40.0,0,0,0
British,2023,HUL,Haas F1 Team,13.0,94.3,MEDIUM,6.0,2.0,,,19.0,1,89.2,2.676,True,-0.0574,52.0,39.0,0,0,0
British,2023,HUL,Haas F1 Team,14.0,94.186,MEDIUM,7.0,2.0,,,19.0,1,87.6,2.628,True,-0.0574,52.0,38.0,0,0,0
British,2023,HUL,Haas F1 Team,15.0,93.925,MEDIUM,8.0,2.0,,,19.0,1,86.0,2.58,True,-0.0574,52.0,37.0,0,0,0
British,2023,HUL,Haas F1 Team,16.0,93.64,MEDIUM,9.0,2.0,,,19.0,1,84.4,2.532,True,-0.0574,52.0,36.0,0,0,0
British,2023,HUL,Haas F1 Team,17.0,93.616,MEDIUM,10.0,2.0,,,19.0,1,82.8,2.484,True,-0.0574,52.0,35.0,0,0,0
British,2023,HUL,Haas F1 Team,18.0,93.591,MEDIUM,11.0,2.0,,,19.0,1,81.2,2.436,True,-0.0574,52.0,34.0,0,0,0
British,2023,HUL,Haas F1 Team,19.0,93.763,MEDIUM,12.0,2.0,,,19.0,1,79.6,2.388,True,-0.0574,52.0,33.0,0,0,0
British,2023,HUL,Haas F1 Team,20.0,93.555,MEDIUM,13.0,2.0,,,19.0,1,78.0,2.34,True,-0.0574,52.0,32.0,0,0,0
British,2023,HUL,Haas F1 Team,21.0,93.35,MEDIUM,14.0,2.0,,,19.0,1,76.4,2.292,True,-0.0574,52.0,31.0,0,0,0
British,2023,HUL,Haas F1 Team,22.0,93.143,MEDIUM,15.0,2.0,,,19.0,1,74.8,2.244,True,-0.0574,52.0,30.0,0,0,0
British,2023,HUL,Haas F1 Team,23.0,93.294,MEDIUM,16.0,2.0,,,19.0,1,73.2,2.196,True,-0.0574,52.0,29.0,0,0,0
British,2023,HUL,Haas F1 Team,24.0,93.461,MEDIUM,17.0,2.0,,,19.0,1,71.6,2.148,True,-0.0574,52.0,28.0,0,0,0
British,2023,HUL,Haas F1 Team,25.0,93.351,MEDIUM,18.0,2.0,,,19.0,1,70.0,2.1,True,-0.0574,52.0,27.0,0,0,0
British,2023,HUL,Haas F1 Team,26.0,93.644,MEDIUM,19.0,2.0,,,19.0,1,68.4,2.052,True,-0.0574,52.0,26.0,0,0,0
British,2023,HUL,Haas F1 Team,27.0,93.122,MEDIUM,20.0,2.0,,,19.0,1,66.8,2.004,True,-0.0574,52.0,25.0,0,0,0
British,2023,HUL,Haas F1 Team,28.0,93.28,MEDIUM,21.0,2.0,,,19.0,1,65.2,1.956,True,-0.0574,52.0,24.0,0,0,0
British,2023,HUL,Haas F1 Team,29.0,93.107,MEDIUM,22.0,2.0,,,19.0,1,63.6,1.908,True,-0.0574,52.0,23.0,0,0,0
British,2023,HUL,Haas F1 Team,30.0,93.332,MEDIUM,23.0,2.0,,,19.0,1,62.0,1.86,True,-0.0574,52.0,22.0,0,0,0
British,2023,HUL,Haas F1 Team,31.0,93.133,MEDIUM,24.0,2.0,,,19.0,1,60.4,1.812,True,-0.0574,52.0,21.0,0,0,0
British,2023,HUL,Haas F1 Team,32.0,114.146,MEDIUM,25.0,2.0,6790.368,,18.0,126,58.8,1.764,False,-0.0574,52.0,20.0,0,0,1
British,2023,HUL,Haas F1 Team,33.0,146.674,SOFT,1.0,3.0,,6820.398,18.0,64,57.2,1.716,False,-1.5958,52.0,19.0,0,0,0
British,2023,HUL,Haas F1 Team,34.0,125.892,SOFT,2.0,3.0,,,18.0,4,55.6,1.668,False,-1.5958,52.0,18.0,1,0,0
British,2023,HUL,Haas F1 Team,35.0,101.883,SOFT,3.0,3.0,,,18.0,4,54.0,1.62,False,-1.5958,52.0,17.0,1,0,0
British,2023,HUL,Haas F1 Team,36.0,137.786,SOFT,4.0,3.0,,,18.0,4,52.4,1.572,False,-1.5958,52.0,16.0,1,0,0
British,2023,HUL,Haas F1 Team,37.0,143.16,SOFT,5.0,3.0,,,17.0,4,50.8,1.524,False,-1.5958,52.0,15.0,1,0,0
British,2023,HUL,Haas F1 Team,38.0,128.983,SOFT,6.0,3.0,,,17.0,41,49.2,1.476,False,-1.5958,52.0,14.0,0,0,0
British,2023,HUL,Haas F1 Team,39.0,92.527,SOFT,7.0,3.0,,,16.0,1,47.6,1.428,True,-1.5958,52.0,13.0,0,0,0
British,2023,HUL,Haas F1 Team,40.0,92.932,SOFT,8.0,3.0,,,16.0,1,46.0,1.38,True,-1.5958,52.0,12.0,0,0,0
British,2023,HUL,Haas F1 Team,41.0,92.104,SOFT,9.0,3.0,,,15.0,1,44.4,1.332,True,-1.5958,52.0,11.0,0,0,0
British,2023,HUL,Haas F1 Team,42.0,92.097,SOFT,10.0,3.0,,,15.0,1,42.8,1.284,True,-1.5958,52.0,10.0,0,0,0
British,2023,HUL,Haas F1 Team,43.0,92.325,SOFT,11.0,3.0,,,15.0,1,41.2,1.236,True,-1.5958,52.0,9.0,0,0,0
British,2023,HUL,Haas F1 Team,44.0,92.441,SOFT,12.0,3.0,,,15.0,1,39.6,1.188,True,-1.5958,52.0,8.0,0,0,0
British,2023,HUL,Haas F1 Team,45.0,92.534,SOFT,13.0,3.0,,,14.0,1,38.0,1.14,True,-1.5958,52.0,7.0,0,0,0
British,2023,HUL,Haas F1 Team,46.0,92.584,SOFT,14.0,3.0,,,14.0,1,36.4,1.092,True,-1.5958,52.0,6.0,0,0,0
British,2023,HUL,Haas F1 Team,47.0,92.101,SOFT,15.0,3.0,,,14.0,1,34.8,1.044,True,-1.5958,52.0,5.0,0,0,0
British,2023,HUL,Haas F1 Team,48.0,92.06,SOFT,16.0,3.0,,,14.0,1,33.2,0.996,True,-1.5958,52.0,4.0,0,0,0
British,2023,HUL,Haas F1 Team,49.0,92.08,SOFT,17.0,3.0,,,14.0,1,31.6,0.948,True,-1.5958,52.0,3.0,0,0,0
British,2023,HUL,Haas F1 Team,50.0,92.158,SOFT,18.0,3.0,,,14.0,1,30.0,0.9,True,-1.5958,52.0,2.0,0,0,0
British,2023,HUL,Haas F1 Team,51.0,92.166,SOFT,19.0,3.0,,,14.0,1,28.4,0.852,True,-1.5958,52.0,1.0,0,0,0
British,2023,HUL,Haas F1 Team,52.0,91.776,SOFT,20.0,3.0,,,14.0,1,26.8,0.804,True,-1.5958,52.0,0.0,0,0,0
British,2023,OCO,Alpine,1.0,102.516,SOFT,1.0,1.0,,,12.0,1,108.4,3.252,False,0.2025,9.0,8.0,0,0,0
British,2023,OCO,Alpine,2.0,95.23,SOFT,2.0,1.0,,,12.0,1,106.8,3.204,True,0.2025,9.0,7.0,0,0,0
British,2023,OCO,Alpine,3.0,94.113,SOFT,3.0,1.0,,,12.0,1,105.2,3.156,True,0.2025,9.0,6.0,0,0,0
British,2023,OCO,Alpine,4.0,93.941,SOFT,4.0,1.0,,,12.0,1,103.6,3.108,True,0.2025,9.0,5.0,0,0,0
British,2023,OCO,Alpine,5.0,93.946,SOFT,5.0,1.0,,,12.0,1,102.0,3.06,True,0.2025,9.0,4.0,0,0,0
British,2023,OCO,Alpine,6.0,94.381,SOFT,6.0,1.0,,,12.0,1,100.4,3.012,True,0.2025,9.0,3.0,0,0,0
British,2023,OCO,Alpine,7.0,94.346,SOFT,7.0,1.0,,,12.0,1,98.8,2.964,True,0.2025,9.0,2.0,0,0,0
British,2023,OCO,Alpine,8.0,94.032,SOFT,8.0,1.0,,,12.0,1,97.2,2.916,True,0.2025,9.0,1.0,0,0,0
British,2023,OCO,Alpine,9.0,93.846,SOFT,9.0,1.0,4579.34,,12.0,1,95.6,2.868,False,0.2025,9.0,0.0,0,0,1
British,2023,NOR,McLaren,1.0,96.551,MEDIUM,1.0,1.0,,,1.0,1,108.4,3.252,False,-0.179,52.0,51.0,0,0,0
British,2023,NOR,McLaren,2.0,93.046,MEDIUM,2.0,1.0,,,1.0,1,106.8,3.204,True,-0.179,52.0,50.0,0,0,0
British,2023,NOR,McLaren,3.0,93.18,MEDIUM,3.0,1.0,,,1.0,1,105.2,3.156,True,-0.179,52.0,49.0,0,0,0
British,2023,NOR,McLaren,4.0,92.772,MEDIUM,4.0,1.0,,,1.0,1,103.6,3.108,True,-0.179,52.0,48.0,0,0,0
British,2023,NOR,McLaren,5.0,93.914,MEDIUM,5.0,1.0,,,2.0,1,102.0,3.06,True,-0.179,52.0,47.0,0,0,0
British,2023,NOR,McLaren,6.0,93.112,MEDIUM,6.0,1.0,,,2.0,1,100.4,3.012,True,-0.179,52.0,46.0,0,0,0
British,2023,NOR,McLaren,7.0,93.19,MEDIUM,7.0,1.0,,,2.0,1,98.8,2.964,True,-0.179,52.0,45.0,0,0,0
British,2023,NOR,McLaren,8.0,93.101,MEDIUM,8.0,1.0,,,2.0,1,97.2,2.916,True,-0.179,52.0,44.0,0,0,0
British,2023,NOR,McLaren,9.0,92.612,MEDIUM,9.0,1.0,,,2.0,1,95.6,2.868,True,-0.179,52.0,43.0,0,0,0
British,2023,NOR,McLaren,10.0,92.977,MEDIUM,10.0,1.0,,,2.0,1,94.0,2.82,True,-0.179,52.0,42.0,0,0,0
British,2023,NOR,McLaren,11.0,92.978,MEDIUM,11.0,1.0,,,2.0,1,92.4,2.772,True,-0.179,52.0,41.0,0,0,0
British,2023,NOR,McLaren,12.0,93.116,MEDIUM,12.0,1.0,,,2.0,1,90.8,2.724,True,-0.179,52.0,40.0,0,0,0
British,2023,NOR,McLaren,13.0,92.986,MEDIUM,13.0,1.0,,,2.0,1,89.2,2.676,True,-0.179,52.0,39.0,0,0,0
British,2023,NOR,McLaren,14.0,93.67,MEDIUM,14.0,1.0,,,2.0,1,87.6,2.628,True,-0.179,52.0,38.0,0,0,0
British,2023,NOR,McLaren,15.0,93.221,MEDIUM,15.0,1.0,,,2.0,1,86.0,2.58,True,-0.179,52.0,37.0,0,0,0
British,2023,NOR,McLaren,16.0,92.903,MEDIUM,16.0,1.0,,,2.0,1,84.4,2.532,True,-0.179,52.0,36.0,0,0,0
British,2023,NOR,McLaren,17.0,92.985,MEDIUM,17.0,1.0,,,2.0,1,82.8,2.484,True,-0.179,52.0,35.0,0,0,0
British,2023,NOR,McLaren,18.0,92.731,MEDIUM,18.0,1.0,,,2.0,1,81.2,2.436,True,-0.179,52.0,34.0,0,0,0
British,2023,NOR,McLaren,19.0,92.5,MEDIUM,19.0,1.0,,,2.0,1,79.6,2.388,True,-0.179,52.0,33.0,0,0,0
British,2023,NOR,McLaren,20.0,92.77,MEDIUM,20.0,1.0,,,2.0,1,78.0,2.34,True,-0.179,52.0,32.0,0,0,0
British,2023,NOR,McLaren,21.0,92.604,MEDIUM,21.0,1.0,,,2.0,1,76.4,2.292,True,-0.179,52.0,31.0,0,0,0
British,2023,NOR,McLaren,22.0,92.637,MEDIUM,22.0,1.0,,,2.0,1,74.8,2.244,True,-0.179,52.0,30.0,0,0,0
British,2023,NOR,McLaren,23.0,92.619,MEDIUM,23.0,1.0,,,2.0,1,73.2,2.196,True,-0.179,52.0,29.0,0,0,0
British,2023,NOR,McLaren,24.0,92.721,MEDIUM,24.0,1.0,,,2.0,1,71.6,2.148,True,-0.179,52.0,28.0,0,0,0
British,2023,NOR,McLaren,25.0,92.949,MEDIUM,25.0,1.0,,,2.0,1,70.0,2.1,True,-0.179,52.0,27.0,0,0,0
British,2023,NOR,McLaren,26.0,92.758,MEDIUM,26.0,1.0,,,2.0,1,68.4,2.052,True,-0.179,52.0,26.0,0,0,0
British,2023,NOR,McLaren,27.0,92.734,MEDIUM,27.0,1.0,,,2.0,1,66.8,2.004,True,-0.179,52.0,25.0,0,0,0
British,2023,NOR,McLaren,28.0,92.714,MEDIUM,28.0,1.0,,,2.0,1,65.2,1.956,True,-0.179,52.0,24.0,0,0,0
British,2023,NOR,McLaren,29.0,92.806,MEDIUM,29.0,1.0,,,2.0,1,63.6,1.908,True,-0.179,52.0,23.0,0,0,0
British,2023,NOR,McLaren,30.0,92.609,MEDIUM,30.0,1.0,,,2.0,1,62.0,1.86,True,-0.179,52.0,22.0,0,0,0
British,2023,NOR,McLaren,31.0,92.808,MEDIUM,31.0,1.0,,,2.0,1,60.4,1.812,True,-0.179,52.0,21.0,0,0,0
British,2023,NOR,McLaren,32.0,92.571,MEDIUM,32.0,1.0,,,2.0,1,58.8,1.764,True,-0.179,52.0,20.0,0,0,0
British,2023,NOR,McLaren,33.0,122.83,MEDIUM,33.0,1.0,6822.648,,2.0,1264,57.2,1.716,False,-0.179,52.0,19.0,0,0,1
British,2023,NOR,McLaren,34.0,,HARD,1.0,2.0,,6851.116,2.0,4,55.6,1.668,False,-0.2607,52.0,18.0,1,0,0
British,2023,NOR,McLaren,35.0,147.853,HARD,2.0,2.0,,,2.0,4,54.0,1.62,False,-0.2607,52.0,17.0,1,0,0
British,2023,NOR,McLaren,36.0,146.496,HARD,3.0,2.0,,,2.0,4,52.4,1.572,False,-0.2607,52.0,16.0,1,0,0
British,2023,NOR,McLaren,37.0,144.316,HARD,4.0,2.0,,,2.0,4,50.8,1.524,False,-0.2607,52.0,15.0,1,0,0
British,2023,NOR,McLaren,38.0,141.488,HARD,5.0,2.0,,,2.0,41,49.2,1.476,False,-0.2607,52.0,14.0,0,0,0
British,2023,NOR,McLaren,39.0,91.243,HARD,6.0,2.0,,,2.0,1,47.6,1.428,True,-0.2607,52.0,13.0,0,0,0
British,2023,NOR,McLaren,40.0,90.997,HARD,7.0,2.0,,,2.0,1,46.0,1.38,True,-0.2607,52.0,12.0,0,0,0
British,2023,NOR,McLaren,41.0,90.76,HARD,8.0,2.0,,,2.0,1,44.4,1.332,True,-0.2607,52.0,11.0,0,0,0
British,2023,NOR,McLaren,42.0,90.922,HARD,9.0,2.0,,,2.0,1,42.8,1.284,True,-0.2607,52.0,10.0,0,0,0
British,2023,NOR,McLaren,43.0,90.543,HARD,10.0,2.0,,,2.0,1,41.2,1.236,True,-0.2607,52.0,9.0,0,0,0
British,2023,NOR,McLaren,44.0,90.786,HARD,11.0,2.0,,,2.0,1,39.6,1.188,True,-0.2607,52.0,8.0,0,0,0
British,2023,NOR,McLaren,45.0,91.301,HARD,12.0,2.0,,,2.0,1,38.0,1.14,True,-0.2607,52.0,7.0,0,0,0
British,2023,NOR,McLaren,46.0,91.094,HARD,13.0,2.0,,,2.0,1,36.4,1.092,True,-0.2607,52.0,6.0,0,0,0
British,2023,NOR,McLaren,47.0,91.593,HARD,14.0,2.0,,,2.0,1,34.8,1.044,True,-0.2607,52.0,5.0,0,0,0
British,2023,NOR,McLaren,48.0,91.36,HARD,15.0,2.0,,,2.0,1,33.2,0.996,True,-0.2607,52.0,4.0,0,0,0
British,2023,NOR,McLaren,49.0,91.02,HARD,16.0,2.0,,,2.0,1,31.6,0.948,True,-0.2607,52.0,3.0,0,0,0
British,2023,NOR,McLaren,50.0,91.56,HARD,17.0,2.0,,,2.0,1,30.0,0.9,True,-0.2607,52.0,2.0,0,0,0
British,2023,NOR,McLaren,51.0,91.077,HARD,18.0,2.0,,,2.0,1,28.4,0.852,True,-0.2607,52.0,1.0,0,0,0
British,2023,NOR,McLaren,52.0,91.251,HARD,19.0,2.0,,,2.0,1,26.8,0.804,True,-0.2607,52.0,0.0,0,0,0
British,2023,HAM,Mercedes,1.0,100.664,MEDIUM,1.0,1.0,,,8.0,1,108.4,3.252,False,-0.2872,52.0,51.0,0,0,0
British,2023,HAM,Mercedes,2.0,94.361,MEDIUM,2.0,1.0,,,8.0,1,106.8,3.204,True,-0.2872,52.0,50.0,0,0,0
British,2023,HAM,Mercedes,3.0,93.662,MEDIUM,3.0,1.0,,,8.0,1,105.2,3.156,True,-0.2872,52.0,49.0,0,0,0
British,2023,HAM,Mercedes,4.0,93.086,MEDIUM,4.0,1.0,,,8.0,1,103.6,3.108,True,-0.2872,52.0,48.0,0,0,0
British,2023,HAM,Mercedes,5.0,93.718,MEDIUM,5.0,1.0,,,8.0,1,102.0,3.06,True,-0.2872,52.0,47.0,0,0,0
British,2023,HAM,Mercedes,6.0,94.556,MEDIUM,6.0,1.0,,,8.0,1,100.4,3.012,True,-0.2872,52.0,46.0,0,0,0
British,2023,HAM,Mercedes,7.0,93.328,MEDIUM,7.0,1.0,,,7.0,1,98.8,2.964,True,-0.2872,52.0,45.0,0,0,0
British,2023,HAM,Mercedes,8.0,93.483,MEDIUM,8.0,1.0,,,7.0,1,97.2,2.916,True,-0.2872,52.0,44.0,0,0,0
British,2023,HAM,Mercedes,9.0,93.331,MEDIUM,9.0,1.0,,,7.0,1,95.6,2.868,True,-0.2872,52.0,43.0,0,0,0
British,2023,HAM,Mercedes,10.0,93.624,MEDIUM,10.0,1.0,,,7.0,1,94.0,2.82,True,-0.2872,52.0,42.0,0,0,0
British,2023,HAM,Mercedes,11.0,93.519,MEDIUM,11.0,1.0,,,7.0,1,92.4,2.772,True,-0.2872,52.0,41.0,0,0,0
British,2023,HAM,Mercedes,12.0,93.908,MEDIUM,12.0,1.0,,,7.0,1,90.8,2.724,True,-0.2872,52.0,40.0,0,0,0
British,2023,HAM,Mercedes,13.0,93.28,MEDIUM,13.0,1.0,,,7.0,1,89.2,2.676,True,-0.2872,52.0,39.0,0,0,0
British,2023,HAM,Mercedes,14.0,93.324,MEDIUM,14.0,1.0,,,7.0,1,87.6,2.628,True,-0.2872,52.0,38.0,0,0,0
British,2023,HAM,Mercedes,15.0,93.156,MEDIUM,15.0,1.0,,,7.0,1,86.0,2.58,True,-0.2872,52.0,37.0,0,0,0
British,2023,HAM,Mercedes,16.0,92.931,MEDIUM,16.0,1.0,,,7.0,1,84.4,2.532,True,-0.2872,52.0,36.0,0,0,0
British,2023,HAM,Mercedes,17.0,93.12,MEDIUM,17.0,1.0,,,7.0,1,82.8,2.484,True,-0.2872,52.0,35.0,0,0,0
British,2023,HAM,Mercedes,18.0,93.313,MEDIUM,18.0,1.0,,,7.0,1,81.2,2.436,True,-0.2872,52.0,34.0,0,0,0
British,2023,HAM,Mercedes,19.0,93.201,MEDIUM,19.0,1.0,,,6.0,1,79.6,2.388,True,-0.2872,52.0,33.0,0,0,0
British,2023,HAM,Mercedes,20.0,92.956,MEDIUM,20.0,1.0,,,6.0,1,78.0,2.34,True,-0.2872,52.0,32.0,0,0,0
British,2023,HAM,Mercedes,21.0,92.779,MEDIUM,21.0,1.0,,,6.0,1,76.4,2.292,True,-0.2872,52.0,31.0,0,0,0
British,2023,HAM,Mercedes,22.0,92.821,MEDIUM,22.0,1.0,,,6.0,1,74.8,2.244,True,-0.2872,52.0,30.0,0,0,0
British,2023,HAM,Mercedes,23.0,92.974,MEDIUM,23.0,1.0,,,6.0,1,73.2,2.196,True,-0.2872,52.0,29.0,0,0,0
British,2023,HAM,Mercedes,24.0,92.703,MEDIUM,24.0,1.0,,,6.0,1,71.6,2.148,True,-0.2872,52.0,28.0,0,0,0
British,2023,HAM,Mercedes,25.0,93.087,MEDIUM,25.0,1.0,,,6.0,1,70.0,2.1,True,-0.2872,52.0,27.0,0,0,0
British,2023,HAM,Mercedes,26.0,92.769,MEDIUM,26.0,1.0,,,6.0,1,68.4,2.052,True,-0.2872,52.0,26.0,0,0,0
British,2023,HAM,Mercedes,27.0,92.714,MEDIUM,27.0,1.0,,,5.0,1,66.8,2.004,True,-0.2872,52.0,25.0,0,0,0
British,2023,HAM,Mercedes,28.0,92.32,MEDIUM,28.0,1.0,,,5.0,1,65.2,1.956,True,-0.2872,52.0,24.0,0,0,0
British,2023,HAM,Mercedes,29.0,92.155,MEDIUM,29.0,1.0,,,4.0,1,63.6,1.908,True,-0.2872,52.0,23.0,0,0,0
British,2023,HAM,Mercedes,30.0,92.246,MEDIUM,30.0,1.0,,,3.0,1,62.0,1.86,True,-0.2872,52.0,22.0,0,0,0
British,2023,HAM,Mercedes,31.0,92.744,MEDIUM,31.0,1.0,,,3.0,1,60.4,1.812,True,-0.2872,52.0,21.0,0,0,0
British,2023,HAM,Mercedes,32.0,95.161,MEDIUM,32.0,1.0,,,3.0,126,58.8,1.764,False,-0.2872,52.0,20.0,0,0,0
British,2023,HAM,Mercedes,33.0,123.496,MEDIUM,33.0,1.0,6837.539,,3.0,64,57.2,1.716,False,-0.2872,52.0,19.0,0,0,1
British,2023,HAM,Mercedes,34.0,,SOFT,4.0,2.0,,6866.694,3.0,4,55.6,1.668,False,-0.1122,52.0,18.0,1,0,0
British,2023,HAM,Mercedes,35.0,147.418,SOFT,5.0,2.0,,,3.0,4,54.0,1.62,False,-0.1122,52.0,17.0,1,0,0
British,2023,HAM,Mercedes,36.0,146.619,SOFT,6.0,2.0,,,3.0,4,52.4,1.572,False,-0.1122,52.0,16.0,1,0,0
British,2023,HAM,Mercedes,37.0,145.19,SOFT,7.0,2.0,,,3.0,4,50.8,1.524,False,-0.1122,52.0,15.0,1,0,0
British,2023,HAM,Mercedes,38.0,140.046,SOFT,8.0,2.0,,,3.0,41,49.2,1.476,False,-0.1122,52.0,14.0,0,0,0
British,2023,HAM,Mercedes,39.0,91.427,SOFT,9.0,2.0,,,3.0,1,47.6,1.428,True,-0.1122,52.0,13.0,0,0,0
British,2023,HAM,Mercedes,40.0,91.279,SOFT,10.0,2.0,,,3.0,1,46.0,1.38,True,-0.1122,52.0,12.0,0,0,0
British,2023,HAM,Mercedes,41.0,90.673,SOFT,11.0,2.0,,,3.0,1,44.4,1.332,True,-0.1122,52.0,11.0,0,0,0
British,2023,HAM,Mercedes,42.0,91.042,SOFT,12.0,2.0,,,3.0,1,42.8,1.284,True,-0.1122,52.0,10.0,0,0,0
British,2023,HAM,Mercedes,43.0,90.545,SOFT,13.0,2.0,,,3.0,1,41.2,1.236,True,-0.1122,52.0,9.0,0,0,0
British,2023,HAM,Mercedes,44.0,91.589,SOFT,14.0,2.0,,,3.0,1,39.6,1.188,True,-0.1122,52.0,8.0,0,0,0
British,2023,HAM,Mercedes,45.0,91.359,SOFT,15.0,2.0,,,3.0,1,38.0,1.14,True,-0.1122,52.0,7.0,0,0,0
British,2023,HAM,Mercedes,46.0,91.559,SOFT,16.0,2.0,,,3.0,1,36.4,1.092,True,-0.1122,52.0,6.0,0,0,0
British,2023,HAM,Mercedes,47.0,91.248,SOFT,17.0,2.0,,,3.0,1,34.8,1.044,True,-0.1122,52.0,5.0,0,0,0
British,2023,HAM,Mercedes,48.0,91.152,SOFT,18.0,2.0,,,3.0,1,33.2,0.996,True,-0.1122,52.0,4.0,0,0,0
British,2023,HAM,Mercedes,49.0,91.286,SOFT,19.0,2.0,,,3.0,1,31.6,0.948,True,-0.1122,52.0,3.0,0,0,0
British,2023,HAM,Mercedes,50.0,91.526,SOFT,20.0,2.0,,,3.0,1,30.0,0.9,True,-0.1122,52.0,2.0,0,0,0
British,2023,HAM,Mercedes,51.0,91.703,SOFT,21.0,2.0,,,3.0,1,28.4,0.852,True,-0.1122,52.0,1.0,0,0,0
British,2023,HAM,Mercedes,52.0,91.823,SOFT,22.0,2.0,,,3.0,1,26.8,0.804,True,-0.1122,52.0,0.0,0,0,0
British,2023,SAI,Ferrari,1.0,99.284,MEDIUM,1.0,1.0,,,6.0,1,108.4,3.252,False,-0.1998,52.0,51.0,0,0,0
British,2023,SAI,Ferrari,2.0,94.177,MEDIUM,2.0,1.0,,,6.0,1,106.8,3.204,True,-0.1998,52.0,50.0,0,0,0
British,2023,SAI,Ferrari,3.0,93.456,MEDIUM,3.0,1.0,,,6.0,1,105.2,3.156,True,-0.1998,52.0,49.0,0,0,0
British,2023,SAI,Ferrari,4.0,92.975,MEDIUM,4.0,1.0,,,6.0,1,103.6,3.108,True,-0.1998,52.0,48.0,0,0,0
British,2023,SAI,Ferrari,5.0,93.666,MEDIUM,5.0,1.0,,,6.0,1,102.0,3.06,True,-0.1998,52.0,47.0,0,0,0
British,2023,SAI,Ferrari,6.0,94.215,MEDIUM,6.0,1.0,,,6.0,1,100.4,3.012,True,-0.1998,52.0,46.0,0,0,0
British,2023,SAI,Ferrari,7.0,93.427,MEDIUM,7.0,1.0,,,6.0,1,98.8,2.964,True,-0.1998,52.0,45.0,0,0,0
British,2023,SAI,Ferrari,8.0,93.442,MEDIUM,8.0,1.0,,,6.0,1,97.2,2.916,True,-0.1998,52.0,44.0,0,0,0
British,2023,SAI,Ferrari,9.0,93.417,MEDIUM,9.0,1.0,,,6.0,1,95.6,2.868,True,-0.1998,52.0,43.0,0,0,0
British,2023,SAI,Ferrari,10.0,93.405,MEDIUM,10.0,1.0,,,6.0,1,94.0,2.82,True,-0.1998,52.0,42.0,0,0,0
British,2023,SAI,Ferrari,11.0,93.279,MEDIUM,11.0,1.0,,,6.0,1,92.4,2.772,True,-0.1998,52.0,41.0,0,0,0
British,2023,SAI,Ferrari,12.0,93.323,MEDIUM,12.0,1.0,,,6.0,1,90.8,2.724,True,-0.1998,52.0,40.0,0,0,0
British,2023,SAI,Ferrari,13.0,93.105,MEDIUM,13.0,1.0,,,6.0,1,89.2,2.676,True,-0.1998,52.0,39.0,0,0,0
British,2023,SAI,Ferrari,14.0,93.941,MEDIUM,14.0,1.0,,,6.0,1,87.6,2.628,True,-0.1998,52.0,38.0,0,0,0
British,2023,SAI,Ferrari,15.0,93.623,MEDIUM,15.0,1.0,,,6.0,1,86.0,2.58,True,-0.1998,52.0,37.0,0,0,0
British,2023,SAI,Ferrari,16.0,93.498,MEDIUM,16.0,1.0,,,6.0,1,84.4,2.532,True,-0.1998,52.0,36.0,0,0,0
British,2023,SAI,Ferrari,17.0,93.076,MEDIUM,17.0,1.0,,,6.0,1,82.8,2.484,True,-0.1998,52.0,35.0,0,0,0
British,2023,SAI,Ferrari,18.0,93.302,MEDIUM,18.0,1.0,,,6.0,1,81.2,2.436,True,-0.1998,52.0,34.0,0,0,0
British,2023,SAI,Ferrari,19.0,93.242,MEDIUM,19.0,1.0,,,5.0,1,79.6,2.388,True,-0.1998,52.0,33.0,0,0,0
British,2023,SAI,Ferrari,20.0,93.007,MEDIUM,20.0,1.0,,,5.0,1,78.0,2.34,True,-0.1998,52.0,32.0,0,0,0
British,2023,SAI,Ferrari,21.0,93.261,MEDIUM,21.0,1.0,,,5.0,1,76.4,2.292,True,-0.1998,52.0,31.0,0,0,0
British,2023,SAI,Ferrari,22.0,92.871,MEDIUM,22.0,1.0,,,5.0,1,74.8,2.244,True,-0.1998,52.0,30.0,0,0,0
British,2023,SAI,Ferrari,23.0,92.755,MEDIUM,23.0,1.0,,,5.0,1,73.2,2.196,True,-0.1998,52.0,29.0,0,0,0
British,2023,SAI,Ferrari,24.0,92.77,MEDIUM,24.0,1.0,,,5.0,1,71.6,2.148,True,-0.1998,52.0,28.0,0,0,0
British,2023,SAI,Ferrari,25.0,93.133,MEDIUM,25.0,1.0,,,5.0,1,70.0,2.1,True,-0.1998,52.0,27.0,0,0,0
British,2023,SAI,Ferrari,26.0,93.181,MEDIUM,26.0,1.0,6155.441,,5.0,1,68.4,2.052,False,-0.1998,52.0,26.0,0,0,1
British,2023,SAI,Ferrari,27.0,112.728,HARD,1.0,2.0,,6184.3,12.0,1,66.8,2.004,False,-0.0519,52.0,25.0,0,0,0
British,2023,SAI,Ferrari,28.0,92.22,HARD,2.0,2.0,,,12.0,1,65.2,1.956,True,-0.0519,52.0,24.0,0,0,0
British,2023,SAI,Ferrari,29.0,91.945,HARD,3.0,2.0,,,11.0,1,63.6,1.908,True,-0.0519,52.0,23.0,0,0,0
British,2023,SAI,Ferrari,30.0,92.129,HARD,4.0,2.0,,,10.0,1,62.0,1.86,True,-0.0519,52.0,22.0,0,0,0
British,2023,SAI,Ferrari,31.0,92.494,HARD,5.0,2.0,,,10.0,1,60.4,1.812,True,-0.0519,52.0,21.0,0,0,0
British,2023,SAI,Ferrari,32.0,102.583,HARD,6.0,2.0,,,9.0,126,58.8,1.764,False,-0.0519,52.0,20.0,0,0,0
British,2023,SAI,Ferrari,33.0,129.65,HARD,7.0,2.0,,,7.0,64,57.2,1.716,False,-0.0519,52.0,19.0,0,0,0
British,2023,SAI,Ferrari,34.0,130.323,HARD,8.0,2.0,,,7.0,4,55.6,1.668,False,-0.0519,52.0,18.0,1,0,0
British,2023,SAI,Ferrari,35.0,143.064,HARD,9.0,2.0,,,7.0,4,54.0,1.62,False,-0.0519,52.0,17.0,1,0,0
British,2023,SAI,Ferrari,36.0,145.182,HARD,10.0,2.0,,,7.0,4,52.4,1.572,False,-0.0519,52.0,16.0,1,0,0
British,2023,SAI,Ferrari,37.0,145.086,HARD,11.0,2.0,,,7.0,4,50.8,1.524,False,-0.0519,52.0,15.0,1,0,0
British,2023,SAI,Ferrari,38.0,137.408,HARD,12.0,2.0,,,7.0,41,49.2,1.476,False,-0.0519,52.0,14.0,0,0,0
British,2023,SAI,Ferrari,39.0,92.459,HARD,13.0,2.0,,,7.0,1,47.6,1.428,True,-0.0519,52.0,13.0,0,0,0
British,2023,SAI,Ferrari,40.0,91.783,HARD,14.0,2.0,,,7.0,1,46.0,1.38,True,-0.0519,52.0,12.0,0,0,0
British,2023,SAI,Ferrari,41.0,91.427,HARD,15.0,2.0,,,7.0,1,44.4,1.332,True,-0.0519,52.0,11.0,0,0,0
British,2023,SAI,Ferrari,42.0,91.643,HARD,16.0,2.0,,,7.0,1,42.8,1.284,True,-0.0519,52.0,10.0,0,0,0
British,2023,SAI,Ferrari,43.0,92.89,HARD,17.0,2.0,,,8.0,1,41.2,1.236,True,-0.0519,52.0,9.0,0,0,0
British,2023,SAI,Ferrari,44.0,94.622,HARD,18.0,2.0,,,10.0,1,39.6,1.188,True,-0.0519,52.0,8.0,0,0,0
British,2023,SAI,Ferrari,45.0,92.606,HARD,19.0,2.0,,,10.0,1,38.0,1.14,True,-0.0519,52.0,7.0,0,0,0
British,2023,SAI,Ferrari,46.0,91.906,HARD,20.0,2.0,,,10.0,1,36.4,1.092,True,-0.0519,52.0,6.0,0,0,0
British,2023,SAI,Ferrari,47.0,91.592,HARD,21.0,2.0,,,10.0,1,34.8,1.044,True,-0.0519,52.0,5.0,0,0,0
British,2023,SAI,Ferrari,48.0,91.438,HARD,22.0,2.0,,,10.0,1,33.2,0.996,True,-0.0519,52.0,4.0,0,0,0
British,2023,SAI,Ferrari,49.0,91.723,HARD,23.0,2.0,,,10.0,1,31.6,0.948,True,-0.0519,52.0,3.0,0,0,0
British,2023,SAI,Ferrari,50.0,91.408,HARD,24.0,2.0,,,10.0,1,30.0,0.9,True,-0.0519,52.0,2.0,0,0,0
British,2023,SAI,Ferrari,51.0,91.366,HARD,25.0,2.0,,,10.0,1,28.4,0.852,True,-0.0519,52.0,1.0,0,0,0
British,2023,SAI,Ferrari,52.0,91.88,HARD,26.0,2.0,,,10.0,1,26.8,0.804,True,-0.0519,52.0,0.0,0,0,0
British,2023,RUS,Mercedes,1.0,98.651,SOFT,4.0,1.0,,,5.0,1,108.4,3.252,False,-0.2473,52.0,51.0,0,0,0
British,2023,RUS,Mercedes,2.0,94.115,SOFT,5.0,1.0,,,5.0,1,106.8,3.204,True,-0.2473,52.0,50.0,0,0,0
British,2023,RUS,Mercedes,3.0,93.096,SOFT,6.0,1.0,,,5.0,1,105.2,3.156,True,-0.2473,52.0,49.0,0,0,0
British,2023,RUS,Mercedes,4.0,93.084,SOFT,7.0,1.0,,,5.0,1,103.6,3.108,True,-0.2473,52.0,48.0,0,0,0
British,2023,RUS,Mercedes,5.0,94.211,SOFT,8.0,1.0,,,5.0,1,102.0,3.06,True,-0.2473,52.0,47.0,0,0,0
British,2023,RUS,Mercedes,6.0,93.839,SOFT,9.0,1.0,,,5.0,1,100.4,3.012,True,-0.2473,52.0,46.0,0,0,0
British,2023,RUS,Mercedes,7.0,93.432,SOFT,10.0,1.0,,,5.0,1,98.8,2.964,True,-0.2473,52.0,45.0,0,0,0
British,2023,RUS,Mercedes,8.0,93.136,SOFT,11.0,1.0,,,5.0,1,97.2,2.916,True,-0.2473,52.0,44.0,0,0,0
British,2023,RUS,Mercedes,9.0,93.154,SOFT,12.0,1.0,,,5.0,1,95.6,2.868,True,-0.2473,52.0,43.0,0,0,0
British,2023,RUS,Mercedes,10.0,93.424,SOFT,13.0,1.0,,,5.0,1,94.0,2.82,True,-0.2473,52.0,42.0,0,0,0
British,2023,RUS,Mercedes,11.0,93.089,SOFT,14.0,1.0,,,5.0,1,92.4,2.772,True,-0.2473,52.0,41.0,0,0,0
British,2023,RUS,Mercedes,12.0,93.354,SOFT,15.0,1.0,,,5.0,1,90.8,2.724,True,-0.2473,52.0,40.0,0,0,0
British,2023,RUS,Mercedes,13.0,93.159,SOFT,16.0,1.0,,,5.0,1,89.2,2.676,True,-0.2473,52.0,39.0,0,0,0
British,2023,RUS,Mercedes,14.0,93.729,SOFT,17.0,1.0,,,5.0,1,87.6,2.628,True,-0.2473,52.0,38.0,0,0,0
British,2023,RUS,Mercedes,15.0,93.27,SOFT,18.0,1.0,,,5.0,1,86.0,2.58,True,-0.2473,52.0,37.0,0,0,0
British,2023,RUS,Mercedes,16.0,93.309,SOFT,19.0,1.0,,,5.0,1,84.4,2.532,True,-0.2473,52.0,36.0,0,0,0
British,2023,RUS,Mercedes,17.0,93.174,SOFT,20.0,1.0,,,5.0,1,82.8,2.484,True,-0.2473,52.0,35.0,0,0,0
British,2023,RUS,Mercedes,18.0,93.072,SOFT,21.0,1.0,,,5.0,1,81.2,2.436,True,-0.2473,52.0,34.0,0,0,0
British,2023,RUS,Mercedes,19.0,92.807,SOFT,22.0,1.0,,,4.0,1,79.6,2.388,True,-0.2473,52.0,33.0,0,0,0
British,2023,RUS,Mercedes,20.0,92.803,SOFT,23.0,1.0,,,4.0,1,78.0,2.34,True,-0.2473,52.0,32.0,0,0,0
British,2023,RUS,Mercedes,21.0,92.85,SOFT,24.0,1.0,,,4.0,1,76.4,2.292,True,-0.2473,52.0,31.0,0,0,0
British,2023,RUS,Mercedes,22.0,92.568,SOFT,25.0,1.0,,,4.0,1,74.8,2.244,True,-0.2473,52.0,30.0,0,0,0
British,2023,RUS,Mercedes,23.0,92.683,SOFT,26.0,1.0,,,4.0,1,73.2,2.196,True,-0.2473,52.0,29.0,0,0,0
British,2023,RUS,Mercedes,24.0,92.852,SOFT,27.0,1.0,,,4.0,1,71.6,2.148,True,-0.2473,52.0,28.0,0,0,0
British,2023,RUS,Mercedes,25.0,92.863,SOFT,28.0,1.0,,,4.0,1,70.0,2.1,True,-0.2473,52.0,27.0,0,0,0
British,2023,RUS,Mercedes,26.0,92.958,SOFT,29.0,1.0,,,4.0,1,68.4,2.052,True,-0.2473,52.0,26.0,0,0,0
British,2023,RUS,Mercedes,27.0,93.062,SOFT,30.0,1.0,,,4.0,1,66.8,2.004,True,-0.2473,52.0,25.0,0,0,0
British,2023,RUS,Mercedes,28.0,92.504,SOFT,31.0,1.0,6337.282,,4.0,1,65.2,1.956,False,-0.2473,52.0,24.0,0,0,1
British,2023,RUS,Mercedes,29.0,113.262,MEDIUM,1.0,2.0,,6366.781,9.0,1,63.6,1.908,False,-0.2932,52.0,23.0,0,0,0
British,2023,RUS,Mercedes,30.0,91.51,MEDIUM,2.0,2.0,,,9.0,1,62.0,1.86,True,-0.2932,52.0,22.0,0,0,0
British,2023,RUS,Mercedes,31.0,91.8,MEDIUM,3.0,2.0,,,8.0,1,60.4,1.812,True,-0.2932,52.0,21.0,0,0,0
British,2023,RUS,Mercedes,32.0,100.097,MEDIUM,4.0,2.0,,,8.0,126,58.8,1.764,False,-0.2932,52.0,20.0,0,0,0
British,2023,RUS,Mercedes,33.0,128.178,MEDIUM,5.0,2.0,,,6.0,64,57.2,1.716,False,-0.2932,52.0,19.0,0,0,0
British,2023,RUS,Mercedes,34.0,131.011,MEDIUM,6.0,2.0,,,5.0,4,55.6,1.668,False,-0.2932,52.0,18.0,1,0,0
British,2023,RUS,Mercedes,35.0,146.512,MEDIUM,7.0,2.0,,,5.0,4,54.0,1.62,False,-0.2932,52.0,17.0,1,0,0
British,2023,RUS,Mercedes,36.0,146.366,MEDIUM,8.0,2.0,,,5.0,4,52.4,1.572,False,-0.2932,52.0,16.0,1,0,0
British,2023,RUS,Mercedes,37.0,144.727,MEDIUM,9.0,2.0,,,5.0,4,50.8,1.524,False,-0.2932,52.0,15.0,1,0,0
British,2023,RUS,Mercedes,38.0,138.924,MEDIUM,10.0,2.0,,,5.0,41,49.2,1.476,False,-0.2932,52.0,14.0,0,0,0
British,2023,RUS,Mercedes,39.0,91.848,MEDIUM,11.0,2.0,,,5.0,1,47.6,1.428,True,-0.2932,52.0,13.0,0,0,0
British,2023,RUS,Mercedes,40.0,91.606,MEDIUM,12.0,2.0,,,5.0,1,46.0,1.38,True,-0.2932,52.0,12.0,0,0,0
British,2023,RUS,Mercedes,41.0,91.124,MEDIUM,13.0,2.0,,,5.0,1,44.4,1.332,True,-0.2932,52.0,11.0,0,0,0
British,2023,RUS,Mercedes,42.0,91.188,MEDIUM,14.0,2.0,,,5.0,1,42.8,1.284,True,-0.2932,52.0,10.0,0,0,0
British,2023,RUS,Mercedes,43.0,91.231,MEDIUM,15.0,2.0,,,5.0,1,41.2,1.236,True,-0.2932,52.0,9.0,0,0,0
British,2023,RUS,Mercedes,44.0,91.568,MEDIUM,16.0,2.0,,,5.0,1,39.6,1.188,True,-0.2932,52.0,8.0,0,0,0
British,2023,RUS,Mercedes,45.0,91.718,MEDIUM,17.0,2.0,,,5.0,1,38.0,1.14,True,-0.2932,52.0,7.0,0,0,0
British,2023,RUS,Mercedes,46.0,91.984,MEDIUM,18.0,2.0,,,5.0,1,36.4,1.092,True,-0.2932,52.0,6.0,0,0,0
British,2023,RUS,Mercedes,47.0,91.644,MEDIUM,19.0,2.0,,,5.0,1,34.8,1.044,True,-0.2932,52.0,5.0,0,0,0
British,2023,RUS,Mercedes,48.0,91.569,MEDIUM,20.0,2.0,,,5.0,1,33.2,0.996,True,-0.2932,52.0,4.0,0,0,0
British,2023,RUS,Mercedes,49.0,91.612,MEDIUM,21.0,2.0,,,5.0,1,31.6,0.948,True,-0.2932,52.0,3.0,0,0,0
British,2023,RUS,Mercedes,50.0,91.421,MEDIUM,22.0,2.0,,,5.0,1,30.0,0.9,True,-0.2932,52.0,2.0,0,0,0
British,2023,RUS,Mercedes,51.0,91.563,MEDIUM,23.0,2.0,,,5.0,1,28.4,0.852,True,-0.2932,52.0,1.0,0,0,0
British,2023,RUS,Mercedes,52.0,91.433,MEDIUM,24.0,2.0,,,5.0,1,26.8,0.804,True,-0.2932,52.0,0.0,0,0,0
British,2023,BOT,Alfa Romeo,1.0,104.975,HARD,1.0,1.0,,,18.0,1,108.4,3.252,False,-0.0484,52.0,51.0,0,0,0
British,2023,BOT,Alfa Romeo,2.0,96.741,HARD,2.0,1.0,,,19.0,1,106.8,3.204,True,-0.0484,52.0,50.0,0,0,0
British,2023,BOT,Alfa Romeo,3.0,94.865,HARD,3.0,1.0,,,19.0,1,105.2,3.156,True,-0.0484,52.0,49.0,0,0,0
British,2023,BOT,Alfa Romeo,4.0,94.611,HARD,4.0,1.0,,,19.0,1,103.6,3.108,True,-0.0484,52.0,48.0,0,0,0
British,2023,BOT,Alfa Romeo,5.0,94.804,HARD,5.0,1.0,,,19.0,1,102.0,3.06,True,-0.0484,52.0,47.0,0,0,0
British,2023,BOT,Alfa Romeo,6.0,94.791,HARD,6.0,1.0,,,19.0,1,100.4,3.012,True,-0.0484,52.0,46.0,0,0,0
British,2023,BOT,Alfa Romeo,7.0,94.879,HARD,7.0,1.0,,,19.0,1,98.8,2.964,True,-0.0484,52.0,45.0,0,0,0
British,2023,BOT,Alfa Romeo,8.0,94.476,HARD,8.0,1.0,,,18.0,1,97.2,2.916,True,-0.0484,52.0,44.0,0,0,0
British,2023,BOT,Alfa Romeo,9.0,94.386,HARD,9.0,1.0,,,18.0,1,95.6,2.868,True,-0.0484,52.0,43.0,0,0,0
British,2023,BOT,Alfa Romeo,10.0,94.306,HARD,10.0,1.0,,,17.0,1,94.0,2.82,True,-0.0484,52.0,42.0,0,0,0
British,2023,BOT,Alfa Romeo,11.0,94.354,HARD,11.0,1.0,,,17.0,1,92.4,2.772,True,-0.0484,52.0,41.0,0,0,0
British,2023,BOT,Alfa Romeo,12.0,94.541,HARD,12.0,1.0,,,17.0,1,90.8,2.724,True,-0.0484,52.0,40.0,0,0,0
British,2023,BOT,Alfa Romeo,13.0,94.618,HARD,13.0,1.0,,,17.0,1,89.2,2.676,True,-0.0484,52.0,39.0,0,0,0
British,2023,BOT,Alfa Romeo,14.0,94.604,HARD,14.0,1.0,,,17.0,1,87.6,2.628,True,-0.0484,52.0,38.0,0,0,0
British,2023,BOT,Alfa Romeo,15.0,94.627,HARD,15.0,1.0,,,16.0,1,86.0,2.58,True,-0.0484,52.0,37.0,0,0,0
British,2023,BOT,Alfa Romeo,16.0,94.367,HARD,16.0,1.0,,,16.0,1,84.4,2.532,True,-0.0484,52.0,36.0,0,0,0
British,2023,BOT,Alfa Romeo,17.0,93.867,HARD,17.0,1.0,,,16.0,1,82.8,2.484,True,-0.0484,52.0,35.0,0,0,0
British,2023,BOT,Alfa Romeo,18.0,93.749,HARD,18.0,1.0,,,16.0,1,81.2,2.436,True,-0.0484,52.0,34.0,0,0,0
British,2023,BOT,Alfa Romeo,19.0,93.73,HARD,19.0,1.0,,,16.0,1,79.6,2.388,True,-0.0484,52.0,33.0,0,0,0
British,2023,BOT,Alfa Romeo,20.0,93.671,HARD,20.0,1.0,,,16.0,1,78.0,2.34,True,-0.0484,52.0,32.0,0,0,0
British,2023,BOT,Alfa Romeo,21.0,93.607,HARD,21.0,1.0,,,16.0,1,76.4,2.292,True,-0.0484,52.0,31.0,0,0,0
British,2023,BOT,Alfa Romeo,22.0,93.468,HARD,22.0,1.0,,,16.0,1,74.8,2.244,True,-0.0484,52.0,30.0,0,0,0
British,2023,BOT,Alfa Romeo,23.0,93.787,HARD,23.0,1.0,,,16.0,1,73.2,2.196,True,-0.0484,52.0,29.0,0,0,0
British,2023,BOT,Alfa Romeo,24.0,93.464,HARD,24.0,1.0,,,16.0,1,71.6,2.148,True,-0.0484,52.0,28.0,0,0,0
British,2023,BOT,Alfa Romeo,25.0,93.292,HARD,25.0,1.0,,,15.0,1,70.0,2.1,True,-0.0484,52.0,27.0,0,0,0
British,2023,BOT,Alfa Romeo,26.0,93.47,HARD,26.0,1.0,,,15.0,1,68.4,2.052,True,-0.0484,52.0,26.0,0,0,0
British,2023,BOT,Alfa Romeo,27.0,93.588,HARD,27.0,1.0,,,15.0,1,66.8,2.004,True,-0.0484,52.0,25.0,0,0,0
British,2023,BOT,Alfa Romeo,28.0,93.5,HARD,28.0,1.0,,,14.0,1,65.2,1.956,True,-0.0484,52.0,24.0,0,0,0
British,2023,BOT,Alfa Romeo,29.0,93.351,HARD,29.0,1.0,,,14.0,1,63.6,1.908,True,-0.0484,52.0,23.0,0,0,0
British,2023,BOT,Alfa Romeo,30.0,93.367,HARD,30.0,1.0,,,13.0,1,62.0,1.86,True,-0.0484,52.0,22.0,0,0,0
British,2023,BOT,Alfa Romeo,31.0,93.44,HARD,31.0,1.0,,,13.0,1,60.4,1.812,True,-0.0484,52.0,21.0,0,0,0
British,2023,BOT,Alfa Romeo,32.0,105.965,HARD,32.0,1.0,6758.227,,12.0,126,58.8,1.764,False,-0.0484,52.0,20.0,0,0,1
British,2023,BOT,Alfa Romeo,33.0,146.908,SOFT,1.0,2.0,,6787.883,14.0,64,57.2,1.716,False,-1.346,52.0,19.0,0,0,0
British,2023,BOT,Alfa Romeo,34.0,126.68,SOFT,2.0,2.0,,,14.0,4,55.6,1.668,False,-1.346,52.0,18.0,1,0,0
British,2023,BOT,Alfa Romeo,35.0,120.029,SOFT,3.0,2.0,,,14.0,4,54.0,1.62,False,-1.346,52.0,17.0,1,0,0
British,2023,BOT,Alfa Romeo,36.0,145.248,SOFT,4.0,2.0,,,14.0,4,52.4,1.572,False,-1.346,52.0,16.0,1,0,0
British,2023,BOT,Alfa Romeo,37.0,145.027,SOFT,5.0,2.0,,,14.0,4,50.8,1.524,False,-1.346,52.0,15.0,1,0,0
British,2023,BOT,Alfa Romeo,38.0,131.371,SOFT,6.0,2.0,,,14.0,41,49.2,1.476,False,-1.346,52.0,14.0,0,0,0
British,2023,BOT,Alfa Romeo,39.0,92.618,SOFT,7.0,2.0,,,14.0,1,47.6,1.428,True,-1.346,52.0,13.0,0,0,0
British,2023,BOT,Alfa Romeo,40.0,93.056,SOFT,8.0,2.0,,,14.0,1,46.0,1.38,True,-1.346,52.0,12.0,0,0,0
British,2023,BOT,Alfa Romeo,41.0,92.229,SOFT,9.0,2.0,,,14.0,1,44.4,1.332,True,-1.346,52.0,11.0,0,0,0
British,2023,BOT,Alfa Romeo,42.0,91.902,SOFT,10.0,2.0,,,14.0,1,42.8,1.284,True,-1.346,52.0,10.0,0,0,0
British,2023,BOT,Alfa Romeo,43.0,92.047,SOFT,11.0,2.0,,,14.0,1,41.2,1.236,True,-1.346,52.0,9.0,0,0,0
British,2023,BOT,Alfa Romeo,44.0,92.563,SOFT,12.0,2.0,,,14.0,1,39.6,1.188,True,-1.346,52.0,8.0,0,0,0
British,2023,BOT,Alfa Romeo,45.0,93.177,SOFT,13.0,2.0,,,13.0,1,38.0,1.14,True,-1.346,52.0,7.0,0,0,0
British,2023,BOT,Alfa Romeo,46.0,92.284,SOFT,14.0,2.0,,,13.0,1,36.4,1.092,True,-1.346,52.0,6.0,0,0,0
British,2023,BOT,Alfa Romeo,47.0,92.079,SOFT,15.0,2.0,,,13.0,1,34.8,1.044,True,-1.346,52.0,5.0,0,0,0
British,2023,BOT,Alfa Romeo,48.0,91.974,SOFT,16.0,2.0,,,13.0,1,33.2,0.996,True,-1.346,52.0,4.0,0,0,0
British,2023,BOT,Alfa Romeo,49.0,92.167,SOFT,17.0,2.0,,,13.0,1,31.6,0.948,True,-1.346,52.0,3.0,0,0,0
British,2023,BOT,Alfa Romeo,50.0,92.163,SOFT,18.0,2.0,,,13.0,1,30.0,0.9,True,-1.346,52.0,2.0,0,0,0
British,2023,BOT,Alfa Romeo,51.0,92.133,SOFT,19.0,2.0,,,13.0,1,28.4,0.852,True,-1.346,52.0,1.0,0,0,0
British,2023,BOT,Alfa Romeo,52.0,91.852,SOFT,20.0,2.0,,,13.0,1,26.8,0.804,True,-1.346,52.0,0.0,0,0,0
British,2023,PIA,McLaren,1.0,97.773,MEDIUM,1.0,1.0,,,3.0,1,108.4,3.252,False,-0.3225,52.0,51.0,0,0,0
British,2023,PIA,McLaren,2.0,93.845,MEDIUM,2.0,1.0,,,3.0,1,106.8,3.204,True,-0.3225,52.0,50.0,0,0,0
British,2023,PIA,McLaren,3.0,92.499,MEDIUM,3.0,1.0,,,3.0,1,105.2,3.156,True,-0.3225,52.0,49.0,0,0,0
British,2023,PIA,McLaren,4.0,92.581,MEDIUM,4.0,1.0,,,3.0,1,103.6,3.108,True,-0.3225,52.0,48.0,0,0,0
British,2023,PIA,McLaren,5.0,93.461,MEDIUM,5.0,1.0,,,3.0,1,102.0,3.06,True,-0.3225,52.0,47.0,0,0,0
British,2023,PIA,McLaren,6.0,93.008,MEDIUM,6.0,1.0,,,3.0,1,100.4,3.012,True,-0.3225,52.0,46.0,0,0,0
British,2023,PIA,McLaren,7.0,93.29,MEDIUM,7.0,1.0,,,3.0,1,98.8,2.964,True,-0.3225,52.0,45.0,0,0,0
British,2023,PIA,McLaren,8.0,93.233,MEDIUM,8.0,1.0,,,3.0,1,97.2,2.916,True,-0.3225,52.0,44.0,0,0,0
British,2023,PIA,McLaren,9.0,92.79,MEDIUM,9.0,1.0,,,3.0,1,95.6,2.868,True,-0.3225,52.0,43.0,0,0,0
British,2023,PIA,McLaren,10.0,93.379,MEDIUM,10.0,1.0,,,3.0,1,94.0,2.82,True,-0.3225,52.0,42.0,0,0,0
British,2023,PIA,McLaren,11.0,92.976,MEDIUM,11.0,1.0,,,3.0,1,92.4,2.772,True,-0.3225,52.0,41.0,0,0,0
British,2023,PIA,McLaren,12.0,93.464,MEDIUM,12.0,1.0,,,3.0,1,90.8,2.724,True,-0.3225,52.0,40.0,0,0,0
British,2023,PIA,McLaren,13.0,93.144,MEDIUM,13.0,1.0,,,3.0,1,89.2,2.676,True,-0.3225,52.0,39.0,0,0,0
British,2023,PIA,McLaren,14.0,93.603,MEDIUM,14.0,1.0,,,3.0,1,87.6,2.628,True,-0.3225,52.0,38.0,0,0,0
British,2023,PIA,McLaren,15.0,93.267,MEDIUM,15.0,1.0,,,3.0,1,86.0,2.58,True,-0.3225,52.0,37.0,0,0,0
British,2023,PIA,McLaren,16.0,93.005,MEDIUM,16.0,1.0,,,3.0,1,84.4,2.532,True,-0.3225,52.0,36.0,0,0,0
British,2023,PIA,McLaren,17.0,92.775,MEDIUM,17.0,1.0,,,3.0,1,82.8,2.484,True,-0.3225,52.0,35.0,0,0,0
British,2023,PIA,McLaren,18.0,93.019,MEDIUM,18.0,1.0,,,3.0,1,81.2,2.436,True,-0.3225,52.0,34.0,0,0,0
British,2023,PIA,McLaren,19.0,92.88,MEDIUM,19.0,1.0,,,3.0,1,79.6,2.388,True,-0.3225,52.0,33.0,0,0,0
British,2023,PIA,McLaren,20.0,92.66,MEDIUM,20.0,1.0,,,3.0,1,78.0,2.34,True,-0.3225,52.0,32.0,0,0,0
British,2023,PIA,McLaren,21.0,92.749,MEDIUM,21.0,1.0,,,3.0,1,76.4,2.292,True,-0.3225,52.0,31.0,0,0,0
British,2023,PIA,McLaren,22.0,92.537,MEDIUM,22.0,1.0,,,3.0,1,74.8,2.244,True,-0.3225,52.0,30.0,0,0,0
British,2023,PIA,McLaren,23.0,92.732,MEDIUM,23.0,1.0,,,3.0,1,73.2,2.196,True,-0.3225,52.0,29.0,0,0,0
British,2023,PIA,McLaren,24.0,92.676,MEDIUM,24.0,1.0,,,3.0,1,71.6,2.148,True,-0.3225,52.0,28.0,0,0,0
British,2023,PIA,McLaren,25.0,92.809,MEDIUM,25.0,1.0,,,3.0,1,70.0,2.1,True,-0.3225,52.0,27.0,0,0,0
British,2023,PIA,McLaren,26.0,93.052,MEDIUM,26.0,1.0,,,3.0,1,68.4,2.052,True,-0.3225,52.0,26.0,0,0,0
British,2023,PIA,McLaren,27.0,92.844,MEDIUM,27.0,1.0,,,3.0,1,66.8,2.004,True,-0.3225,52.0,25.0,0,0,0
British,2023,PIA,McLaren,28.0,93.19,MEDIUM,28.0,1.0,,,3.0,1,65.2,1.956,True,-0.3225,52.0,24.0,0,0,0
British,2023,PIA,McLaren,29.0,92.563,MEDIUM,29.0,1.0,6424.827,,3.0,1,63.6,1.908,False,-0.3225,52.0,23.0,0,0,1
British,2023,PIA,McLaren,30.0,112.49,HARD,1.0,2.0,,6453.436,6.0,1,62.0,1.86,False,-0.2189,52.0,22.0,0,0,0
British,2023,PIA,McLaren,31.0,91.68,HARD,2.0,2.0,,,5.0,1,60.4,1.812,True,-0.2189,52.0,21.0,0,0,0
British,2023,PIA,McLaren,32.0,99.41,HARD,3.0,2.0,,,5.0,126,58.8,1.764,False,-0.2189,52.0,20.0,0,0,0
British,2023,PIA,McLaren,33.0,127.856,HARD,4.0,2.0,,,5.0,64,57.2,1.716,False,-0.2189,52.0,19.0,0,0,0
British,2023,PIA,McLaren,34.0,134.583,HARD,5.0,2.0,,,4.0,4,55.6,1.668,False,-0.2189,52.0,18.0,1,0,0
British,2023,PIA,McLaren,35.0,148.389,HARD,6.0,2.0,,,4.0,4,54.0,1.62,False,-0.2189,52.0,17.0,1,0,0
British,2023,PIA,McLaren,36.0,145.4,HARD,7.0,2.0,,,4.0,4,52.4,1.572,False,-0.2189,52.0,16.0,1,0,0
British,2023,PIA,McLaren,37.0,145.067,HARD,8.0,2.0,,,4.0,4,50.8,1.524,False,-0.2189,52.0,15.0,1,0,0
British,2023,PIA,McLaren,38.0,139.502,HARD,9.0,2.0,,,4.0,41,49.2,1.476,False,-0.2189,52.0,14.0,0,0,0
British,2023,PIA,McLaren,39.0,91.646,HARD,10.0,2.0,,,4.0,1,47.6,1.428,True,-0.2189,52.0,13.0,0,0,0
British,2023,PIA,McLaren,40.0,91.475,HARD,11.0,2.0,,,4.0,1,46.0,1.38,True,-0.2189,52.0,12.0,0,0,0
British,2023,PIA,McLaren,41.0,90.85,HARD,12.0,2.0,,,4.0,1,44.4,1.332,True,-0.2189,52.0,11.0,0,0,0
British,2023,PIA,McLaren,42.0,91.178,HARD,13.0,2.0,,,4.0,1,42.8,1.284,True,-0.2189,52.0,10.0,0,0,0
British,2023,PIA,McLaren,43.0,91.011,HARD,14.0,2.0,,,4.0,1,41.2,1.236,True,-0.2189,52.0,9.0,0,0,0
British,2023,PIA,McLaren,44.0,91.465,HARD,15.0,2.0,,,4.0,1,39.6,1.188,True,-0.2189,52.0,8.0,0,0,0
British,2023,PIA,McLaren,45.0,91.406,HARD,16.0,2.0,,,4.0,1,38.0,1.14,True,-0.2189,52.0,7.0,0,0,0
British,2023,PIA,McLaren,46.0,91.496,HARD,17.0,2.0,,,4.0,1,36.4,1.092,True,-0.2189,52.0,6.0,0,0,0
British,2023,PIA,McLaren,47.0,91.427,HARD,18.0,2.0,,,4.0,1,34.8,1.044,True,-0.2189,52.0,5.0,0,0,0
British,2023,PIA,McLaren,48.0,91.159,HARD,19.0,2.0,,,4.0,1,33.2,0.996,True,-0.2189,52.0,4.0,0,0,0
British,2023,PIA,McLaren,49.0,91.422,HARD,20.0,2.0,,,4.0,1,31.6,0.948,True,-0.2189,52.0,3.0,0,0,0
British,2023,PIA,McLaren,50.0,91.752,HARD,21.0,2.0,,,4.0,1,30.0,0.9,True,-0.2189,52.0,2.0,0,0,0
British,2023,PIA,McLaren,51.0,91.305,HARD,22.0,2.0,,,4.0,1,28.4,0.852,True,-0.2189,52.0,1.0,0,0,0
British,2023,PIA,McLaren,52.0,90.941,HARD,23.0,2.0,,,4.0,1,26.8,0.804,True,-0.2189,52.0,0.0,0,0,0
