Race,Season,Driver,Team,LapNumber,LapTime_s,Sector1_s,Sector2_s,Sector3_s,Compound,TyreLife,SpeedI1,SpeedI2,SpeedFL,SpeedST,ThrottleStd,LapConsistency_5
Singapore,2023,ALB,Williams,2.0,101.902,29.559,43.752,28.591,MEDIUM,2.0,285.0,263.0,244.0,286.0,42.985,
Singapore,2023,ALB,Williams,3.0,101.783,29.417,43.731,28.635,MEDIUM,3.0,296.0,273.0,242.0,280.0,42.587,
Singapore,2023,ALB,Williams,4.0,101.473,29.391,43.751,28.331,MEDIUM,4.0,303.0,268.0,243.0,293.0,42.751,0.2215
Singapore,2023,ALB,Williams,5.0,101.361,29.75,43.295,28.316,MEDIUM,5.0,289.0,266.0,239.0,288.0,42.952,0.2546
Singapore,2023,ALB,Williams,6.0,102.001,29.633,43.409,28.959,MEDIUM,6.0,295.0,268.0,239.0,285.0,43.017,0.276
Singapore,2023,ALB,Williams,7.0,103.107,30.047,44.121,28.939,MEDIUM,7.0,298.0,275.0,241.0,291.0,42.921,0.697
Singapore,2023,ALB,Williams,8.0,101.318,29.594,43.41,28.314,MEDIUM,8.0,290.0,264.0,242.0,286.0,42.921,0.7528
Singapore,2023,ALB,Williams,9.0,100.869,29.531,43.316,28.022,MEDIUM,9.0,294.0,265.0,241.0,287.0,42.82,0.8684
Singapore,2023,ALB,Williams,10.0,100.625,29.476,43.031,28.118,MEDIUM,10.0,295.0,266.0,241.0,285.0,42.821,0.9994
Singapore,2023,ALB,Williams,11.0,100.363,29.488,42.838,28.037,MEDIUM,11.0,297.0,266.0,244.0,286.0,42.836,1.0926
Singapore,2023,ALB,Williams,12.0,100.458,29.304,43.024,28.13,MEDIUM,12.0,294.0,265.0,242.0,286.0,43.286,0.3823
Singapore,2023,ALB,Williams,13.0,100.755,29.44,43.039,28.276,MEDIUM,13.0,297.0,266.0,242.0,287.0,42.701,0.2076
Singapore,2023,ALB,Williams,14.0,100.775,29.402,43.173,28.2,MEDIUM,14.0,296.0,266.0,241.0,287.0,42.943,0.1813
Singapore,2023,ALB,Williams,15.0,100.638,29.384,43.043,28.211,MEDIUM,15.0,293.0,266.0,242.0,287.0,43.044,0.1819
Singapore,2023,ALB,Williams,16.0,100.815,29.383,43.295,28.137,MEDIUM,16.0,291.0,266.0,243.0,287.0,42.978,0.1446
Singapore,2023,ALB,Williams,17.0,100.689,29.315,43.079,28.295,MEDIUM,17.0,292.0,266.0,241.0,285.0,42.93,0.0706
Singapore,2023,ALB,Williams,18.0,100.949,29.369,43.249,28.331,MEDIUM,18.0,296.0,266.0,242.0,286.0,43.17,0.1204
Singapore,2023,ALB,Williams,19.0,101.174,29.352,43.308,28.514,MEDIUM,19.0,297.0,265.0,240.0,287.0,42.585,0.2161
Singapore,2023,ALB,Williams,23.0,103.117,29.205,44.115,29.797,HARD,3.0,302.0,268.0,237.0,288.0,43.222,1.0046
Singapore,2023,ALB,Williams,24.0,103.087,30.723,43.718,28.646,HARD,4.0,299.0,267.0,243.0,283.0,43.202,1.198
Singapore,2023,ALB,Williams,25.0,100.961,29.166,43.35,28.445,HARD,5.0,309.0,278.0,246.0,286.0,43.404,1.1395
Singapore,2023,ALB,Williams,26.0,100.927,28.879,43.65,28.398,HARD,6.0,320.0,276.0,245.0,302.0,43.341,1.144
Singapore,2023,ALB,Williams,27.0,101.309,28.932,43.746,28.631,HARD,7.0,298.0,270.0,242.0,302.0,42.641,1.1254
Singapore,2023,ALB,Williams,28.0,101.442,29.346,43.636,28.46,HARD,8.0,291.0,266.0,243.0,285.0,42.946,0.8898
Singapore,2023,ALB,Williams,29.0,101.455,29.351,43.526,28.578,HARD,9.0,290.0,270.0,244.0,277.0,42.384,0.2576
Singapore,2023,ALB,Williams,30.0,100.469,29.092,43.201,28.176,HARD,10.0,302.0,277.0,245.0,288.0,43.461,0.4221
Singapore,2023,ALB,Williams,31.0,100.981,29.233,43.432,28.316,HARD,11.0,297.0,264.0,243.0,293.0,42.463,0.4166
Singapore,2023,ALB,Williams,32.0,100.542,29.09,43.25,28.202,HARD,12.0,296.0,269.0,243.0,288.0,42.956,0.4722
Singapore,2023,ALB,Williams,33.0,100.772,29.219,43.453,28.1,HARD,13.0,295.0,269.0,244.0,289.0,42.655,0.3966
Singapore,2023,ALB,Williams,34.0,100.55,29.141,43.164,28.245,HARD,14.0,299.0,269.0,244.0,287.0,42.309,0.211
Singapore,2023,ALB,Williams,35.0,101.065,29.208,43.398,28.459,HARD,15.0,293.0,277.0,243.0,297.0,42.637,0.2404
Singapore,2023,ALB,Williams,36.0,101.94,29.142,44.317,28.481,HARD,16.0,317.0,270.0,242.0,301.0,42.767,0.5807
Singapore,2023,ALB,Williams,37.0,101.028,29.349,43.28,28.399,HARD,17.0,295.0,269.0,242.0,285.0,42.879,0.5287
Singapore,2023,ALB,Williams,38.0,100.837,29.189,43.493,28.155,HARD,18.0,297.0,269.0,243.0,286.0,42.36,0.5202
Singapore,2023,ALB,Williams,39.0,101.246,29.099,43.671,28.476,HARD,19.0,301.0,269.0,242.0,288.0,42.92,0.4262
Singapore,2023,ALB,Williams,40.0,100.935,28.992,43.535,28.408,HARD,20.0,313.0,276.0,245.0,300.0,42.72,0.4419
Singapore,2023,ALB,Williams,41.0,100.579,28.831,43.474,28.274,HARD,21.0,308.0,277.0,246.0,303.0,43.225,0.2456
Singapore,2023,ALB,Williams,42.0,100.637,28.895,43.587,28.155,HARD,22.0,318.0,275.0,246.0,300.0,42.966,0.266
Singapore,2023,ALB,Williams,46.0,97.342,28.549,41.519,27.274,MEDIUM,3.0,294.0,268.0,249.0,287.0,43.425,1.5909
Singapore,2023,ALB,Williams,47.0,98.047,28.64,41.892,27.515,MEDIUM,4.0,295.0,268.0,248.0,288.0,43.335,1.6796
Singapore,2023,ALB,Williams,48.0,97.992,28.699,41.806,27.487,MEDIUM,5.0,294.0,267.0,246.0,287.0,42.997,1.5663
Singapore,2023,ALB,Williams,49.0,98.019,28.679,41.772,27.568,MEDIUM,6.0,295.0,267.0,248.0,287.0,43.312,1.2806
Singapore,2023,ALB,Williams,50.0,98.122,28.686,42.017,27.419,MEDIUM,7.0,298.0,269.0,249.0,288.0,43.16,0.3181
Singapore,2023,ALB,Williams,51.0,98.213,28.608,42.037,27.568,MEDIUM,8.0,298.0,269.0,248.0,289.0,43.352,0.0894
Singapore,2023,ALB,Williams,52.0,100.048,28.475,42.89,28.683,MEDIUM,9.0,317.0,277.0,245.0,300.0,43.065,0.8816
Singapore,2023,ALB,Williams,53.0,99.613,28.804,43.12,27.689,MEDIUM,10.0,307.0,267.0,249.0,298.0,43.21,0.953
Singapore,2023,ALB,Williams,54.0,98.226,28.577,42.134,27.515,MEDIUM,11.0,296.0,268.0,249.0,283.0,42.987,0.9141
Singapore,2023,ALB,Williams,55.0,97.656,28.542,41.718,27.396,MEDIUM,12.0,297.0,269.0,250.0,288.0,42.989,1.0234
Singapore,2023,ALB,Williams,56.0,98.387,28.622,42.088,27.677,MEDIUM,13.0,297.0,267.0,250.0,289.0,43.152,1.0033
Singapore,2023,ALB,Williams,57.0,101.555,28.5,44.326,28.729,MEDIUM,14.0,314.0,277.0,248.0,301.0,42.924,1.553
Singapore,2023,ALB,Williams,58.0,117.964,28.867,60.235,28.862,MEDIUM,15.0,313.0,266.0,248.0,300.0,42.902,8.6363
Singapore,2023,ALB,Williams,59.0,100.685,29.594,43.123,27.968,MEDIUM,16.0,317.0,276.0,246.0,300.0,42.858,8.38
Singapore,2023,ALB,Williams,60.0,99.668,29.054,42.875,27.739,MEDIUM,17.0,314.0,276.0,250.0,302.0,43.035,8.0874
Singapore,2023,ALB,Williams,61.0,98.501,28.492,42.521,27.488,MEDIUM,18.0,311.0,272.0,250.0,301.0,43.021,8.069
Singapore,2023,ALB,Williams,62.0,99.891,28.458,43.686,27.747,MEDIUM,19.0,313.0,269.0,246.0,301.0,42.462,8.2114
Singapore,2023,ALO,Aston Martin,2.0,102.255,29.577,44.018,28.66,MEDIUM,2.0,278.0,263.0,243.0,279.0,42.169,
Singapore,2023,ALO,Aston Martin,3.0,101.349,29.239,43.697,28.413,MEDIUM,3.0,284.0,264.0,244.0,286.0,42.502,
Singapore,2023,ALO,Aston Martin,4.0,101.356,29.331,43.404,28.621,MEDIUM,4.0,287.0,263.0,242.0,283.0,42.119,0.5211
Singapore,2023,ALO,Aston Martin,5.0,101.194,29.345,43.476,28.373,MEDIUM,5.0,293.0,265.0,245.0,294.0,42.39,0.4835
Singapore,2023,ALO,Aston Martin,6.0,100.686,29.186,43.194,28.306,MEDIUM,6.0,286.0,263.0,243.0,297.0,42.674,0.5663
Singapore,2023,ALO,Aston Martin,7.0,100.774,29.341,43.249,28.184,MEDIUM,7.0,291.0,263.0,243.0,282.0,42.286,0.3202
Singapore,2023,ALO,Aston Martin,8.0,100.21,29.229,42.747,28.234,MEDIUM,8.0,290.0,261.0,242.0,285.0,42.456,0.4518
Singapore,2023,ALO,Aston Martin,9.0,100.422,29.262,42.795,28.365,MEDIUM,9.0,292.0,265.0,244.0,286.0,42.593,0.3735
Singapore,2023,ALO,Aston Martin,10.0,100.555,29.379,42.947,28.229,MEDIUM,10.0,291.0,264.0,243.0,286.0,42.1,0.2228
Singapore,2023,ALO,Aston Martin,11.0,100.147,29.359,42.729,28.059,MEDIUM,11.0,288.0,264.0,243.0,283.0,42.343,0.256
Singapore,2023,ALO,Aston Martin,12.0,100.383,29.306,42.802,28.275,MEDIUM,12.0,293.0,264.0,245.0,283.0,42.245,0.165
Singapore,2023,ALO,Aston Martin,13.0,100.554,29.407,42.932,28.215,MEDIUM,13.0,285.0,263.0,242.0,287.0,42.257,0.1672
Singapore,2023,ALO,Aston Martin,14.0,100.18,29.252,42.845,28.083,MEDIUM,14.0,291.0,265.0,243.0,286.0,42.138,0.1961
Singapore,2023,ALO,Aston Martin,15.0,100.095,29.271,42.848,27.976,MEDIUM,15.0,295.0,265.0,243.0,284.0,42.572,0.1919
Singapore,2023,ALO,Aston Martin,16.0,100.238,29.292,42.883,28.063,MEDIUM,16.0,293.0,264.0,243.0,287.0,42.142,0.1811
Singapore,2023,ALO,Aston Martin,17.0,100.499,29.315,43.044,28.14,MEDIUM,17.0,294.0,264.0,243.0,284.0,41.97,0.2022
Singapore,2023,ALO,Aston Martin,18.0,100.316,29.325,42.969,28.022,MEDIUM,18.0,295.0,264.0,243.0,286.0,42.136,0.1535
Singapore,2023,ALO,Aston Martin,19.0,100.346,29.305,42.939,28.102,MEDIUM,19.0,295.0,265.0,243.0,286.0,42.021,0.1482
Singapore,2023,ALO,Aston Martin,23.0,103.291,29.517,44.575,29.199,HARD,3.0,290.0,264.0,243.0,288.0,42.538,1.3188
Singapore,2023,ALO,Aston Martin,24.0,103.137,30.13,44.293,28.714,HARD,4.0,293.0,265.0,244.0,277.0,42.227,1.5509
Singapore,2023,ALO,Aston Martin,25.0,100.689,29.001,43.344,28.344,HARD,5.0,311.0,269.0,247.0,288.0,42.399,1.5218
Singapore,2023,ALO,Aston Martin,26.0,100.896,29.213,43.578,28.105,HARD,6.0,311.0,274.0,245.0,300.0,42.446,1.4225
Singapore,2023,ALO,Aston Martin,27.0,100.185,29.144,43.054,27.987,HARD,7.0,301.0,274.0,249.0,298.0,42.238,1.4613
Singapore,2023,ALO,Aston Martin,28.0,101.931,29.037,44.36,28.534,HARD,8.0,316.0,276.0,247.0,293.0,42.134,1.1758
Singapore,2023,ALO,Aston Martin,29.0,101.292,29.218,43.966,28.108,HARD,9.0,311.0,263.0,245.0,296.0,42.128,0.6565
Singapore,2023,ALO,Aston Martin,30.0,100.128,29.288,42.849,27.991,HARD,10.0,287.0,266.0,246.0,288.0,42.696,0.7621
Singapore,2023,ALO,Aston Martin,31.0,100.049,29.155,42.805,28.089,HARD,11.0,290.0,267.0,243.0,286.0,42.294,0.8486
Singapore,2023,ALO,Aston Martin,32.0,100.39,29.398,43.028,27.964,HARD,12.0,284.0,266.0,247.0,288.0,42.331,0.821
Singapore,2023,ALO,Aston Martin,33.0,99.636,29.128,42.576,27.932,HARD,13.0,296.0,275.0,248.0,286.0,41.798,0.6176
Singapore,2023,ALO,Aston Martin,34.0,100.578,29.005,43.261,28.312,HARD,14.0,301.0,276.0,246.0,300.0,42.096,0.359
Singapore,2023,ALO,Aston Martin,35.0,100.626,29.119,43.293,28.214,HARD,15.0,310.0,274.0,247.0,299.0,42.162,0.4141
Singapore,2023,ALO,Aston Martin,36.0,101.265,29.044,43.653,28.568,HARD,16.0,292.0,276.0,247.0,299.0,42.345,0.5843
Singapore,2023,ALO,Aston Martin,37.0,104.094,29.101,46.165,28.828,HARD,17.0,315.0,271.0,246.0,300.0,41.318,1.6981
Singapore,2023,ALO,Aston Martin,38.0,101.208,29.19,43.57,28.448,HARD,18.0,308.0,267.0,246.0,298.0,42.108,1.455
Singapore,2023,ALO,Aston Martin,39.0,102.062,29.165,44.647,28.25,HARD,19.0,308.0,275.0,246.0,298.0,42.076,1.354
Singapore,2023,ALO,Aston Martin,40.0,100.154,29.284,42.918,27.952,HARD,20.0,293.0,267.0,245.0,289.0,42.221,1.472
Singapore,2023,ALO,Aston Martin,41.0,100.18,29.031,42.969,28.18,HARD,21.0,296.0,264.0,245.0,288.0,41.919,1.6337
Singapore,2023,ALO,Aston Martin,42.0,100.146,29.285,42.92,27.941,HARD,22.0,294.0,267.0,245.0,288.0,41.944,0.8626
Singapore,2023,ALO,Aston Martin,46.0,113.333,28.372,41.177,43.784,SOFT,4.0,295.0,267.0,251.0,289.0,43.509,5.7379
Singapore,2023,ALO,Aston Martin,47.0,96.456,28.406,41.067,26.983,SOFT,5.0,294.0,266.0,249.0,287.0,42.491,6.5061
Singapore,2023,ALO,Aston Martin,48.0,99.79,29.735,42.141,27.914,SOFT,6.0,282.0,262.0,245.0,269.0,42.685,6.5346
Singapore,2023,ALO,Aston Martin,49.0,98.787,28.927,42.297,27.563,SOFT,7.0,283.0,266.0,249.0,287.0,42.891,6.6591
Singapore,2023,ALO,Aston Martin,50.0,98.088,28.718,41.874,27.496,SOFT,8.0,285.0,264.0,248.0,288.0,43.071,6.8405
Singapore,2023,ALO,Aston Martin,51.0,98.463,28.927,42.083,27.453,SOFT,9.0,281.0,262.0,249.0,288.0,43.422,1.2173
Singapore,2023,ALO,Aston Martin,52.0,97.943,28.702,41.693,27.548,SOFT,10.0,283.0,258.0,249.0,288.0,43.308,0.7353
Singapore,2023,ALO,Aston Martin,53.0,98.559,28.742,42.195,27.622,SOFT,11.0,291.0,267.0,250.0,289.0,43.036,0.3464
Singapore,2023,ALO,Aston Martin,54.0,98.179,28.741,41.928,27.51,SOFT,12.0,281.0,262.0,248.0,286.0,42.918,0.258
Singapore,2023,ALO,Aston Martin,55.0,98.012,28.772,41.762,27.478,SOFT,13.0,288.0,261.0,250.0,285.0,43.43,0.2716
Singapore,2023,ALO,Aston Martin,56.0,98.436,28.819,42.129,27.488,SOFT,14.0,283.0,262.0,249.0,287.0,43.122,0.266
Singapore,2023,ALO,Aston Martin,57.0,98.303,28.695,42.204,27.404,SOFT,15.0,293.0,266.0,248.0,289.0,42.985,0.214
Singapore,2023,ALO,Aston Martin,58.0,98.941,28.508,43.163,27.27,SOFT,16.0,295.0,269.0,250.0,290.0,42.776,0.3534
Singapore,2023,ALO,Aston Martin,59.0,98.518,28.739,42.24,27.539,SOFT,17.0,298.0,269.0,249.0,290.0,42.596,0.3388
Singapore,2023,ALO,Aston Martin,60.0,98.728,28.831,42.225,27.672,SOFT,18.0,299.0,269.0,251.0,290.0,42.238,0.2517
Singapore,2023,ALO,Aston Martin,61.0,101.542,28.815,43.287,29.44,SOFT,19.0,312.0,278.0,243.0,302.0,42.091,1.3271
Singapore,2023,ALO,Aston Martin,62.0,104.29,29.189,45.407,29.694,SOFT,20.0,303.0,280.0,235.0,303.0,41.408,2.4951
Singapore,2023,BOT,Alfa Romeo,2.0,102.182,29.788,43.493,28.901,HARD,2.0,288.0,258.0,240.0,278.0,43.087,
Singapore,2023,BOT,Alfa Romeo,3.0,103.036,30.254,43.674,29.108,HARD,3.0,287.0,257.0,238.0,277.0,43.221,
Singapore,2023,BOT,Alfa Romeo,4.0,101.766,29.856,43.382,28.528,HARD,4.0,285.0,255.0,240.0,275.0,43.269,0.6475
Singapore,2023,BOT,Alfa Romeo,5.0,101.757,29.824,43.296,28.637,HARD,5.0,284.0,255.0,238.0,275.0,43.179,0.6008
Singapore,2023,BOT,Alfa Romeo,6.0,101.27,29.491,43.291,28.488,HARD,6.0,289.0,260.0,238.0,279.0,43.166,0.662
Singapore,2023,BOT,Alfa Romeo,7.0,102.397,29.97,43.671,28.756,HARD,7.0,286.0,256.0,238.0,277.0,43.433,0.6833
Singapore,2023,BOT,Alfa Romeo,8.0,102.153,29.892,43.685,28.576,HARD,8.0,286.0,256.0,240.0,277.0,43.727,0.4305
Singapore,2023,BOT,Alfa Romeo,9.0,101.303,29.627,43.201,28.475,HARD,9.0,285.0,257.0,239.0,277.0,43.329,0.502
Singapore,2023,BOT,Alfa Romeo,10.0,101.23,29.545,43.298,28.387,HARD,10.0,286.0,256.0,240.0,276.0,43.289,0.559
Singapore,2023,BOT,Alfa Romeo,11.0,101.376,29.755,43.166,28.455,HARD,11.0,287.0,256.0,241.0,278.0,43.608,0.5418
Singapore,2023,BOT,Alfa Romeo,12.0,101.063,29.576,43.178,28.309,HARD,12.0,286.0,257.0,240.0,278.0,43.322,0.4232
Singapore,2023,BOT,Alfa Romeo,13.0,101.194,29.646,43.251,28.297,HARD,13.0,285.0,255.0,241.0,276.0,43.035,0.1181
Singapore,2023,BOT,Alfa Romeo,14.0,100.955,29.642,42.952,28.361,HARD,14.0,287.0,257.0,240.0,278.0,43.623,0.1613
Singapore,2023,BOT,Alfa Romeo,15.0,100.793,29.546,42.96,28.287,HARD,15.0,285.0,256.0,240.0,277.0,43.42,0.2229
Singapore,2023,BOT,Alfa Romeo,16.0,100.925,29.661,43.053,28.211,HARD,16.0,284.0,255.0,241.0,276.0,43.15,0.1509
Singapore,2023,BOT,Alfa Romeo,17.0,100.809,29.56,43.086,28.163,HARD,17.0,285.0,256.0,243.0,276.0,42.724,0.161
Singapore,2023,BOT,Alfa Romeo,18.0,100.904,29.402,43.214,28.288,HARD,18.0,286.0,257.0,242.0,278.0,43.468,0.0721
Singapore,2023,BOT,Alfa Romeo,19.0,101.786,29.533,43.964,28.289,HARD,19.0,286.0,256.0,242.0,277.0,43.22,0.4191
Singapore,2023,BOT,Alfa Romeo,23.0,105.486,29.593,44.546,31.347,HARD,23.0,293.0,264.0,230.0,283.0,42.575,1.9982
Singapore,2023,BOT,Alfa Romeo,24.0,106.415,31.828,45.915,28.672,HARD,24.0,295.0,259.0,241.0,277.0,42.538,2.6682
Singapore,2023,BOT,Alfa Romeo,25.0,101.759,29.751,43.469,28.539,HARD,25.0,290.0,259.0,240.0,279.0,43.127,2.4942
Singapore,2023,BOT,Alfa Romeo,26.0,101.366,29.44,43.568,28.358,HARD,26.0,288.0,259.0,242.0,278.0,43.094,2.3911
Singapore,2023,BOT,Alfa Romeo,27.0,101.288,29.525,43.49,28.273,HARD,27.0,288.0,258.0,243.0,279.0,43.098,2.4818
Singapore,2023,BOT,Alfa Romeo,28.0,101.288,29.457,43.497,28.334,HARD,28.0,287.0,258.0,242.0,278.0,42.857,2.24
Singapore,2023,BOT,Alfa Romeo,29.0,101.478,29.514,43.572,28.392,HARD,29.0,288.0,257.0,241.0,278.0,43.499,0.1967
Singapore,2023,BOT,Alfa Romeo,30.0,101.369,29.466,43.576,28.327,HARD,30.0,288.0,258.0,240.0,278.0,43.135,0.0781
Singapore,2023,BOT,Alfa Romeo,31.0,100.907,29.465,43.15,28.292,HARD,31.0,288.0,258.0,240.0,277.0,43.159,0.2153
Singapore,2023,BOT,Alfa Romeo,32.0,101.162,29.451,43.474,28.237,HARD,32.0,287.0,257.0,242.0,278.0,42.887,0.2194
Singapore,2023,BOT,Alfa Romeo,33.0,101.06,29.334,43.383,28.343,HARD,33.0,287.0,257.0,240.0,279.0,42.942,0.2306
Singapore,2023,BOT,Alfa Romeo,34.0,101.088,29.436,43.271,28.381,HARD,34.0,287.0,258.0,243.0,278.0,42.586,0.1686
Singapore,2023,BOT,Alfa Romeo,35.0,100.808,29.311,43.303,28.194,HARD,35.0,289.0,260.0,241.0,281.0,42.841,0.144
Singapore,2023,BOT,Alfa Romeo,36.0,101.628,29.393,43.56,28.675,HARD,36.0,287.0,260.0,240.0,280.0,43.211,0.299
Singapore,2023,BOT,Alfa Romeo,37.0,102.375,29.617,44.278,28.48,HARD,37.0,288.0,258.0,240.0,280.0,42.673,0.6256
Singapore,2023,BOT,Alfa Romeo,38.0,102.282,29.63,43.958,28.694,HARD,38.0,287.0,259.0,239.0,280.0,42.785,0.6981
Singapore,2023,BOT,Alfa Romeo,39.0,102.059,29.425,43.945,28.689,HARD,39.0,288.0,258.0,237.0,279.0,42.423,0.6401
Singapore,2023,BOT,Alfa Romeo,42.0,98.392,28.862,41.764,27.766,MEDIUM,2.0,282.0,257.0,246.0,277.0,43.426,1.677
Singapore,2023,BOT,Alfa Romeo,45.0,99.08,29.11,42.28,27.69,MEDIUM,5.0,288.0,264.0,244.0,280.0,43.143,1.9373
Singapore,2023,BOT,Alfa Romeo,46.0,98.979,28.812,42.016,28.151,MEDIUM,6.0,285.0,259.0,243.0,279.0,43.222,1.8572
Singapore,2023,BOT,Alfa Romeo,47.0,98.729,28.989,42.115,27.625,MEDIUM,7.0,282.0,257.0,246.0,277.0,43.364,1.4836
Singapore,2023,BOT,Alfa Romeo,48.0,98.573,28.874,41.974,27.725,MEDIUM,8.0,283.0,258.0,246.0,278.0,43.106,0.2834
Singapore,2023,BOT,Alfa Romeo,49.0,98.525,29.055,41.796,27.674,MEDIUM,9.0,283.0,258.0,245.0,277.0,43.32,0.245
Singapore,2023,BOT,Alfa Romeo,50.0,98.092,28.799,41.705,27.588,MEDIUM,10.0,284.0,259.0,246.0,278.0,43.278,0.325
Singapore,2023,BOT,Alfa Romeo,51.0,98.075,28.693,41.797,27.585,MEDIUM,11.0,286.0,260.0,246.0,280.0,43.241,0.2976
Singapore,2023,GAS,Alpine,2.0,102.353,29.97,43.39,28.993,MEDIUM,2.0,277.0,263.0,243.0,277.0,43.717,
Singapore,2023,GAS,Alpine,3.0,101.442,29.493,43.116,28.833,MEDIUM,3.0,300.0,267.0,242.0,275.0,43.575,
Singapore,2023,GAS,Alpine,4.0,101.334,29.317,43.488,28.529,MEDIUM,4.0,288.0,265.0,245.0,289.0,43.796,0.5598
Singapore,2023,GAS,Alpine,5.0,101.292,29.195,43.501,28.596,MEDIUM,5.0,293.0,265.0,244.0,288.0,43.011,0.5025
Singapore,2023,GAS,Alpine,6.0,101.829,29.128,44.03,28.671,MEDIUM,6.0,289.0,267.0,245.0,290.0,43.546,0.4465
Singapore,2023,GAS,Alpine,7.0,101.399,29.472,43.406,28.521,MEDIUM,7.0,299.0,264.0,242.0,293.0,43.88,0.2147
Singapore,2023,GAS,Alpine,8.0,100.677,29.236,43.149,28.292,MEDIUM,8.0,296.0,265.0,245.0,289.0,43.691,0.4119
Singapore,2023,GAS,Alpine,9.0,101.063,29.148,43.382,28.533,MEDIUM,9.0,298.0,266.0,235.0,290.0,43.829,0.425
Singapore,2023,GAS,Alpine,10.0,100.378,29.07,43.027,28.281,MEDIUM,10.0,303.0,268.0,246.0,287.0,43.622,0.574
Singapore,2023,GAS,Alpine,11.0,100.728,29.165,43.348,28.215,MEDIUM,11.0,304.0,266.0,244.0,293.0,43.877,0.3919
Singapore,2023,GAS,Alpine,12.0,100.439,29.013,43.135,28.291,MEDIUM,12.0,302.0,267.0,244.0,291.0,43.842,0.2719
Singapore,2023,GAS,Alpine,13.0,100.829,29.167,43.354,28.308,MEDIUM,13.0,303.0,267.0,245.0,291.0,43.401,0.2829
Singapore,2023,GAS,Alpine,14.0,100.627,28.995,43.371,28.261,MEDIUM,14.0,307.0,268.0,243.0,292.0,43.418,0.1902
Singapore,2023,GAS,Alpine,15.0,100.602,29.043,43.354,28.205,MEDIUM,15.0,305.0,267.0,245.0,291.0,43.933,0.1461
Singapore,2023,GAS,Alpine,16.0,100.929,29.386,43.401,28.142,MEDIUM,16.0,303.0,266.0,245.0,293.0,43.22,0.1943
Singapore,2023,GAS,Alpine,17.0,100.673,29.197,43.202,28.274,MEDIUM,17.0,302.0,267.0,243.0,292.0,43.619,0.1411
Singapore,2023,GAS,Alpine,18.0,100.866,29.2,43.405,28.261,MEDIUM,18.0,305.0,267.0,245.0,292.0,43.761,0.1482
Singapore,2023,GAS,Alpine,19.0,101.061,29.275,43.497,28.289,MEDIUM,19.0,303.0,267.0,243.0,292.0,43.195,0.1878
Singapore,2023,GAS,Alpine,23.0,103.344,29.32,44.439,29.585,HARD,3.0,297.0,266.0,242.0,285.0,43.39,1.1098
Singapore,2023,GAS,Alpine,24.0,102.407,29.448,44.111,28.848,HARD,4.0,291.0,259.0,246.0,282.0,43.608,1.1572
Singapore,2023,GAS,Alpine,25.0,101.048,29.149,43.468,28.431,HARD,5.0,303.0,268.0,245.0,284.0,43.448,1.0864
Singapore,2023,GAS,Alpine,26.0,100.92,28.963,43.437,28.52,HARD,6.0,308.0,271.0,247.0,292.0,43.523,1.0757
Singapore,2023,GAS,Alpine,27.0,100.396,29.014,43.193,28.189,HARD,7.0,315.0,269.0,246.0,295.0,44.107,1.2152
Singapore,2023,GAS,Alpine,28.0,101.536,28.824,43.985,28.727,HARD,8.0,307.0,270.0,249.0,295.0,43.933,0.7581
Singapore,2023,GAS,Alpine,29.0,101.706,29.071,44.09,28.545,HARD,9.0,309.0,267.0,245.0,296.0,43.899,0.521
Singapore,2023,GAS,Alpine,30.0,100.28,29.215,43.026,28.039,HARD,10.0,305.0,269.0,246.0,293.0,43.458,0.6462
Singapore,2023,GAS,Alpine,31.0,99.974,29.103,42.73,28.141,HARD,11.0,306.0,269.0,244.0,294.0,44.179,0.7868
Singapore,2023,GAS,Alpine,32.0,100.406,28.999,43.214,28.193,HARD,12.0,303.0,271.0,246.0,294.0,43.381,0.7856
Singapore,2023,GAS,Alpine,33.0,100.154,29.095,42.931,28.128,HARD,13.0,303.0,269.0,245.0,294.0,43.815,0.6906
Singapore,2023,GAS,Alpine,34.0,101.321,28.907,44.135,28.279,HARD,14.0,315.0,269.0,246.0,292.0,43.375,0.5246
Singapore,2023,GAS,Alpine,35.0,102.563,28.979,45.176,28.408,HARD,15.0,315.0,269.0,245.0,293.0,43.436,1.0723
Singapore,2023,GAS,Alpine,36.0,99.965,29.393,42.745,27.827,HARD,16.0,311.0,260.0,246.0,290.0,43.472,1.0742
Singapore,2023,GAS,Alpine,37.0,100.508,29.177,43.022,28.309,HARD,17.0,287.0,261.0,247.0,279.0,43.382,1.0639
Singapore,2023,GAS,Alpine,38.0,101.261,29.077,43.842,28.342,HARD,18.0,308.0,270.0,245.0,293.0,43.413,0.9812
Singapore,2023,GAS,Alpine,39.0,102.86,29.203,44.753,28.904,HARD,19.0,304.0,271.0,244.0,293.0,43.268,1.2603
Singapore,2023,GAS,Alpine,40.0,99.885,29.24,42.734,27.911,HARD,20.0,289.0,261.0,246.0,282.0,42.738,1.2278
Singapore,2023,GAS,Alpine,41.0,99.934,29.271,42.653,28.01,HARD,21.0,288.0,261.0,247.0,283.0,43.386,1.2337
Singapore,2023,GAS,Alpine,42.0,99.835,28.913,43.099,27.823,HARD,22.0,302.0,269.0,248.0,292.0,43.039,1.3195
Singapore,2023,GAS,Alpine,46.0,98.277,28.779,41.942,27.556,HARD,26.0,286.0,261.0,247.0,280.0,43.115,1.6634
Singapore,2023,GAS,Alpine,47.0,98.568,28.882,42.076,27.61,HARD,27.0,286.0,259.0,248.0,281.0,42.946,0.8082
Singapore,2023,GAS,Alpine,48.0,98.548,28.786,42.121,27.641,HARD,28.0,286.0,260.0,247.0,281.0,43.294,0.7871
Singapore,2023,GAS,Alpine,49.0,98.634,28.746,42.266,27.622,HARD,29.0,286.0,260.0,247.0,281.0,43.223,0.6095
Singapore,2023,GAS,Alpine,50.0,98.688,28.871,42.234,27.583,HARD,30.0,286.0,260.0,248.0,281.0,42.698,0.1587
Singapore,2023,GAS,Alpine,51.0,98.525,28.7,42.278,27.547,HARD,31.0,287.0,260.0,247.0,281.0,43.297,0.067
Singapore,2023,GAS,Alpine,52.0,98.755,28.788,42.24,27.727,HARD,32.0,287.0,260.0,248.0,282.0,43.555,0.0959
Singapore,2023,GAS,Alpine,53.0,98.718,28.861,42.263,27.594,HARD,33.0,287.0,261.0,249.0,282.0,42.635,0.0894
Singapore,2023,GAS,Alpine,54.0,98.844,28.784,42.412,27.648,HARD,34.0,287.0,261.0,249.0,283.0,42.706,0.1169
Singapore,2023,GAS,Alpine,55.0,99.373,29.014,42.644,27.715,HARD,35.0,287.0,260.0,248.0,282.0,42.696,0.3184
Singapore,2023,GAS,Alpine,56.0,99.292,28.943,42.573,27.776,HARD,36.0,287.0,261.0,249.0,282.0,42.859,0.3115
Singapore,2023,GAS,Alpine,57.0,100.874,28.922,43.092,28.86,HARD,37.0,288.0,261.0,247.0,283.0,43.265,0.8598
Singapore,2023,GAS,Alpine,58.0,99.658,29.074,42.866,27.718,HARD,38.0,289.0,262.0,249.0,283.0,42.4,0.7655
Singapore,2023,GAS,Alpine,59.0,99.709,29.073,42.872,27.764,HARD,39.0,288.0,260.0,248.0,282.0,43.112,0.6365
Singapore,2023,GAS,Alpine,60.0,99.62,28.949,42.935,27.736,HARD,40.0,290.0,263.0,248.0,284.0,42.857,0.6057
Singapore,2023,GAS,Alpine,61.0,99.711,28.898,42.982,27.831,HARD,41.0,289.0,263.0,249.0,285.0,42.574,0.5378
Singapore,2023,GAS,Alpine,62.0,102.273,28.909,45.047,28.317,HARD,42.0,289.0,264.0,235.0,284.0,42.627,1.1627
Singapore,2023,HAM,Mercedes,2.0,102.587,29.485,44.938,28.164,MEDIUM,2.0,266.0,256.0,245.0,266.0,42.995,
Singapore,2023,HAM,Mercedes,3.0,101.088,29.309,43.484,28.295,MEDIUM,3.0,293.0,253.0,243.0,267.0,43.65,
Singapore,2023,HAM,Mercedes,4.0,102.861,29.32,43.99,29.551,MEDIUM,4.0,282.0,239.0,242.0,276.0,41.675,0.9544
Singapore,2023,HAM,Mercedes,5.0,100.978,29.145,43.709,28.124,MEDIUM,5.0,290.0,251.0,242.0,295.0,42.903,0.9837
Singapore,2023,HAM,Mercedes,6.0,100.126,29.602,42.597,27.927,MEDIUM,6.0,276.0,260.0,242.0,276.0,43.416,1.1576
Singapore,2023,HAM,Mercedes,7.0,99.918,29.355,42.67,27.893,MEDIUM,7.0,279.0,243.0,247.0,277.0,43.236,1.1625
Singapore,2023,HAM,Mercedes,8.0,100.166,29.251,42.903,28.012,MEDIUM,8.0,275.0,244.0,246.0,279.0,43.367,1.2158
Singapore,2023,HAM,Mercedes,9.0,100.312,29.301,43.078,27.933,MEDIUM,9.0,288.0,241.0,247.0,274.0,43.239,0.4043
Singapore,2023,HAM,Mercedes,10.0,100.144,29.373,42.869,27.902,MEDIUM,10.0,272.0,251.0,243.0,282.0,42.853,0.141
Singapore,2023,HAM,Mercedes,11.0,100.241,29.415,42.792,28.034,MEDIUM,11.0,283.0,253.0,245.0,277.0,43.313,0.1487
Singapore,2023,HAM,Mercedes,12.0,100.218,29.288,42.99,27.94,MEDIUM,12.0,279.0,252.0,246.0,279.0,43.24,0.0662
Singapore,2023,HAM,Mercedes,13.0,100.081,29.272,42.725,28.084,MEDIUM,13.0,285.0,266.0,246.0,286.0,43.516,0.0892
Singapore,2023,HAM,Mercedes,14.0,100.273,28.851,43.246,28.176,MEDIUM,14.0,300.0,263.0,246.0,292.0,43.254,0.0779
Singapore,2023,HAM,Mercedes,15.0,100.394,29.079,43.228,28.087,MEDIUM,15.0,283.0,262.0,246.0,285.0,43.351,0.1124
Singapore,2023,HAM,Mercedes,16.0,100.785,29.3,43.415,28.07,MEDIUM,16.0,278.0,255.0,244.0,289.0,43.467,0.2678
Singapore,2023,HAM,Mercedes,17.0,100.38,29.606,42.758,28.016,MEDIUM,17.0,270.0,252.0,244.0,267.0,43.737,0.2574
Singapore,2023,HAM,Mercedes,18.0,100.364,29.494,42.942,27.928,MEDIUM,18.0,287.0,254.0,244.0,275.0,43.352,0.199
Singapore,2023,HAM,Mercedes,19.0,99.394,29.252,42.416,27.726,MEDIUM,19.0,283.0,261.0,244.0,280.0,43.798,0.5169
Singapore,2023,HAM,Mercedes,23.0,103.08,29.495,43.75,29.835,HARD,3.0,292.0,272.0,246.0,286.0,42.875,1.3731
Singapore,2023,HAM,Mercedes,24.0,100.957,29.715,43.282,27.96,HARD,4.0,299.0,257.0,247.0,290.0,42.267,1.3748
Singapore,2023,HAM,Mercedes,25.0,100.442,29.46,42.916,28.066,HARD,5.0,270.0,258.0,248.0,282.0,43.478,1.3699
Singapore,2023,HAM,Mercedes,26.0,99.954,29.008,42.906,28.04,HARD,6.0,292.0,271.0,248.0,284.0,43.695,1.4175
Singapore,2023,HAM,Mercedes,27.0,99.226,28.825,42.51,27.891,HARD,7.0,311.0,254.0,245.0,294.0,43.186,1.4596
Singapore,2023,HAM,Mercedes,28.0,99.679,29.423,42.461,27.795,HARD,8.0,272.0,250.0,245.0,269.0,43.663,0.6712
Singapore,2023,HAM,Mercedes,29.0,99.52,29.248,42.475,27.797,HARD,9.0,268.0,255.0,246.0,275.0,43.635,0.4615
Singapore,2023,HAM,Mercedes,30.0,99.142,28.956,42.289,27.897,HARD,10.0,277.0,272.0,250.0,278.0,43.58,0.3323
Singapore,2023,HAM,Mercedes,31.0,99.32,28.814,42.534,27.972,HARD,11.0,302.0,273.0,249.0,293.0,43.769,0.2196
Singapore,2023,HAM,Mercedes,32.0,99.186,28.704,42.558,27.924,HARD,12.0,289.0,274.0,250.0,293.0,43.359,0.2271
Singapore,2023,HAM,Mercedes,33.0,100.62,28.953,43.806,27.861,HARD,13.0,271.0,250.0,246.0,298.0,42.544,0.6118
Singapore,2023,HAM,Mercedes,34.0,99.545,29.241,42.585,27.719,HARD,14.0,273.0,260.0,246.0,279.0,43.13,0.6116
Singapore,2023,HAM,Mercedes,35.0,99.51,29.135,42.618,27.757,HARD,15.0,274.0,263.0,250.0,280.0,43.117,0.5689
Singapore,2023,HAM,Mercedes,36.0,99.362,28.995,42.63,27.737,HARD,16.0,294.0,260.0,248.0,285.0,43.467,0.5634
Singapore,2023,HAM,Mercedes,37.0,99.959,28.963,42.994,28.002,HARD,17.0,285.0,271.0,245.0,278.0,42.179,0.5096
Singapore,2023,HAM,Mercedes,38.0,99.86,29.104,42.682,28.074,HARD,18.0,288.0,275.0,249.0,283.0,42.788,0.2516
Singapore,2023,HAM,Mercedes,39.0,99.264,28.909,42.537,27.818,HARD,19.0,298.0,268.0,248.0,289.0,42.98,0.3057
Singapore,2023,HAM,Mercedes,40.0,99.472,28.67,42.813,27.989,HARD,20.0,302.0,265.0,247.0,300.0,42.943,0.3086
Singapore,2023,HAM,Mercedes,41.0,99.698,29.077,42.71,27.911,HARD,21.0,281.0,258.0,247.0,288.0,43.298,0.284
Singapore,2023,HAM,Mercedes,42.0,99.686,29.128,42.912,27.646,HARD,22.0,283.0,257.0,248.0,288.0,42.73,0.2312
Singapore,2023,HAM,Mercedes,46.0,96.953,28.692,41.25,27.011,MEDIUM,2.0,279.0,263.0,249.0,285.0,42.823,1.1661
Singapore,2023,HAM,Mercedes,47.0,95.867,28.21,40.658,26.999,MEDIUM,3.0,289.0,263.0,248.0,282.0,43.408,1.8012
Singapore,2023,HAM,Mercedes,48.0,96.122,28.497,40.721,26.904,MEDIUM,4.0,291.0,266.0,249.0,285.0,43.415,1.8933
Singapore,2023,HAM,Mercedes,49.0,96.22,28.271,40.864,27.085,MEDIUM,5.0,293.0,265.0,249.0,285.0,43.458,1.5712
Singapore,2023,HAM,Mercedes,50.0,96.462,28.384,40.949,27.129,MEDIUM,6.0,290.0,254.0,249.0,284.0,43.71,0.4108
Singapore,2023,HAM,Mercedes,51.0,96.479,28.478,40.899,27.102,MEDIUM,7.0,291.0,257.0,249.0,286.0,43.269,0.2546
Singapore,2023,HAM,Mercedes,52.0,96.555,28.412,41.18,26.963,MEDIUM,8.0,292.0,261.0,249.0,282.0,43.069,0.1861
Singapore,2023,HAM,Mercedes,53.0,97.698,28.311,41.463,27.924,MEDIUM,9.0,295.0,269.0,246.0,288.0,41.835,0.5813
Singapore,2023,HAM,Mercedes,54.0,97.924,28.85,41.778,27.296,MEDIUM,10.0,314.0,265.0,249.0,305.0,42.944,0.7241
Singapore,2023,HAM,Mercedes,55.0,97.221,28.475,41.57,27.176,MEDIUM,11.0,287.0,262.0,250.0,283.0,43.331,0.653
Singapore,2023,HAM,Mercedes,56.0,96.411,28.315,41.097,26.999,MEDIUM,12.0,294.0,268.0,248.0,284.0,42.602,0.6715
Singapore,2023,HAM,Mercedes,57.0,97.111,28.385,41.477,27.249,MEDIUM,13.0,296.0,254.0,249.0,289.0,43.361,0.5866
Singapore,2023,HAM,Mercedes,58.0,97.982,28.032,42.09,27.86,MEDIUM,14.0,315.0,278.0,251.0,290.0,43.052,0.6485
Singapore,2023,HAM,Mercedes,59.0,100.167,28.586,42.99,28.591,MEDIUM,15.0,316.0,281.0,245.0,306.0,42.351,1.4468
Singapore,2023,HAM,Mercedes,60.0,99.772,28.574,43.307,27.891,MEDIUM,16.0,321.0,279.0,249.0,302.0,42.085,1.6382
Singapore,2023,HAM,Mercedes,61.0,99.096,28.304,42.634,28.158,MEDIUM,17.0,318.0,281.0,249.0,305.0,42.496,1.2669
Singapore,2023,HAM,Mercedes,62.0,99.347,28.765,42.817,27.765,MEDIUM,18.0,317.0,279.0,231.0,304.0,41.901,0.8294
Singapore,2023,HUL,Haas F1 Team,2.0,102.849,29.556,44.665,28.628,MEDIUM,2.0,286.0,260.0,243.0,282.0,42.788,
Singapore,2023,HUL,Haas F1 Team,3.0,101.4,29.278,43.237,28.885,MEDIUM,3.0,311.0,270.0,244.0,282.0,42.785,
Singapore,2023,HUL,Haas F1 Team,4.0,101.256,29.134,43.592,28.53,MEDIUM,4.0,306.0,271.0,245.0,297.0,42.447,0.8811
Singapore,2023,HUL,Haas F1 Team,5.0,101.35,29.162,43.594,28.594,MEDIUM,5.0,308.0,273.0,244.0,298.0,42.456,0.7592
Singapore,2023,HUL,Haas F1 Team,6.0,101.949,29.253,43.93,28.766,MEDIUM,6.0,303.0,266.0,244.0,297.0,42.269,0.6658
Singapore,2023,HUL,Haas F1 Team,7.0,101.117,29.367,43.306,28.444,MEDIUM,7.0,302.0,262.0,244.0,292.0,42.953,0.3177
Singapore,2023,HUL,Haas F1 Team,8.0,100.734,29.106,43.242,28.386,MEDIUM,8.0,291.0,262.0,244.0,288.0,42.676,0.4409
Singapore,2023,HUL,Haas F1 Team,9.0,100.978,29.225,43.399,28.354,MEDIUM,9.0,301.0,267.0,244.0,285.0,42.708,0.4619
Singapore,2023,HUL,Haas F1 Team,10.0,100.633,29.144,43.127,28.362,MEDIUM,10.0,303.0,272.0,244.0,295.0,42.61,0.5212
Singapore,2023,HUL,Haas F1 Team,11.0,100.559,29.027,43.13,28.402,MEDIUM,11.0,306.0,266.0,245.0,295.0,42.662,0.2358
Singapore,2023,HUL,Haas F1 Team,12.0,100.479,29.071,43.108,28.3,MEDIUM,12.0,300.0,268.0,245.0,294.0,42.626,0.1929
Singapore,2023,HUL,Haas F1 Team,13.0,100.783,29.133,43.354,28.296,MEDIUM,13.0,298.0,270.0,244.0,295.0,42.523,0.1978
Singapore,2023,HUL,Haas F1 Team,14.0,100.641,29.151,43.272,28.218,MEDIUM,14.0,308.0,271.0,245.0,296.0,42.485,0.1127
Singapore,2023,HUL,Haas F1 Team,15.0,100.693,29.026,43.305,28.362,MEDIUM,15.0,306.0,269.0,239.0,296.0,42.382,0.1176
Singapore,2023,HUL,Haas F1 Team,16.0,100.789,29.393,43.083,28.313,MEDIUM,16.0,294.0,263.0,243.0,293.0,42.484,0.127
Singapore,2023,HUL,Haas F1 Team,17.0,100.753,29.124,43.362,28.267,MEDIUM,17.0,309.0,270.0,245.0,294.0,42.374,0.0634
Singapore,2023,HUL,Haas F1 Team,18.0,100.877,29.077,43.589,28.211,MEDIUM,18.0,312.0,264.0,245.0,296.0,42.216,0.0905
Singapore,2023,HUL,Haas F1 Team,19.0,101.096,29.106,43.659,28.331,MEDIUM,19.0,305.0,272.0,242.0,296.0,42.262,0.1571
Singapore,2023,HUL,Haas F1 Team,23.0,103.093,29.496,43.996,29.601,HARD,3.0,295.0,261.0,243.0,285.0,42.799,0.9992
Singapore,2023,HUL,Haas F1 Team,24.0,103.044,30.479,43.819,28.746,HARD,4.0,293.0,261.0,242.0,291.0,42.684,1.1895
Singapore,2023,HUL,Haas F1 Team,25.0,101.165,29.186,43.637,28.342,HARD,5.0,303.0,264.0,245.0,281.0,42.692,1.113
Singapore,2023,HUL,Haas F1 Team,26.0,100.93,29.067,43.365,28.498,HARD,6.0,314.0,271.0,245.0,296.0,43.09,1.1015
Singapore,2023,HUL,Haas F1 Team,27.0,100.425,28.978,43.131,28.316,HARD,7.0,307.0,273.0,246.0,297.0,42.667,1.2497
Singapore,2023,HUL,Haas F1 Team,28.0,101.78,29.135,44.158,28.487,HARD,8.0,304.0,262.0,243.0,298.0,42.693,1.0063
Singapore,2023,HUL,Haas F1 Team,29.0,101.57,29.413,43.607,28.55,HARD,9.0,298.0,263.0,242.0,287.0,42.644,0.5349
Singapore,2023,HUL,Haas F1 Team,30.0,100.692,29.38,43.344,27.968,HARD,10.0,300.0,268.0,247.0,287.0,42.768,0.5771
Singapore,2023,HUL,Haas F1 Team,31.0,100.076,28.909,43.188,27.979,HARD,11.0,312.0,276.0,247.0,294.0,42.446,0.7367
Singapore,2023,HUL,Haas F1 Team,32.0,101.038,29.062,43.558,28.418,HARD,12.0,310.0,262.0,242.0,299.0,42.486,0.6853
Singapore,2023,HUL,Haas F1 Team,33.0,100.694,29.301,43.141,28.252,HARD,13.0,296.0,264.0,243.0,284.0,42.707,0.5467
Singapore,2023,HUL,Haas F1 Team,34.0,100.644,29.199,43.251,28.194,HARD,14.0,299.0,267.0,244.0,287.0,42.635,0.347
Singapore,2023,HUL,Haas F1 Team,35.0,101.622,29.282,43.954,28.386,HARD,15.0,300.0,268.0,243.0,287.0,42.157,0.5681
Singapore,2023,HUL,Haas F1 Team,36.0,101.128,29.319,43.398,28.411,HARD,16.0,303.0,273.0,245.0,288.0,42.566,0.3943
Singapore,2023,HUL,Haas F1 Team,37.0,100.482,29.019,43.221,28.242,HARD,17.0,314.0,274.0,246.0,298.0,42.445,0.4623
Singapore,2023,HUL,Haas F1 Team,38.0,101.051,28.84,44.083,28.128,HARD,18.0,315.0,275.0,248.0,299.0,41.797,0.4472
Singapore,2023,HUL,Haas F1 Team,39.0,102.01,28.71,44.559,28.741,HARD,19.0,322.0,270.0,245.0,299.0,41.991,0.5831
Singapore,2023,HUL,Haas F1 Team,40.0,101.257,29.106,43.59,28.561,HARD,20.0,312.0,271.0,246.0,299.0,42.226,0.548
Singapore,2023,HUL,Haas F1 Team,41.0,100.687,28.883,43.475,28.329,HARD,21.0,312.0,265.0,244.0,298.0,42.685,0.5932
Singapore,2023,HUL,Haas F1 Team,42.0,100.523,29.163,43.162,28.198,HARD,22.0,299.0,265.0,245.0,288.0,42.069,0.5828
Singapore,2023,HUL,Haas F1 Team,46.0,100.005,29.119,42.875,28.011,HARD,26.0,296.0,266.0,245.0,286.0,42.398,0.7662
Singapore,2023,HUL,Haas F1 Team,47.0,99.971,28.996,42.983,27.992,HARD,27.0,296.0,265.0,243.0,287.0,42.34,0.5322
Singapore,2023,HUL,Haas F1 Team,48.0,100.789,29.063,42.918,28.808,HARD,28.0,296.0,264.0,240.0,286.0,42.085,0.3837
Singapore,2023,HUL,Haas F1 Team,49.0,100.65,29.227,43.343,28.08,HARD,29.0,297.0,266.0,243.0,286.0,42.35,0.3769
Singapore,2023,HUL,Haas F1 Team,50.0,99.923,29.103,42.925,27.895,HARD,30.0,294.0,265.0,245.0,285.0,42.202,0.4165
Singapore,2023,HUL,Haas F1 Team,51.0,100.729,29.112,43.325,28.292,HARD,31.0,294.0,266.0,244.0,286.0,42.554,0.428
Singapore,2023,HUL,Haas F1 Team,52.0,100.946,29.128,43.266,28.552,HARD,32.0,294.0,266.0,243.0,284.0,42.034,0.3977
Singapore,2023,HUL,Haas F1 Team,53.0,103.808,29.057,46.229,28.522,HARD,33.0,296.0,262.0,242.0,283.0,41.584,1.5017
Singapore,2023,HUL,Haas F1 Team,54.0,101.918,29.426,44.035,28.457,HARD,34.0,293.0,262.0,243.0,284.0,41.999,1.4903
Singapore,2023,HUL,Haas F1 Team,55.0,101.16,29.316,43.511,28.333,HARD,35.0,290.0,261.0,242.0,282.0,41.748,1.2543
Singapore,2023,HUL,Haas F1 Team,56.0,101.285,29.326,43.672,28.287,HARD,36.0,291.0,266.0,243.0,283.0,42.033,1.167
Singapore,2023,HUL,Haas F1 Team,57.0,101.41,29.198,43.865,28.347,HARD,37.0,288.0,266.0,243.0,281.0,41.873,1.0961
Singapore,2023,HUL,Haas F1 Team,58.0,102.177,29.332,44.423,28.422,HARD,38.0,288.0,261.0,244.0,280.0,42.241,0.4366
Singapore,2023,HUL,Haas F1 Team,59.0,101.538,29.232,43.856,28.45,HARD,39.0,294.0,265.0,241.0,285.0,42.005,0.3965
Singapore,2023,HUL,Haas F1 Team,60.0,104.766,31.104,44.972,28.69,HARD,40.0,309.0,265.0,242.0,282.0,41.34,1.4559
Singapore,2023,HUL,Haas F1 Team,61.0,103.503,29.465,44.007,30.031,HARD,41.0,297.0,263.0,243.0,287.0,41.812,1.4317
Singapore,2023,HUL,Haas F1 Team,62.0,103.728,29.397,45.322,29.009,HARD,42.0,297.0,266.0,227.0,300.0,41.715,1.286
Singapore,2023,LAW,AlphaTauri,2.0,102.139,29.845,43.334,28.96,MEDIUM,2.0,277.0,260.0,244.0,277.0,44.32,
Singapore,2023,LAW,AlphaTauri,3.0,101.514,29.54,43.252,28.722,MEDIUM,3.0,298.0,264.0,244.0,282.0,43.718,
Singapore,2023,LAW,AlphaTauri,4.0,101.359,29.356,43.333,28.67,MEDIUM,4.0,289.0,265.0,243.0,288.0,43.965,0.4129
Singapore,2023,LAW,AlphaTauri,5.0,101.351,29.275,43.469,28.607,MEDIUM,5.0,296.0,256.0,243.0,291.0,43.777,0.3731
Singapore,2023,LAW,AlphaTauri,6.0,101.933,29.171,43.905,28.857,MEDIUM,6.0,302.0,254.0,243.0,287.0,43.7,0.3575
Singapore,2023,LAW,AlphaTauri,7.0,101.468,29.56,43.396,28.512,MEDIUM,7.0,278.0,255.0,244.0,287.0,43.859,0.2386
Singapore,2023,LAW,AlphaTauri,8.0,100.893,29.314,42.915,28.664,MEDIUM,8.0,291.0,260.0,243.0,287.0,43.81,0.3708
Singapore,2023,LAW,AlphaTauri,9.0,100.886,29.484,42.967,28.435,MEDIUM,9.0,285.0,257.0,238.0,288.0,43.743,0.4383
Singapore,2023,LAW,AlphaTauri,10.0,100.598,29.639,42.707,28.252,MEDIUM,10.0,287.0,258.0,243.0,283.0,43.776,0.5372
Singapore,2023,LAW,AlphaTauri,11.0,100.824,29.601,42.936,28.287,MEDIUM,11.0,282.0,259.0,242.0,279.0,43.96,0.3218
Singapore,2023,LAW,AlphaTauri,12.0,100.454,29.514,42.736,28.204,MEDIUM,12.0,280.0,258.0,243.0,278.0,43.947,0.1958
Singapore,2023,LAW,AlphaTauri,13.0,100.642,29.525,42.945,28.172,MEDIUM,13.0,280.0,257.0,243.0,279.0,43.853,0.1749
Singapore,2023,LAW,AlphaTauri,14.0,100.676,29.55,42.796,28.33,MEDIUM,14.0,280.0,253.0,242.0,281.0,43.923,0.1337
Singapore,2023,LAW,AlphaTauri,15.0,100.728,29.487,42.997,28.244,MEDIUM,15.0,283.0,259.0,243.0,281.0,43.832,0.1364
Singapore,2023,LAW,AlphaTauri,16.0,100.941,29.503,42.97,28.468,MEDIUM,16.0,281.0,259.0,243.0,282.0,43.613,0.1751
Singapore,2023,LAW,AlphaTauri,17.0,100.94,29.501,43.058,28.381,MEDIUM,17.0,292.0,255.0,243.0,278.0,43.73,0.1449
Singapore,2023,LAW,AlphaTauri,18.0,101.119,29.476,43.197,28.446,MEDIUM,18.0,288.0,259.0,243.0,279.0,43.505,0.1797
Singapore,2023,LAW,AlphaTauri,19.0,101.286,29.739,43.098,28.449,MEDIUM,19.0,292.0,258.0,242.0,277.0,43.713,0.2103
Singapore,2023,LAW,AlphaTauri,23.0,103.523,29.432,44.199,29.892,HARD,3.0,279.0,268.0,233.0,280.0,43.787,1.1057
Singapore,2023,LAW,AlphaTauri,24.0,102.294,30.071,43.461,28.762,HARD,4.0,279.0,246.0,243.0,280.0,43.983,1.0811
Singapore,2023,LAW,AlphaTauri,25.0,101.399,29.399,43.255,28.745,HARD,5.0,293.0,260.0,243.0,277.0,44.278,1.003
Singapore,2023,LAW,AlphaTauri,26.0,100.971,29.468,42.817,28.686,HARD,6.0,294.0,259.0,246.0,288.0,44.168,1.0344
Singapore,2023,LAW,AlphaTauri,27.0,100.231,29.288,42.682,28.261,HARD,7.0,295.0,259.0,247.0,289.0,44.197,1.2703
Singapore,2023,LAW,AlphaTauri,28.0,101.5,29.121,43.635,28.744,HARD,8.0,295.0,265.0,246.0,289.0,43.867,0.7561
Singapore,2023,LAW,AlphaTauri,29.0,101.515,29.267,43.707,28.541,HARD,9.0,297.0,268.0,245.0,292.0,43.795,0.5456
Singapore,2023,LAW,AlphaTauri,30.0,100.999,29.329,43.399,28.271,HARD,10.0,290.0,269.0,246.0,288.0,44.099,0.524
Singapore,2023,LAW,AlphaTauri,31.0,100.44,29.43,42.897,28.113,HARD,11.0,290.0,259.0,243.0,288.0,43.873,0.5917
Singapore,2023,LAW,AlphaTauri,32.0,100.055,29.303,42.614,28.138,HARD,12.0,296.0,261.0,242.0,284.0,44.28,0.6468
Singapore,2023,LAW,AlphaTauri,33.0,100.334,29.354,42.705,28.275,HARD,13.0,279.0,255.0,243.0,279.0,44.346,0.5844
Singapore,2023,LAW,AlphaTauri,34.0,100.953,29.431,43.135,28.387,HARD,14.0,282.0,259.0,244.0,282.0,44.018,0.4085
Singapore,2023,LAW,AlphaTauri,35.0,102.148,29.289,43.976,28.883,HARD,15.0,290.0,266.0,244.0,282.0,44.024,0.8278
Singapore,2023,LAW,AlphaTauri,36.0,101.1,29.486,43.391,28.223,HARD,16.0,305.0,270.0,243.0,285.0,43.384,0.8113
Singapore,2023,LAW,AlphaTauri,37.0,100.797,29.462,43.046,28.289,HARD,17.0,285.0,258.0,238.0,282.0,43.956,0.6695
Singapore,2023,LAW,AlphaTauri,38.0,101.106,29.418,43.526,28.162,HARD,18.0,293.0,261.0,243.0,284.0,43.682,0.5336
Singapore,2023,LAW,AlphaTauri,39.0,101.845,29.299,43.801,28.745,HARD,19.0,296.0,258.0,243.0,281.0,43.79,0.5696
Singapore,2023,LAW,AlphaTauri,40.0,101.182,29.304,43.522,28.356,HARD,20.0,295.0,260.0,244.0,292.0,43.695,0.3865
Singapore,2023,LAW,AlphaTauri,41.0,100.315,29.342,42.916,28.057,HARD,21.0,281.0,261.0,244.0,281.0,43.633,0.5605
Singapore,2023,LAW,AlphaTauri,42.0,100.181,29.261,42.875,28.045,HARD,22.0,287.0,261.0,244.0,282.0,43.877,0.6839
Singapore,2023,LAW,AlphaTauri,46.0,99.132,29.102,42.299,27.731,HARD,26.0,289.0,264.0,245.0,283.0,43.389,1.034
Singapore,2023,LAW,AlphaTauri,47.0,99.028,28.975,42.289,27.764,HARD,27.0,291.0,264.0,245.0,282.0,43.612,0.8975
Singapore,2023,LAW,AlphaTauri,48.0,99.386,29.063,42.405,27.918,HARD,28.0,286.0,261.0,245.0,280.0,43.622,0.6001
Singapore,2023,LAW,AlphaTauri,49.0,99.783,29.077,42.746,27.96,HARD,29.0,284.0,261.0,245.0,281.0,43.09,0.4783
Singapore,2023,LAW,AlphaTauri,50.0,101.093,29.259,42.613,29.221,HARD,30.0,285.0,264.0,245.0,281.0,43.315,0.8395
Singapore,2023,LAW,AlphaTauri,51.0,100.801,29.599,43.139,28.063,HARD,31.0,284.0,260.0,244.0,291.0,43.595,0.8949
Singapore,2023,LAW,AlphaTauri,52.0,99.95,29.196,42.691,28.063,HARD,32.0,282.0,260.0,244.0,279.0,43.651,0.7172
Singapore,2023,LAW,AlphaTauri,53.0,99.996,29.18,42.95,27.866,HARD,33.0,285.0,261.0,246.0,280.0,43.479,0.5829
Singapore,2023,LAW,AlphaTauri,54.0,99.884,29.178,42.755,27.951,HARD,34.0,285.0,261.0,245.0,279.0,42.995,0.5608
Singapore,2023,LAW,AlphaTauri,55.0,99.803,29.176,42.605,28.022,HARD,35.0,285.0,260.0,246.0,279.0,43.074,0.4058
Singapore,2023,LAW,AlphaTauri,56.0,99.962,29.091,42.838,28.033,HARD,36.0,285.0,260.0,247.0,280.0,43.252,0.0765
Singapore,2023,LAW,AlphaTauri,57.0,101.698,29.084,44.099,28.515,HARD,37.0,291.0,260.0,247.0,280.0,43.149,0.8025
Singapore,2023,LAW,AlphaTauri,58.0,101.423,29.155,43.893,28.375,HARD,38.0,291.0,260.0,246.0,278.0,43.286,0.9256
Singapore,2023,LAW,AlphaTauri,59.0,101.91,29.167,44.502,28.241,HARD,39.0,290.0,260.0,247.0,278.0,43.004,0.9995
Singapore,2023,LAW,AlphaTauri,60.0,103.089,29.154,45.526,28.409,HARD,40.0,288.0,260.0,246.0,279.0,43.199,1.122
Singapore,2023,LAW,AlphaTauri,61.0,101.007,29.378,43.266,28.363,HARD,41.0,289.0,263.0,245.0,284.0,42.794,0.7829
Singapore,2023,LAW,AlphaTauri,62.0,102.328,29.513,44.445,28.37,HARD,42.0,278.0,264.0,245.0,283.0,42.628,0.8076
Singapore,2023,LEC,Ferrari,2.0,101.338,29.385,43.571,28.382,SOFT,5.0,277.0,257.0,242.0,276.0,42.303,
Singapore,2023,LEC,Ferrari,3.0,100.752,29.579,42.975,28.198,SOFT,6.0,287.0,260.0,242.0,282.0,42.108,
Singapore,2023,LEC,Ferrari,4.0,100.661,29.427,43.118,28.116,SOFT,7.0,286.0,259.0,244.0,280.0,42.385,0.3674
Singapore,2023,LEC,Ferrari,5.0,100.328,29.405,42.79,28.133,SOFT,8.0,284.0,260.0,246.0,282.0,42.299,0.4204
Singapore,2023,LEC,Ferrari,6.0,100.165,29.169,42.939,28.057,SOFT,9.0,288.0,267.0,244.0,286.0,42.611,0.4535
Singapore,2023,LEC,Ferrari,7.0,100.279,29.182,42.856,28.241,SOFT,10.0,293.0,266.0,244.0,279.0,42.204,0.2551
Singapore,2023,LEC,Ferrari,8.0,100.396,29.261,43.053,28.082,SOFT,11.0,287.0,256.0,245.0,276.0,42.795,0.1853
Singapore,2023,LEC,Ferrari,9.0,99.646,29.019,42.647,27.98,SOFT,12.0,297.0,265.0,246.0,288.0,42.236,0.3009
Singapore,2023,LEC,Ferrari,10.0,100.79,29.327,43.219,28.244,SOFT,13.0,290.0,255.0,245.0,288.0,42.441,0.414
Singapore,2023,LEC,Ferrari,11.0,100.403,29.416,42.914,28.073,SOFT,14.0,281.0,256.0,246.0,277.0,42.084,0.4147
Singapore,2023,LEC,Ferrari,12.0,100.392,29.412,42.933,28.047,SOFT,15.0,286.0,257.0,246.0,279.0,42.335,0.4162
Singapore,2023,LEC,Ferrari,13.0,100.154,29.378,42.608,28.168,SOFT,16.0,286.0,258.0,244.0,279.0,41.897,0.42
Singapore,2023,LEC,Ferrari,14.0,101.622,29.737,43.794,28.091,SOFT,17.0,276.0,258.0,244.0,279.0,41.522,0.5778
Singapore,2023,LEC,Ferrari,15.0,99.613,29.184,42.57,27.859,SOFT,18.0,287.0,258.0,245.0,280.0,41.768,0.7359
Singapore,2023,LEC,Ferrari,16.0,99.625,29.323,42.387,27.915,SOFT,19.0,285.0,256.0,245.0,278.0,42.281,0.8221
Singapore,2023,LEC,Ferrari,17.0,99.8,29.24,42.617,27.943,SOFT,20.0,287.0,258.0,246.0,279.0,41.756,0.8445
Singapore,2023,LEC,Ferrari,18.0,99.613,29.146,42.417,28.05,SOFT,21.0,287.0,258.0,243.0,280.0,41.035,0.8798
Singapore,2023,LEC,Ferrari,19.0,100.236,29.177,42.503,28.556,SOFT,22.0,287.0,259.0,243.0,279.0,41.463,0.2684
Singapore,2023,LEC,Ferrari,23.0,103.955,29.559,44.934,29.462,HARD,3.0,295.0,264.0,243.0,286.0,41.852,1.867
Singapore,2023,LEC,Ferrari,24.0,102.668,29.994,44.294,28.38,HARD,4.0,293.0,258.0,247.0,283.0,42.004,1.9454
Singapore,2023,LEC,Ferrari,25.0,99.748,28.864,42.77,28.114,HARD,5.0,314.0,254.0,245.0,280.0,42.219,1.9552
Singapore,2023,LEC,Ferrari,26.0,99.892,29.148,42.809,27.935,HARD,6.0,293.0,262.0,247.0,283.0,42.307,1.9002
Singapore,2023,LEC,Ferrari,27.0,99.899,29.015,42.773,28.111,HARD,7.0,292.0,264.0,248.0,283.0,42.112,1.9527
Singapore,2023,LEC,Ferrari,28.0,99.562,28.824,42.838,27.9,HARD,8.0,307.0,259.0,245.0,287.0,41.786,1.3009
Singapore,2023,LEC,Ferrari,29.0,99.683,29.066,42.62,27.997,HARD,9.0,289.0,256.0,245.0,279.0,41.928,0.1432
Singapore,2023,LEC,Ferrari,30.0,99.208,28.99,42.379,27.839,HARD,10.0,289.0,260.0,247.0,280.0,42.141,0.2849
Singapore,2023,LEC,Ferrari,31.0,99.433,28.989,42.602,27.842,HARD,11.0,291.0,260.0,247.0,281.0,41.618,0.2598
Singapore,2023,LEC,Ferrari,32.0,99.391,29.151,42.472,27.768,HARD,12.0,291.0,259.0,248.0,282.0,41.961,0.1796
Singapore,2023,LEC,Ferrari,33.0,99.485,28.871,42.711,27.903,HARD,13.0,291.0,260.0,247.0,283.0,41.99,0.1713
Singapore,2023,LEC,Ferrari,34.0,99.518,28.996,42.726,27.796,HARD,14.0,290.0,260.0,246.0,282.0,41.901,0.1214
Singapore,2023,LEC,Ferrari,35.0,99.747,29.038,42.818,27.891,HARD,15.0,291.0,261.0,246.0,282.0,41.595,0.1386
Singapore,2023,LEC,Ferrari,36.0,99.443,29.002,42.521,27.92,HARD,16.0,288.0,263.0,247.0,284.0,42.551,0.1372
Singapore,2023,LEC,Ferrari,37.0,99.639,28.973,42.785,27.881,HARD,17.0,289.0,262.0,248.0,281.0,42.456,0.1246
Singapore,2023,LEC,Ferrari,38.0,99.946,28.986,42.897,28.063,HARD,18.0,295.0,264.0,245.0,284.0,41.803,0.1981
Singapore,2023,LEC,Ferrari,39.0,99.448,28.98,42.651,27.817,HARD,19.0,293.0,262.0,248.0,284.0,41.577,0.2125
Singapore,2023,LEC,Ferrari,40.0,99.557,28.918,42.57,28.069,HARD,20.0,291.0,261.0,247.0,282.0,41.624,0.2065
Singapore,2023,LEC,Ferrari,41.0,99.368,28.846,42.605,27.917,HARD,21.0,294.0,264.0,248.0,285.0,41.865,0.2234
Singapore,2023,LEC,Ferrari,42.0,99.888,29.058,42.82,28.01,HARD,22.0,293.0,263.0,247.0,285.0,42.064,0.2612
Singapore,2023,LEC,Ferrari,46.0,98.275,28.631,42.111,27.533,HARD,26.0,294.0,265.0,248.0,286.0,41.236,0.6101
Singapore,2023,LEC,Ferrari,47.0,98.403,28.714,42.182,27.507,HARD,27.0,295.0,266.0,248.0,287.0,41.22,0.719
Singapore,2023,LEC,Ferrari,48.0,98.496,28.721,42.114,27.661,HARD,28.0,291.0,263.0,247.0,284.0,40.988,0.7062
Singapore,2023,LEC,Ferrari,49.0,98.453,28.699,42.139,27.615,HARD,29.0,293.0,265.0,247.0,286.0,41.177,0.6676
Singapore,2023,LEC,Ferrari,50.0,98.439,28.564,42.192,27.683,HARD,30.0,295.0,266.0,247.0,287.0,41.137,0.0841
Singapore,2023,LEC,Ferrari,51.0,98.803,28.777,42.351,27.675,HARD,31.0,294.0,266.0,247.0,287.0,41.153,0.1623
Singapore,2023,LEC,Ferrari,52.0,98.848,28.68,42.417,27.751,HARD,32.0,296.0,266.0,247.0,288.0,40.615,0.2005
Singapore,2023,LEC,Ferrari,53.0,100.213,28.704,42.508,29.001,HARD,33.0,294.0,267.0,247.0,286.0,40.688,0.7306
Singapore,2023,LEC,Ferrari,54.0,101.831,29.18,44.211,28.44,HARD,34.0,298.0,266.0,242.0,299.0,40.641,1.4052
Singapore,2023,LEC,Ferrari,55.0,100.617,29.288,43.125,28.204,HARD,35.0,291.0,264.0,243.0,285.0,41.823,1.2766
Singapore,2023,LEC,Ferrari,56.0,100.298,29.131,43.093,28.074,HARD,36.0,289.0,262.0,244.0,282.0,41.624,1.0655
Singapore,2023,LEC,Ferrari,57.0,100.043,29.15,42.839,28.054,HARD,37.0,287.0,260.0,244.0,280.0,41.406,0.7188
Singapore,2023,LEC,Ferrari,58.0,100.222,29.122,42.979,28.121,HARD,38.0,287.0,259.0,243.0,280.0,40.967,0.7176
Singapore,2023,LEC,Ferrari,59.0,100.545,29.21,43.231,28.104,HARD,39.0,287.0,261.0,245.0,280.0,40.881,0.2359
Singapore,2023,LEC,Ferrari,60.0,100.105,29.103,42.973,28.029,HARD,40.0,286.0,261.0,245.0,280.0,40.814,0.196
Singapore,2023,LEC,Ferrari,61.0,100.615,29.209,43.132,28.274,HARD,41.0,287.0,261.0,244.0,280.0,40.931,0.2594
Singapore,2023,LEC,Ferrari,62.0,100.946,29.131,43.503,28.312,HARD,42.0,287.0,261.0,244.0,280.0,40.67,0.3341
Singapore,2023,MAG,Haas F1 Team,2.0,102.668,29.84,43.97,28.858,MEDIUM,2.0,287.0,260.0,244.0,281.0,41.823,
Singapore,2023,MAG,Haas F1 Team,3.0,101.539,29.207,43.584,28.748,MEDIUM,3.0,302.0,273.0,242.0,283.0,42.502,
Singapore,2023,MAG,Haas F1 Team,4.0,101.004,29.34,43.206,28.458,MEDIUM,4.0,296.0,273.0,245.0,285.0,42.049,0.8495
Singapore,2023,MAG,Haas F1 Team,5.0,101.469,29.26,43.569,28.64,MEDIUM,5.0,301.0,275.0,239.0,297.0,41.912,0.7064
Singapore,2023,MAG,Haas F1 Team,6.0,102.626,29.531,43.645,29.45,MEDIUM,6.0,297.0,264.0,245.0,295.0,42.556,0.7464
Singapore,2023,MAG,Haas F1 Team,7.0,100.834,29.249,43.169,28.416,MEDIUM,7.0,302.0,262.0,243.0,294.0,42.815,0.7
Singapore,2023,MAG,Haas F1 Team,8.0,100.63,29.431,42.799,28.4,MEDIUM,8.0,290.0,262.0,243.0,284.0,42.972,0.7968
Singapore,2023,MAG,Haas F1 Team,9.0,100.995,29.576,43.013,28.406,MEDIUM,9.0,291.0,260.0,242.0,283.0,42.96,0.7977
Singapore,2023,MAG,Haas F1 Team,10.0,100.504,29.373,42.77,28.361,MEDIUM,10.0,289.0,259.0,245.0,282.0,42.589,0.8639
Singapore,2023,MAG,Haas F1 Team,11.0,100.415,29.47,42.694,28.251,MEDIUM,11.0,292.0,261.0,244.0,284.0,42.484,0.238
Singapore,2023,MAG,Haas F1 Team,12.0,100.705,29.42,42.962,28.323,MEDIUM,12.0,289.0,260.0,243.0,283.0,42.545,0.223
Singapore,2023,MAG,Haas F1 Team,13.0,100.828,29.453,42.993,28.382,MEDIUM,13.0,290.0,260.0,241.0,283.0,42.577,0.2359
Singapore,2023,MAG,Haas F1 Team,14.0,100.515,29.411,42.843,28.261,MEDIUM,14.0,291.0,263.0,244.0,284.0,42.91,0.1684
Singapore,2023,MAG,Haas F1 Team,15.0,100.598,29.339,42.949,28.31,MEDIUM,15.0,291.0,261.0,241.0,283.0,42.324,0.161
Singapore,2023,MAG,Haas F1 Team,16.0,100.671,29.415,42.973,28.283,MEDIUM,16.0,291.0,261.0,244.0,282.0,43.083,0.1175
Singapore,2023,MAG,Haas F1 Team,17.0,100.859,29.47,43.047,28.342,MEDIUM,17.0,290.0,261.0,242.0,282.0,42.7,0.1475
Singapore,2023,MAG,Haas F1 Team,18.0,100.993,29.461,43.07,28.462,MEDIUM,18.0,292.0,261.0,242.0,282.0,42.927,0.1955
Singapore,2023,MAG,Haas F1 Team,19.0,101.007,29.405,43.214,28.388,MEDIUM,19.0,291.0,261.0,241.0,282.0,43.125,0.1856
Singapore,2023,MAG,Haas F1 Team,23.0,103.438,29.478,44.367,29.593,HARD,3.0,301.0,273.0,244.0,288.0,42.624,1.1508
Singapore,2023,MAG,Haas F1 Team,24.0,102.343,29.425,44.113,28.805,HARD,4.0,294.0,266.0,245.0,286.0,43.204,1.1311
Singapore,2023,MAG,Haas F1 Team,25.0,101.109,29.159,43.294,28.656,HARD,5.0,311.0,267.0,245.0,284.0,42.505,1.0878
Singapore,2023,MAG,Haas F1 Team,26.0,100.851,28.832,43.62,28.399,HARD,6.0,311.0,271.0,249.0,296.0,43.086,1.1149
Singapore,2023,MAG,Haas F1 Team,27.0,100.481,28.932,43.127,28.422,HARD,7.0,311.0,270.0,246.0,297.0,43.134,1.2222
Singapore,2023,MAG,Haas F1 Team,28.0,101.579,28.754,44.107,28.718,HARD,8.0,313.0,274.0,248.0,297.0,42.819,0.7195
Singapore,2023,MAG,Haas F1 Team,29.0,101.565,28.947,44.117,28.501,HARD,9.0,309.0,268.0,246.0,297.0,42.717,0.4716
Singapore,2023,MAG,Haas F1 Team,30.0,100.224,28.94,43.067,28.217,HARD,10.0,309.0,271.0,248.0,299.0,42.65,0.6185
Singapore,2023,MAG,Haas F1 Team,31.0,100.03,28.827,42.835,28.368,HARD,11.0,309.0,271.0,246.0,299.0,43.108,0.7442
Singapore,2023,MAG,Haas F1 Team,32.0,100.464,29.003,43.21,28.251,HARD,12.0,307.0,272.0,245.0,298.0,42.439,0.746
Singapore,2023,MAG,Haas F1 Team,33.0,100.096,29.125,42.876,28.095,HARD,13.0,297.0,266.0,245.0,286.0,42.624,0.631
Singapore,2023,MAG,Haas F1 Team,34.0,101.291,29.244,43.783,28.264,HARD,14.0,294.0,264.0,246.0,283.0,42.753,0.5138
Singapore,2023,MAG,Haas F1 Team,35.0,102.612,29.304,44.875,28.433,HARD,15.0,294.0,262.0,245.0,284.0,42.24,1.0813
Singapore,2023,MAG,Haas F1 Team,36.0,108.13,29.792,48.45,29.888,HARD,16.0,296.0,264.0,244.0,283.0,41.891,3.2823
Singapore,2023,MAG,Haas F1 Team,37.0,102.352,29.737,44.053,28.562,HARD,17.0,290.0,260.0,243.0,294.0,42.388,3.0898
Singapore,2023,MAG,Haas F1 Team,38.0,101.591,29.816,43.456,28.319,HARD,18.0,290.0,264.0,243.0,286.0,42.601,2.8108
Singapore,2023,MAG,Haas F1 Team,39.0,101.934,29.697,43.661,28.576,HARD,19.0,292.0,262.0,242.0,284.0,42.781,2.715
Singapore,2023,MAG,Haas F1 Team,40.0,101.757,29.581,43.648,28.528,HARD,20.0,289.0,263.0,245.0,285.0,42.504,2.7967
Singapore,2023,MAG,Haas F1 Team,41.0,101.307,29.399,43.409,28.499,HARD,21.0,292.0,264.0,242.0,286.0,42.394,0.3907
Singapore,2023,MAG,Haas F1 Team,42.0,100.956,29.316,43.192,28.448,HARD,22.0,291.0,263.0,244.0,283.0,42.581,0.3858
Singapore,2023,MAG,Haas F1 Team,45.0,99.787,28.948,42.762,28.077,SOFT,5.0,286.0,265.0,242.0,284.0,41.98,0.8519
Singapore,2023,MAG,Haas F1 Team,46.0,100.988,30.011,42.549,28.428,SOFT,6.0,284.0,265.0,238.0,284.0,41.772,0.7301
Singapore,2023,MAG,Haas F1 Team,47.0,99.742,29.313,42.632,27.797,SOFT,7.0,291.0,263.0,248.0,284.0,42.571,0.7356
Singapore,2023,MAG,Haas F1 Team,48.0,98.107,28.655,41.834,27.618,SOFT,8.0,292.0,265.0,247.0,286.0,42.694,1.1779
Singapore,2023,MAG,Haas F1 Team,49.0,98.367,28.993,41.818,27.556,SOFT,9.0,288.0,262.0,249.0,283.0,42.832,1.1755
Singapore,2023,MAG,Haas F1 Team,50.0,98.28,28.817,41.853,27.61,SOFT,10.0,289.0,263.0,249.0,283.0,42.392,1.2422
Singapore,2023,MAG,Haas F1 Team,51.0,98.215,28.778,41.822,27.615,SOFT,11.0,290.0,264.0,248.0,283.0,42.555,0.6774
Singapore,2023,MAG,Haas F1 Team,52.0,98.407,28.805,42.065,27.537,SOFT,12.0,289.0,263.0,248.0,283.0,42.524,0.1201
Singapore,2023,MAG,Haas F1 Team,53.0,98.693,28.866,42.207,27.62,SOFT,13.0,290.0,264.0,247.0,283.0,42.91,0.1839
Singapore,2023,MAG,Haas F1 Team,54.0,98.495,28.954,41.955,27.586,SOFT,14.0,290.0,264.0,247.0,283.0,43.098,0.1884
Singapore,2023,MAG,Haas F1 Team,55.0,98.29,28.8,41.958,27.532,SOFT,15.0,291.0,264.0,248.0,283.0,42.966,0.1866
Singapore,2023,MAG,Haas F1 Team,56.0,98.567,28.856,42.026,27.685,SOFT,16.0,294.0,267.0,246.0,287.0,42.678,0.1533
Singapore,2023,MAG,Haas F1 Team,57.0,98.954,28.829,42.325,27.8,SOFT,17.0,296.0,266.0,248.0,287.0,42.95,0.2461
Singapore,2023,MAG,Haas F1 Team,58.0,102.141,28.691,44.895,28.555,SOFT,18.0,308.0,277.0,249.0,289.0,42.795,1.6121
Singapore,2023,MAG,Haas F1 Team,59.0,100.398,29.846,42.469,28.083,SOFT,19.0,312.0,269.0,250.0,303.0,42.547,1.6023
Singapore,2023,MAG,Haas F1 Team,60.0,99.695,29.566,42.491,27.638,SOFT,20.0,292.0,266.0,248.0,297.0,42.611,1.4116
Singapore,2023,MAG,Haas F1 Team,61.0,98.445,28.753,42.183,27.509,SOFT,21.0,293.0,267.0,249.0,287.0,42.964,1.4423
Singapore,2023,MAG,Haas F1 Team,62.0,99.418,28.828,42.823,27.767,SOFT,22.0,294.0,267.0,246.0,287.0,43.071,1.3775
Singapore,2023,NOR,McLaren,2.0,101.826,29.585,43.945,28.296,MEDIUM,2.0,286.0,264.0,245.0,285.0,43.636,
Singapore,2023,NOR,McLaren,3.0,101.124,29.106,43.583,28.435,MEDIUM,3.0,293.0,273.0,243.0,276.0,43.488,
Singapore,2023,NOR,McLaren,4.0,101.678,29.17,43.643,28.865,MEDIUM,4.0,292.0,273.0,247.0,291.0,43.723,0.3701
Singapore,2023,NOR,McLaren,5.0,100.285,29.252,42.811,28.222,MEDIUM,5.0,279.0,257.0,244.0,279.0,43.862,0.6977
Singapore,2023,NOR,McLaren,6.0,99.992,29.381,42.659,27.952,MEDIUM,6.0,275.0,257.0,243.0,276.0,43.172,0.819
Singapore,2023,NOR,McLaren,7.0,99.972,29.227,42.587,28.158,MEDIUM,7.0,273.0,263.0,243.0,285.0,43.451,0.7582
Singapore,2023,NOR,McLaren,8.0,100.301,29.356,42.773,28.172,MEDIUM,8.0,276.0,263.0,245.0,284.0,43.257,0.7063
Singapore,2023,NOR,McLaren,9.0,100.13,29.284,42.752,28.094,MEDIUM,9.0,277.0,263.0,244.0,286.0,43.359,0.1558
Singapore,2023,NOR,McLaren,10.0,99.974,29.159,42.708,28.107,MEDIUM,10.0,275.0,264.0,245.0,286.0,43.46,0.143
Singapore,2023,NOR,McLaren,11.0,100.355,29.404,42.912,28.039,MEDIUM,11.0,274.0,263.0,244.0,285.0,43.239,0.1788
Singapore,2023,NOR,McLaren,12.0,100.466,29.442,43.004,28.02,MEDIUM,12.0,286.0,262.0,246.0,274.0,42.967,0.1941
Singapore,2023,NOR,McLaren,13.0,100.372,29.334,42.962,28.076,MEDIUM,13.0,277.0,263.0,245.0,284.0,43.518,0.2017
Singapore,2023,NOR,McLaren,14.0,100.421,29.233,42.914,28.274,MEDIUM,14.0,281.0,263.0,246.0,285.0,43.558,0.1969
Singapore,2023,NOR,McLaren,15.0,100.247,28.89,43.203,28.154,MEDIUM,15.0,287.0,267.0,243.0,290.0,43.332,0.0824
Singapore,2023,NOR,McLaren,16.0,100.342,29.325,43.123,27.894,MEDIUM,16.0,282.0,265.0,245.0,296.0,42.862,0.0833
Singapore,2023,NOR,McLaren,17.0,100.024,29.204,42.904,27.916,MEDIUM,17.0,280.0,264.0,246.0,287.0,43.288,0.1572
Singapore,2023,NOR,McLaren,18.0,99.693,29.255,42.625,27.813,MEDIUM,18.0,284.0,264.0,246.0,285.0,43.328,0.2934
Singapore,2023,NOR,McLaren,19.0,99.88,29.119,42.794,27.967,MEDIUM,19.0,283.0,265.0,244.0,285.0,43.293,0.2647
Singapore,2023,NOR,McLaren,23.0,102.789,29.34,44.449,29.0,HARD,3.0,297.0,269.0,244.0,286.0,43.467,1.2764
Singapore,2023,NOR,McLaren,24.0,100.32,29.515,42.757,28.048,HARD,4.0,288.0,273.0,245.0,277.0,43.411,1.2773
Singapore,2023,NOR,McLaren,25.0,100.24,29.092,42.849,28.299,HARD,5.0,283.0,263.0,240.0,276.0,42.914,1.2589
Singapore,2023,NOR,McLaren,26.0,99.484,29.22,42.244,28.02,HARD,6.0,282.0,262.0,243.0,285.0,43.16,1.2988
Singapore,2023,NOR,McLaren,27.0,99.406,29.037,42.218,28.151,HARD,7.0,281.0,265.0,242.0,284.0,42.867,1.3743
Singapore,2023,NOR,McLaren,28.0,100.267,29.005,42.994,28.268,HARD,8.0,270.0,266.0,243.0,286.0,43.255,0.4567
Singapore,2023,NOR,McLaren,29.0,100.097,29.109,42.798,28.19,HARD,9.0,274.0,264.0,244.0,281.0,43.144,0.4202
Singapore,2023,NOR,McLaren,30.0,99.736,29.07,42.852,27.814,HARD,10.0,277.0,271.0,248.0,282.0,43.054,0.376
Singapore,2023,NOR,McLaren,31.0,99.367,28.609,42.715,28.043,HARD,11.0,287.0,274.0,249.0,289.0,43.214,0.4031
Singapore,2023,NOR,McLaren,32.0,99.291,28.588,42.707,27.996,HARD,12.0,298.0,276.0,249.0,298.0,42.975,0.4316
Singapore,2023,NOR,McLaren,33.0,99.663,28.629,43.15,27.884,HARD,13.0,288.0,269.0,248.0,293.0,42.441,0.3219
Singapore,2023,NOR,McLaren,34.0,100.06,29.058,42.986,28.016,HARD,14.0,277.0,264.0,246.0,285.0,42.941,0.3087
Singapore,2023,NOR,McLaren,35.0,99.701,28.836,43.027,27.838,HARD,15.0,285.0,273.0,249.0,288.0,42.43,0.3059
Singapore,2023,NOR,McLaren,36.0,99.462,28.668,42.955,27.839,HARD,16.0,298.0,273.0,248.0,292.0,43.046,0.289
Singapore,2023,NOR,McLaren,37.0,99.838,28.727,43.204,27.907,HARD,17.0,286.0,274.0,247.0,293.0,42.444,0.2217
Singapore,2023,NOR,McLaren,38.0,99.72,28.743,43.017,27.96,HARD,18.0,281.0,271.0,249.0,291.0,42.664,0.2179
Singapore,2023,NOR,McLaren,39.0,99.271,28.872,42.701,27.698,HARD,19.0,287.0,269.0,249.0,293.0,43.181,0.2283
Singapore,2023,NOR,McLaren,40.0,99.346,28.9,42.66,27.786,HARD,20.0,282.0,268.0,247.0,290.0,42.823,0.2432
Singapore,2023,NOR,McLaren,41.0,99.662,28.828,43.002,27.832,HARD,21.0,284.0,273.0,250.0,290.0,42.492,0.2461
Singapore,2023,NOR,McLaren,42.0,99.606,28.539,43.082,27.985,HARD,22.0,290.0,273.0,247.0,302.0,42.869,0.1999
Singapore,2023,NOR,McLaren,43.0,99.56,28.698,43.016,27.846,HARD,23.0,303.0,278.0,245.0,293.0,42.386,0.1708
Singapore,2023,NOR,McLaren,46.0,98.046,28.63,41.946,27.47,HARD,26.0,294.0,267.0,250.0,288.0,43.395,0.6803
Singapore,2023,NOR,McLaren,47.0,98.157,28.735,41.953,27.469,HARD,27.0,294.0,267.0,250.0,288.0,43.103,0.8276
Singapore,2023,NOR,McLaren,48.0,98.049,28.533,42.103,27.413,HARD,28.0,294.0,267.0,251.0,289.0,43.233,0.8224
Singapore,2023,NOR,McLaren,49.0,98.173,28.599,42.125,27.449,HARD,29.0,291.0,268.0,250.0,283.0,42.883,0.6528
Singapore,2023,NOR,McLaren,50.0,98.148,28.612,42.099,27.437,HARD,30.0,294.0,268.0,250.0,284.0,43.295,0.0619
Singapore,2023,NOR,McLaren,51.0,98.124,28.645,42.127,27.352,HARD,31.0,293.0,268.0,251.0,289.0,42.757,0.0487
Singapore,2023,NOR,McLaren,52.0,98.25,28.643,42.184,27.423,HARD,32.0,293.0,268.0,251.0,287.0,42.732,0.0731
Singapore,2023,NOR,McLaren,53.0,98.392,28.627,42.363,27.402,HARD,33.0,295.0,268.0,252.0,287.0,42.69,0.1085
Singapore,2023,NOR,McLaren,54.0,98.423,28.527,42.573,27.323,HARD,34.0,294.0,268.0,250.0,290.0,42.702,0.1368
Singapore,2023,NOR,McLaren,55.0,98.492,28.668,42.352,27.472,HARD,35.0,294.0,268.0,251.0,288.0,43.039,0.1478
Singapore,2023,NOR,McLaren,56.0,98.473,28.621,42.432,27.42,HARD,36.0,295.0,269.0,251.0,290.0,42.269,0.0958
Singapore,2023,NOR,McLaren,57.0,98.617,28.586,42.495,27.536,HARD,37.0,296.0,268.0,252.0,290.0,42.578,0.0865
Singapore,2023,NOR,McLaren,58.0,99.16,28.336,42.982,27.842,HARD,38.0,302.0,277.0,251.0,301.0,42.538,0.3031
Singapore,2023,NOR,McLaren,59.0,100.416,28.455,43.419,28.542,HARD,39.0,311.0,276.0,251.0,300.0,42.374,0.8228
Singapore,2023,NOR,McLaren,60.0,99.396,28.601,43.047,27.748,HARD,40.0,312.0,276.0,252.0,286.0,42.341,0.7724
Singapore,2023,NOR,McLaren,61.0,99.51,28.374,43.062,28.074,HARD,41.0,312.0,277.0,251.0,301.0,42.528,0.6544
Singapore,2023,NOR,McLaren,62.0,99.677,28.523,43.224,27.93,HARD,42.0,313.0,278.0,248.0,289.0,42.457,0.477
Singapore,2023,OCO,Alpine,2.0,102.401,29.763,43.941,28.697,MEDIUM,2.0,283.0,250.0,243.0,275.0,42.946,
Singapore,2023,OCO,Alpine,3.0,101.196,29.277,43.371,28.548,MEDIUM,3.0,298.0,269.0,244.0,275.0,43.488,
Singapore,2023,OCO,Alpine,4.0,101.375,29.381,43.437,28.557,MEDIUM,4.0,297.0,262.0,242.0,286.0,42.559,0.6502
Singapore,2023,OCO,Alpine,5.0,101.329,29.399,43.551,28.379,MEDIUM,5.0,297.0,265.0,245.0,288.0,42.695,0.5557
Singapore,2023,OCO,Alpine,6.0,100.908,29.166,43.306,28.436,MEDIUM,6.0,293.0,257.0,244.0,290.0,43.253,0.5663
Singapore,2023,OCO,Alpine,7.0,100.732,29.161,43.281,28.29,MEDIUM,7.0,293.0,263.0,244.0,287.0,42.794,0.2781
Singapore,2023,OCO,Alpine,8.0,100.339,29.114,42.991,28.234,MEDIUM,8.0,294.0,265.0,244.0,289.0,43.004,0.4318
Singapore,2023,OCO,Alpine,9.0,100.343,29.059,43.002,28.282,MEDIUM,9.0,300.0,264.0,244.0,289.0,43.202,0.4163
Singapore,2023,OCO,Alpine,10.0,100.689,29.193,43.144,28.352,MEDIUM,10.0,294.0,266.0,244.0,289.0,42.849,0.2522
Singapore,2023,OCO,Alpine,11.0,100.085,29.109,43.039,27.937,MEDIUM,11.0,293.0,260.0,245.0,287.0,42.991,0.2706
Singapore,2023,OCO,Alpine,12.0,100.388,29.134,42.975,28.279,MEDIUM,12.0,292.0,265.0,245.0,288.0,42.689,0.2151
Singapore,2023,OCO,Alpine,13.0,100.562,29.216,43.112,28.234,MEDIUM,13.0,294.0,264.0,246.0,289.0,43.194,0.2299
Singapore,2023,OCO,Alpine,14.0,100.247,29.171,43.14,27.936,MEDIUM,14.0,294.0,259.0,246.0,289.0,42.949,0.241
Singapore,2023,OCO,Alpine,15.0,100.353,29.129,43.154,28.07,MEDIUM,15.0,296.0,259.0,244.0,290.0,42.922,0.1765
Singapore,2023,OCO,Alpine,16.0,100.387,29.311,43.083,27.993,MEDIUM,16.0,288.0,259.0,245.0,282.0,43.331,0.1133
Singapore,2023,OCO,Alpine,17.0,100.575,29.296,43.139,28.14,MEDIUM,17.0,288.0,259.0,243.0,281.0,42.851,0.1411
Singapore,2023,OCO,Alpine,18.0,100.423,29.346,43.028,28.049,MEDIUM,18.0,289.0,259.0,244.0,280.0,43.069,0.1193
Singapore,2023,OCO,Alpine,19.0,100.49,29.282,43.045,28.163,MEDIUM,19.0,288.0,259.0,245.0,280.0,42.974,0.0884
Singapore,2023,OCO,Alpine,23.0,103.254,29.478,44.62,29.156,HARD,3.0,282.0,263.0,243.0,287.0,43.145,1.2477
Singapore,2023,OCO,Alpine,24.0,103.091,30.054,44.422,28.615,HARD,4.0,283.0,264.0,245.0,278.0,42.994,1.4681
Singapore,2023,OCO,Alpine,25.0,100.895,29.075,43.408,28.412,HARD,5.0,299.0,266.0,246.0,283.0,43.123,1.4203
Singapore,2023,OCO,Alpine,26.0,100.885,28.715,44.005,28.165,HARD,6.0,296.0,269.0,248.0,291.0,42.903,1.3345
Singapore,2023,OCO,Alpine,27.0,100.376,28.965,43.284,28.127,HARD,7.0,303.0,269.0,249.0,293.0,43.075,1.3615
Singapore,2023,OCO,Alpine,28.0,101.755,29.001,44.245,28.509,HARD,8.0,300.0,267.0,247.0,292.0,42.677,1.067
Singapore,2023,OCO,Alpine,29.0,101.534,28.758,44.482,28.294,HARD,9.0,323.0,267.0,248.0,292.0,42.532,0.5543
Singapore,2023,OCO,Alpine,30.0,100.04,28.945,43.126,27.969,HARD,10.0,298.0,266.0,249.0,291.0,42.913,0.7324
Singapore,2023,OCO,Alpine,31.0,100.043,29.005,42.959,28.079,HARD,11.0,298.0,268.0,246.0,291.0,42.75,0.8319
Singapore,2023,OCO,Alpine,32.0,100.362,29.109,43.168,28.085,HARD,12.0,293.0,268.0,248.0,292.0,42.68,0.8335
Singapore,2023,OCO,Alpine,33.0,99.93,28.957,43.029,27.944,HARD,13.0,293.0,269.0,246.0,292.0,42.925,0.664
Singapore,2023,OCO,Alpine,34.0,100.303,29.053,43.079,28.171,HARD,14.0,292.0,268.0,248.0,284.0,42.908,0.1866
Singapore,2023,OCO,Alpine,35.0,100.541,29.092,43.328,28.121,HARD,15.0,297.0,270.0,248.0,294.0,42.884,0.2471
Singapore,2023,OCO,Alpine,36.0,101.211,29.002,43.737,28.472,HARD,16.0,303.0,268.0,248.0,294.0,42.867,0.4704
Singapore,2023,OCO,Alpine,37.0,102.599,29.107,45.169,28.323,HARD,17.0,294.0,268.0,248.0,295.0,41.81,1.0498
Singapore,2023,OCO,Alpine,38.0,101.319,29.312,43.674,28.333,HARD,18.0,296.0,268.0,249.0,292.0,42.697,0.8959
Singapore,2023,OCO,Alpine,39.0,100.875,29.125,43.817,27.933,HARD,19.0,308.0,258.0,248.0,292.0,42.595,0.7829
Singapore,2023,OCO,Alpine,40.0,99.931,29.04,42.982,27.909,HARD,20.0,284.0,258.0,249.0,280.0,43.295,0.96
Singapore,2023,OCO,Alpine,41.0,100.064,29.084,42.962,28.018,HARD,21.0,283.0,258.0,247.0,280.0,42.849,1.0821
Singapore,2023,OCO,Alpine,42.0,99.995,29.075,42.846,28.074,HARD,22.0,284.0,258.0,216.0,280.0,42.84,0.6246
Singapore,2023,PER,Red Bull Racing,2.0,102.009,29.751,43.405,28.853,HARD,2.0,294.0,265.0,242.0,285.0,44.183,
Singapore,2023,PER,Red Bull Racing,3.0,101.622,29.517,43.509,28.596,HARD,3.0,312.0,269.0,242.0,283.0,43.974,
Singapore,2023,PER,Red Bull Racing,4.0,101.354,29.23,43.438,28.686,HARD,4.0,310.0,268.0,242.0,297.0,43.702,0.3293
Singapore,2023,PER,Red Bull Racing,5.0,101.331,29.183,43.475,28.673,HARD,5.0,301.0,264.0,245.0,295.0,44.376,0.3156
Singapore,2023,PER,Red Bull Racing,6.0,103.147,29.253,44.035,29.859,HARD,6.0,309.0,269.0,234.0,296.0,43.561,0.7526
Singapore,2023,PER,Red Bull Racing,7.0,101.353,29.907,43.064,28.382,HARD,7.0,291.0,251.0,242.0,280.0,43.622,0.7838
Singapore,2023,PER,Red Bull Racing,8.0,100.556,29.459,42.772,28.325,HARD,8.0,283.0,257.0,242.0,281.0,44.043,0.957
Singapore,2023,PER,Red Bull Racing,9.0,100.694,29.46,43.002,28.232,HARD,9.0,288.0,260.0,244.0,284.0,43.675,1.033
Singapore,2023,PER,Red Bull Racing,10.0,100.643,29.403,43.042,28.198,HARD,10.0,284.0,260.0,243.0,285.0,43.832,1.0914
Singapore,2023,PER,Red Bull Racing,11.0,100.693,29.483,42.779,28.431,HARD,11.0,291.0,260.0,240.0,281.0,43.754,0.3209
Singapore,2023,PER,Red Bull Racing,12.0,100.715,29.118,43.179,28.418,HARD,12.0,305.0,259.0,237.0,294.0,43.696,0.064
Singapore,2023,PER,Red Bull Racing,13.0,100.843,29.487,43.075,28.281,HARD,13.0,292.0,262.0,241.0,284.0,43.417,0.0749
Singapore,2023,PER,Red Bull Racing,14.0,100.314,29.313,42.716,28.285,HARD,14.0,289.0,260.0,243.0,285.0,43.884,0.1974
Singapore,2023,PER,Red Bull Racing,15.0,100.538,29.373,42.986,28.179,HARD,15.0,293.0,263.0,243.0,285.0,43.512,0.2028
Singapore,2023,PER,Red Bull Racing,16.0,100.688,29.052,43.154,28.482,HARD,16.0,304.0,271.0,242.0,297.0,43.674,0.2023
Singapore,2023,PER,Red Bull Racing,17.0,100.987,29.279,43.199,28.509,HARD,17.0,304.0,269.0,244.0,296.0,43.895,0.2621
Singapore,2023,PER,Red Bull Racing,18.0,101.077,29.25,43.217,28.61,HARD,18.0,309.0,267.0,245.0,296.0,43.578,0.3153
Singapore,2023,PER,Red Bull Racing,19.0,101.404,29.326,43.54,28.538,HARD,19.0,310.0,269.0,242.0,297.0,43.622,0.3396
Singapore,2023,PER,Red Bull Racing,23.0,104.195,29.677,44.387,30.131,HARD,23.0,292.0,265.0,241.0,286.0,43.701,1.4343
Singapore,2023,PER,Red Bull Racing,24.0,102.735,29.895,44.454,28.386,HARD,24.0,287.0,261.0,243.0,282.0,43.069,1.3748
Singapore,2023,PER,Red Bull Racing,25.0,101.532,29.429,43.76,28.343,HARD,25.0,293.0,261.0,243.0,285.0,43.11,1.2852
Singapore,2023,PER,Red Bull Racing,26.0,100.595,29.297,43.197,28.101,HARD,26.0,293.0,261.0,245.0,286.0,43.034,1.4021
Singapore,2023,PER,Red Bull Racing,27.0,100.5,29.364,43.012,28.124,HARD,27.0,293.0,262.0,237.0,286.0,43.259,1.5622
Singapore,2023,PER,Red Bull Racing,28.0,101.833,29.323,44.298,28.212,HARD,28.0,295.0,264.0,245.0,283.0,43.006,0.927
Singapore,2023,PER,Red Bull Racing,29.0,100.29,29.224,42.923,28.143,HARD,29.0,291.0,260.0,244.0,283.0,42.962,0.686
Singapore,2023,PER,Red Bull Racing,30.0,100.319,29.355,42.93,28.034,HARD,30.0,291.0,262.0,244.0,284.0,43.105,0.6418
Singapore,2023,PER,Red Bull Racing,31.0,100.205,29.239,42.881,28.085,HARD,31.0,291.0,263.0,242.0,285.0,42.413,0.6814
Singapore,2023,PER,Red Bull Racing,32.0,100.254,29.232,42.937,28.085,HARD,32.0,293.0,263.0,240.0,285.0,42.852,0.7016
Singapore,2023,PER,Red Bull Racing,33.0,100.355,29.293,42.934,28.128,HARD,33.0,292.0,262.0,243.0,284.0,42.522,0.058
Singapore,2023,PER,Red Bull Racing,34.0,100.822,29.209,43.443,28.17,HARD,34.0,293.0,264.0,242.0,284.0,42.37,0.2478
Singapore,2023,PER,Red Bull Racing,35.0,100.326,29.199,43.007,28.12,HARD,35.0,291.0,264.0,242.0,284.0,42.807,0.2473
Singapore,2023,PER,Red Bull Racing,36.0,101.489,29.231,43.882,28.376,HARD,36.0,292.0,264.0,242.0,285.0,42.86,0.5202
Singapore,2023,PER,Red Bull Racing,37.0,103.171,29.416,45.225,28.53,HARD,37.0,291.0,264.0,240.0,284.0,42.447,1.1815
Singapore,2023,PER,Red Bull Racing,38.0,101.321,29.401,43.619,28.301,HARD,38.0,291.0,263.0,242.0,283.0,42.574,1.0764
Singapore,2023,PER,Red Bull Racing,41.0,98.551,29.039,41.884,27.628,MEDIUM,2.0,289.0,263.0,245.0,285.0,43.432,1.6958
Singapore,2023,PER,Red Bull Racing,42.0,98.709,28.843,41.97,27.896,MEDIUM,3.0,290.0,262.0,245.0,286.0,43.193,1.9801
Singapore,2023,PER,Red Bull Racing,46.0,97.541,28.399,41.671,27.471,MEDIUM,7.0,310.0,270.0,248.0,299.0,43.087,2.3191
Singapore,2023,PER,Red Bull Racing,47.0,98.235,28.941,41.627,27.667,MEDIUM,8.0,291.0,262.0,247.0,288.0,42.917,1.4409
Singapore,2023,PER,Red Bull Racing,48.0,98.351,28.945,41.884,27.522,MEDIUM,9.0,291.0,261.0,247.0,286.0,43.213,0.4502
Singapore,2023,PER,Red Bull Racing,49.0,98.01,28.78,41.826,27.404,MEDIUM,10.0,293.0,260.0,248.0,286.0,43.571,0.4327
Singapore,2023,PER,Red Bull Racing,50.0,97.799,28.809,41.523,27.467,MEDIUM,11.0,292.0,261.0,249.0,286.0,43.42,0.3274
Singapore,2023,PER,Red Bull Racing,51.0,98.116,28.87,41.703,27.543,MEDIUM,12.0,293.0,261.0,249.0,288.0,43.586,0.2122
Singapore,2023,PER,Red Bull Racing,52.0,99.858,28.791,43.358,27.709,MEDIUM,13.0,298.0,272.0,248.0,289.0,43.039,0.8244
Singapore,2023,PER,Red Bull Racing,53.0,99.32,28.658,42.719,27.943,MEDIUM,14.0,313.0,270.0,249.0,288.0,42.94,0.9114
Singapore,2023,PER,Red Bull Racing,54.0,98.386,28.483,42.129,27.774,MEDIUM,15.0,312.0,272.0,250.0,300.0,43.226,0.8627
Singapore,2023,PER,Red Bull Racing,55.0,97.746,28.446,41.639,27.661,MEDIUM,16.0,310.0,273.0,249.0,300.0,42.96,0.8766
Singapore,2023,PER,Red Bull Racing,56.0,98.016,28.479,41.775,27.762,MEDIUM,17.0,311.0,274.0,252.0,300.0,43.321,0.8939
Singapore,2023,PER,Red Bull Racing,57.0,101.365,28.532,43.905,28.928,MEDIUM,18.0,314.0,282.0,248.0,303.0,43.099,1.467
Singapore,2023,PER,Red Bull Racing,58.0,100.912,28.899,44.015,27.998,MEDIUM,19.0,315.0,273.0,250.0,300.0,43.307,1.7147
Singapore,2023,PER,Red Bull Racing,59.0,102.042,28.832,44.679,28.531,MEDIUM,20.0,314.0,274.0,251.0,301.0,42.954,1.9925
Singapore,2023,PER,Red Bull Racing,60.0,99.147,28.722,43.19,27.235,MEDIUM,21.0,315.0,262.0,250.0,301.0,42.791,1.665
Singapore,2023,PER,Red Bull Racing,61.0,97.108,28.694,41.344,27.07,MEDIUM,22.0,292.0,266.0,250.0,286.0,42.79,1.9931
Singapore,2023,PER,Red Bull Racing,62.0,98.189,28.52,42.463,27.206,MEDIUM,23.0,292.0,266.0,250.0,287.0,42.907,2.0012
Singapore,2023,PIA,McLaren,2.0,102.06,29.766,43.68,28.614,MEDIUM,2.0,289.0,266.0,246.0,285.0,43.255,
Singapore,2023,PIA,McLaren,3.0,101.909,29.247,44.236,28.426,MEDIUM,3.0,323.0,273.0,246.0,282.0,42.992,
Singapore,2023,PIA,McLaren,4.0,101.37,29.326,43.599,28.445,MEDIUM,4.0,308.0,269.0,247.0,295.0,42.752,0.3627
Singapore,2023,PIA,McLaren,5.0,101.241,29.361,43.286,28.594,MEDIUM,5.0,303.0,270.0,247.0,291.0,42.718,0.4003
Singapore,2023,PIA,McLaren,6.0,102.673,29.32,43.586,29.767,MEDIUM,6.0,309.0,277.0,240.0,295.0,42.586,0.5758
Singapore,2023,PIA,McLaren,7.0,102.309,30.054,44.108,28.147,MEDIUM,7.0,310.0,259.0,242.0,295.0,41.986,0.6083
Singapore,2023,PIA,McLaren,8.0,101.091,29.683,43.086,28.322,MEDIUM,8.0,294.0,260.0,244.0,284.0,42.293,0.7073
Singapore,2023,PIA,McLaren,9.0,100.474,29.479,42.86,28.135,MEDIUM,9.0,295.0,264.0,244.0,285.0,42.725,0.9084
Singapore,2023,PIA,McLaren,10.0,100.528,29.333,43.038,28.157,MEDIUM,10.0,293.0,263.0,244.0,285.0,42.632,1.0197
Singapore,2023,PIA,McLaren,11.0,100.678,29.277,43.163,28.238,MEDIUM,11.0,295.0,264.0,244.0,285.0,42.519,0.7622
Singapore,2023,PIA,McLaren,12.0,100.563,29.248,43.119,28.196,MEDIUM,12.0,297.0,264.0,240.0,287.0,42.019,0.2486
Singapore,2023,PIA,McLaren,13.0,101.119,29.567,43.319,28.233,MEDIUM,13.0,295.0,264.0,245.0,286.0,42.385,0.2606
Singapore,2023,PIA,McLaren,14.0,100.307,29.374,42.834,28.099,MEDIUM,14.0,294.0,264.0,244.0,286.0,42.402,0.3001
Singapore,2023,PIA,McLaren,15.0,100.709,29.463,42.946,28.3,MEDIUM,15.0,292.0,264.0,242.0,283.0,42.15,0.2942
Singapore,2023,PIA,McLaren,16.0,100.6,29.355,43.048,28.197,MEDIUM,16.0,291.0,264.0,244.0,284.0,42.123,0.2961
Singapore,2023,PIA,McLaren,17.0,100.846,29.348,43.244,28.254,MEDIUM,17.0,292.0,265.0,243.0,285.0,41.85,0.3
Singapore,2023,PIA,McLaren,18.0,100.895,29.415,43.306,28.174,MEDIUM,18.0,292.0,264.0,243.0,286.0,42.177,0.2344
Singapore,2023,PIA,McLaren,19.0,101.322,29.445,43.515,28.362,MEDIUM,19.0,292.0,265.0,242.0,287.0,42.083,0.2758
Singapore,2023,PIA,McLaren,23.0,103.549,29.336,44.625,29.588,HARD,3.0,293.0,270.0,238.0,288.0,42.475,1.2059
Singapore,2023,PIA,McLaren,24.0,102.238,29.647,43.952,28.639,HARD,4.0,295.0,265.0,244.0,282.0,42.043,1.1406
Singapore,2023,PIA,McLaren,25.0,101.272,29.271,43.498,28.503,HARD,5.0,312.0,274.0,246.0,286.0,42.43,1.0679
Singapore,2023,PIA,McLaren,26.0,100.802,28.919,43.22,28.663,HARD,6.0,308.0,276.0,247.0,295.0,42.133,1.0894
Singapore,2023,PIA,McLaren,27.0,100.529,28.838,43.227,28.464,HARD,7.0,311.0,276.0,247.0,298.0,42.548,1.2315
Singapore,2023,PIA,McLaren,28.0,101.47,28.824,43.566,29.08,HARD,8.0,310.0,283.0,246.0,298.0,42.294,0.6605
Singapore,2023,PIA,McLaren,29.0,101.749,29.184,43.521,29.044,HARD,9.0,311.0,283.0,244.0,296.0,42.339,0.4954
Singapore,2023,PIA,McLaren,30.0,100.553,29.239,43.234,28.08,HARD,10.0,304.0,271.0,247.0,294.0,42.133,0.5569
Singapore,2023,PIA,McLaren,31.0,100.033,28.85,43.088,28.095,HARD,11.0,304.0,271.0,247.0,294.0,42.085,0.7159
Singapore,2023,PIA,McLaren,32.0,100.104,28.908,43.042,28.154,HARD,12.0,309.0,274.0,249.0,293.0,42.213,0.7876
Singapore,2023,PIA,McLaren,33.0,100.237,29.093,42.993,28.151,HARD,13.0,306.0,275.0,247.0,299.0,42.32,0.7072
Singapore,2023,PIA,McLaren,34.0,101.598,29.281,43.655,28.662,HARD,14.0,290.0,275.0,245.0,297.0,42.134,0.6427
Singapore,2023,PIA,McLaren,35.0,102.204,29.272,44.319,28.613,HARD,15.0,294.0,274.0,246.0,285.0,42.173,0.9989
Singapore,2023,PIA,McLaren,36.0,100.587,28.991,43.659,27.937,HARD,16.0,310.0,274.0,246.0,300.0,41.767,0.9149
Singapore,2023,PIA,McLaren,37.0,100.368,29.168,42.988,28.212,HARD,17.0,292.0,267.0,245.0,285.0,42.01,0.8601
Singapore,2023,PIA,McLaren,38.0,100.858,29.245,43.177,28.436,HARD,18.0,293.0,276.0,246.0,288.0,42.019,0.7619
Singapore,2023,PIA,McLaren,39.0,102.986,29.002,44.677,29.307,HARD,19.0,308.0,275.0,246.0,294.0,42.093,1.1382
Singapore,2023,PIA,McLaren,40.0,100.299,29.013,43.246,28.04,HARD,20.0,300.0,267.0,246.0,298.0,41.411,1.1207
Singapore,2023,PIA,McLaren,41.0,99.982,29.055,42.923,28.004,HARD,21.0,291.0,266.0,247.0,286.0,42.174,1.2083
Singapore,2023,PIA,McLaren,42.0,99.783,29.022,42.856,27.905,HARD,22.0,292.0,268.0,247.0,288.0,41.801,1.2976
Singapore,2023,PIA,McLaren,46.0,98.492,28.878,42.07,27.544,HARD,26.0,289.0,267.0,249.0,287.0,42.489,1.6471
Singapore,2023,PIA,McLaren,47.0,98.889,28.714,42.433,27.742,HARD,27.0,289.0,266.0,248.0,286.0,42.2,0.7648
Singapore,2023,PIA,McLaren,48.0,98.647,28.721,42.281,27.645,HARD,28.0,290.0,267.0,248.0,283.0,41.924,0.6795
Singapore,2023,PIA,McLaren,49.0,99.008,28.678,42.505,27.825,HARD,29.0,289.0,266.0,248.0,284.0,42.117,0.5004
Singapore,2023,PIA,McLaren,50.0,98.832,28.69,42.423,27.719,HARD,30.0,289.0,266.0,250.0,285.0,42.037,0.2043
Singapore,2023,PIA,McLaren,51.0,98.656,28.68,42.445,27.531,HARD,31.0,289.0,267.0,248.0,284.0,41.723,0.155
Singapore,2023,PIA,McLaren,52.0,98.793,28.84,42.352,27.601,HARD,32.0,290.0,265.0,249.0,284.0,42.007,0.148
Singapore,2023,PIA,McLaren,53.0,98.773,28.638,42.393,27.742,HARD,33.0,289.0,267.0,248.0,285.0,41.944,0.1275
Singapore,2023,PIA,McLaren,54.0,100.546,28.821,42.635,29.09,HARD,34.0,290.0,267.0,248.0,283.0,41.531,0.7999
Singapore,2023,PIA,McLaren,55.0,100.108,28.9,43.142,28.066,HARD,35.0,291.0,267.0,247.0,299.0,41.712,0.8841
Singapore,2023,PIA,McLaren,56.0,99.141,28.875,42.442,27.824,HARD,36.0,290.0,268.0,249.0,283.0,41.899,0.8089
Singapore,2023,PIA,McLaren,57.0,99.14,28.778,42.589,27.773,HARD,37.0,290.0,268.0,248.0,284.0,41.505,0.7487
Singapore,2023,PIA,McLaren,58.0,99.516,28.76,42.758,27.998,HARD,38.0,290.0,268.0,248.0,285.0,42.131,0.6208
Singapore,2023,PIA,McLaren,59.0,99.428,28.846,42.82,27.762,HARD,39.0,291.0,268.0,248.0,287.0,41.745,0.3962
Singapore,2023,PIA,McLaren,60.0,99.189,28.727,42.662,27.8,HARD,40.0,290.0,267.0,248.0,285.0,41.73,0.1766
Singapore,2023,PIA,McLaren,61.0,99.616,28.891,42.782,27.943,HARD,41.0,291.0,267.0,250.0,284.0,41.417,0.2065
Singapore,2023,PIA,McLaren,62.0,101.41,28.724,44.596,28.09,HARD,42.0,291.0,269.0,244.0,284.0,41.633,0.8963
Singapore,2023,RUS,Mercedes,2.0,101.103,29.58,43.105,28.418,MEDIUM,2.0,279.0,256.0,241.0,268.0,43.49,
Singapore,2023,RUS,Mercedes,3.0,100.944,29.394,43.152,28.398,MEDIUM,3.0,270.0,252.0,243.0,276.0,43.085,
Singapore,2023,RUS,Mercedes,4.0,101.086,29.417,43.147,28.522,MEDIUM,4.0,273.0,252.0,243.0,279.0,42.463,0.0873
Singapore,2023,RUS,Mercedes,5.0,100.464,29.406,42.842,28.216,MEDIUM,5.0,280.0,260.0,243.0,282.0,42.661,0.2988
Singapore,2023,RUS,Mercedes,6.0,100.221,29.376,42.721,28.124,MEDIUM,6.0,281.0,264.0,243.0,283.0,42.762,0.3987
Singapore,2023,RUS,Mercedes,7.0,100.271,29.347,42.695,28.229,MEDIUM,7.0,284.0,262.0,244.0,283.0,42.67,0.3952
Singapore,2023,RUS,Mercedes,8.0,100.464,29.389,42.774,28.301,MEDIUM,8.0,288.0,259.0,244.0,282.0,42.361,0.3451
Singapore,2023,RUS,Mercedes,9.0,100.039,29.341,42.557,28.141,MEDIUM,9.0,283.0,262.0,244.0,284.0,42.288,0.1793
Singapore,2023,RUS,Mercedes,10.0,100.093,29.189,42.5,28.404,MEDIUM,10.0,275.0,259.0,244.0,283.0,42.906,0.1666
Singapore,2023,RUS,Mercedes,11.0,100.595,29.512,42.899,28.184,MEDIUM,11.0,286.0,261.0,242.0,278.0,42.838,0.2374
Singapore,2023,RUS,Mercedes,12.0,100.463,29.458,42.728,28.277,MEDIUM,12.0,278.0,262.0,245.0,282.0,42.932,0.2484
Singapore,2023,RUS,Mercedes,13.0,100.344,29.391,42.717,28.236,MEDIUM,13.0,279.0,262.0,245.0,283.0,42.852,0.2378
Singapore,2023,RUS,Mercedes,14.0,100.758,29.417,43.177,28.164,MEDIUM,14.0,282.0,263.0,246.0,282.0,43.267,0.2524
Singapore,2023,RUS,Mercedes,15.0,99.965,28.95,42.813,28.202,MEDIUM,15.0,284.0,263.0,244.0,284.0,43.064,0.2997
Singapore,2023,RUS,Mercedes,16.0,100.062,29.368,42.731,27.963,MEDIUM,16.0,274.0,261.0,244.0,280.0,43.402,0.3184
Singapore,2023,RUS,Mercedes,17.0,100.029,29.336,42.605,28.088,MEDIUM,17.0,283.0,263.0,244.0,281.0,42.809,0.3281
Singapore,2023,RUS,Mercedes,18.0,99.686,29.27,42.476,27.94,MEDIUM,18.0,286.0,262.0,245.0,283.0,42.787,0.3966
Singapore,2023,RUS,Mercedes,19.0,99.996,29.308,42.664,28.024,MEDIUM,19.0,290.0,263.0,245.0,282.0,42.921,0.1507
Singapore,2023,RUS,Mercedes,23.0,102.341,29.296,44.36,28.685,HARD,3.0,297.0,269.0,246.0,273.0,43.196,1.0828
Singapore,2023,RUS,Mercedes,24.0,99.501,29.232,42.292,27.977,HARD,4.0,284.0,261.0,248.0,279.0,43.639,1.1561
Singapore,2023,RUS,Mercedes,25.0,99.56,28.84,42.813,27.907,HARD,5.0,275.0,272.0,250.0,284.0,43.727,1.2028
Singapore,2023,RUS,Mercedes,26.0,99.173,28.592,42.694,27.887,HARD,6.0,290.0,274.0,249.0,294.0,43.418,1.2788
Singapore,2023,RUS,Mercedes,27.0,100.205,28.727,42.937,28.541,HARD,7.0,281.0,265.0,243.0,292.0,43.59,1.2774
Singapore,2023,RUS,Mercedes,28.0,101.181,29.46,43.326,28.395,HARD,8.0,275.0,256.0,245.0,264.0,43.143,0.796
Singapore,2023,RUS,Mercedes,29.0,100.413,29.44,42.745,28.228,HARD,9.0,276.0,255.0,246.0,274.0,43.407,0.7791
Singapore,2023,RUS,Mercedes,30.0,100.067,29.274,42.92,27.873,HARD,10.0,279.0,259.0,246.0,276.0,43.026,0.7211
Singapore,2023,RUS,Mercedes,31.0,99.458,28.914,42.502,28.042,HARD,11.0,294.0,272.0,251.0,282.0,42.771,0.6235
Singapore,2023,RUS,Mercedes,32.0,99.319,28.621,42.485,28.213,HARD,12.0,290.0,261.0,245.0,298.0,43.223,0.7565
Singapore,2023,RUS,Mercedes,33.0,99.348,28.741,42.412,28.195,HARD,13.0,302.0,271.0,247.0,285.0,42.78,0.4921
Singapore,2023,RUS,Mercedes,34.0,99.961,29.075,42.779,28.107,HARD,14.0,275.0,259.0,245.0,283.0,43.065,0.3558
Singapore,2023,RUS,Mercedes,35.0,99.986,28.945,42.866,28.175,HARD,15.0,278.0,260.0,244.0,276.0,42.863,0.332
Singapore,2023,RUS,Mercedes,36.0,99.474,28.621,42.724,28.129,HARD,16.0,309.0,264.0,247.0,285.0,43.268,0.3302
Singapore,2023,RUS,Mercedes,37.0,99.776,28.756,42.961,28.059,HARD,17.0,281.0,269.0,245.0,286.0,42.456,0.2873
Singapore,2023,RUS,Mercedes,38.0,99.635,28.744,42.826,28.065,HARD,18.0,288.0,271.0,248.0,284.0,43.278,0.2173
Singapore,2023,RUS,Mercedes,39.0,99.169,28.686,42.493,27.99,HARD,19.0,292.0,274.0,249.0,285.0,43.349,0.3092
Singapore,2023,RUS,Mercedes,40.0,99.322,28.522,42.813,27.987,HARD,20.0,293.0,272.0,249.0,295.0,43.248,0.2415
Singapore,2023,RUS,Mercedes,41.0,99.803,28.822,42.92,28.061,HARD,21.0,283.0,273.0,247.0,286.0,42.646,0.2824
Singapore,2023,RUS,Mercedes,42.0,99.845,28.713,43.052,28.08,HARD,22.0,273.0,271.0,250.0,297.0,42.985,0.298
Singapore,2023,RUS,Mercedes,43.0,99.482,28.521,42.876,28.085,HARD,23.0,303.0,273.0,247.0,299.0,42.924,0.2956
Singapore,2023,RUS,Mercedes,46.0,96.273,28.276,40.83,27.167,MEDIUM,2.0,287.0,265.0,251.0,284.0,42.904,1.5097
Singapore,2023,RUS,Mercedes,47.0,96.419,28.255,41.023,27.141,MEDIUM,3.0,289.0,266.0,248.0,285.0,43.389,1.8486
Singapore,2023,RUS,Mercedes,48.0,96.649,28.363,41.14,27.146,MEDIUM,4.0,287.0,266.0,249.0,285.0,43.203,1.7715
Singapore,2023,RUS,Mercedes,49.0,96.569,28.359,41.104,27.106,MEDIUM,5.0,288.0,267.0,249.0,282.0,43.286,1.3514
Singapore,2023,RUS,Mercedes,50.0,97.006,28.327,41.395,27.284,MEDIUM,6.0,292.0,267.0,250.0,283.0,43.342,0.2768
Singapore,2023,RUS,Mercedes,51.0,96.757,28.426,41.19,27.141,MEDIUM,7.0,292.0,268.0,248.0,288.0,43.316,0.22
Singapore,2023,RUS,Mercedes,52.0,97.414,28.67,41.495,27.249,MEDIUM,8.0,291.0,268.0,253.0,283.0,43.169,0.3414
Singapore,2023,RUS,Mercedes,53.0,98.567,28.273,42.181,28.113,MEDIUM,9.0,306.0,280.0,248.0,301.0,43.166,0.7948
Singapore,2023,RUS,Mercedes,54.0,97.396,28.788,41.444,27.164,MEDIUM,10.0,287.0,264.0,249.0,285.0,42.849,0.6941
Singapore,2023,RUS,Mercedes,55.0,96.937,28.464,41.308,27.165,MEDIUM,11.0,292.0,267.0,248.0,284.0,43.053,0.7051
Singapore,2023,RUS,Mercedes,56.0,97.029,28.413,41.34,27.276,MEDIUM,12.0,291.0,268.0,248.0,287.0,42.695,0.6501
Singapore,2023,RUS,Mercedes,57.0,97.246,28.37,41.49,27.386,MEDIUM,13.0,293.0,267.0,250.0,286.0,43.062,0.6579
Singapore,2023,RUS,Mercedes,58.0,98.686,28.482,42.141,28.063,MEDIUM,14.0,298.0,278.0,252.0,290.0,42.926,0.7093
Singapore,2023,RUS,Mercedes,59.0,100.239,28.407,42.98,28.852,MEDIUM,15.0,303.0,283.0,249.0,301.0,42.835,1.4249
Singapore,2023,RUS,Mercedes,60.0,99.51,28.62,42.958,27.932,MEDIUM,16.0,316.0,280.0,251.0,299.0,42.872,1.397
Singapore,2023,RUS,Mercedes,61.0,99.314,28.321,42.912,28.081,MEDIUM,17.0,305.0,280.0,253.0,300.0,42.938,1.1257
Singapore,2023,SAI,Ferrari,2.0,101.383,29.636,43.26,28.487,MEDIUM,2.0,280.0,253.0,242.0,275.0,42.483,
Singapore,2023,SAI,Ferrari,3.0,100.962,29.601,42.876,28.485,MEDIUM,3.0,273.0,254.0,241.0,276.0,41.737,
Singapore,2023,SAI,Ferrari,4.0,100.58,29.39,42.937,28.253,MEDIUM,4.0,280.0,256.0,243.0,277.0,42.244,0.4017
Singapore,2023,SAI,Ferrari,5.0,100.551,29.513,42.812,28.226,MEDIUM,5.0,279.0,257.0,242.0,278.0,42.881,0.3905
Singapore,2023,SAI,Ferrari,6.0,100.113,29.234,42.807,28.072,MEDIUM,6.0,277.0,257.0,241.0,277.0,42.087,0.4782
Singapore,2023,SAI,Ferrari,7.0,100.178,29.413,42.648,28.117,MEDIUM,7.0,280.0,256.0,243.0,276.0,42.041,0.344
Singapore,2023,SAI,Ferrari,8.0,100.503,29.665,42.727,28.111,MEDIUM,8.0,280.0,256.0,243.0,277.0,42.227,0.2216
Singapore,2023,SAI,Ferrari,9.0,99.626,29.093,42.628,27.905,MEDIUM,9.0,281.0,257.0,245.0,278.0,41.878,0.3716
Singapore,2023,SAI,Ferrari,10.0,100.369,29.376,42.736,28.257,MEDIUM,10.0,284.0,257.0,242.0,277.0,41.535,0.335
Singapore,2023,SAI,Ferrari,11.0,100.297,29.343,42.732,28.222,MEDIUM,11.0,280.0,257.0,243.0,279.0,41.879,0.339
Singapore,2023,SAI,Ferrari,12.0,100.53,29.35,43.167,28.013,MEDIUM,12.0,282.0,257.0,242.0,279.0,41.791,0.3698
Singapore,2023,SAI,Ferrari,13.0,100.356,29.381,42.839,28.136,MEDIUM,13.0,283.0,257.0,243.0,277.0,42.546,0.3515
Singapore,2023,SAI,Ferrari,14.0,100.398,29.195,43.068,28.135,MEDIUM,14.0,281.0,257.0,243.0,279.0,42.184,0.0865
Singapore,2023,SAI,Ferrari,15.0,99.937,29.135,42.821,27.981,MEDIUM,15.0,284.0,257.0,243.0,278.0,42.027,0.2221
Singapore,2023,SAI,Ferrari,16.0,99.398,29.071,42.454,27.873,MEDIUM,16.0,284.0,258.0,243.0,278.0,41.755,0.4625
Singapore,2023,SAI,Ferrari,17.0,99.448,29.112,42.522,27.814,MEDIUM,17.0,284.0,257.0,243.0,277.0,41.603,0.4778
Singapore,2023,SAI,Ferrari,18.0,98.992,28.994,42.104,27.894,MEDIUM,18.0,285.0,258.0,244.0,279.0,41.476,0.5427
Singapore,2023,SAI,Ferrari,19.0,99.029,28.968,42.318,27.743,MEDIUM,19.0,285.0,258.0,244.0,279.0,41.584,0.3831
Singapore,2023,SAI,Ferrari,23.0,102.423,29.279,44.506,28.638,HARD,3.0,280.0,256.0,243.0,282.0,41.595,1.4488
Singapore,2023,SAI,Ferrari,24.0,99.792,29.392,42.448,27.952,HARD,4.0,285.0,260.0,245.0,277.0,41.927,1.4281
Singapore,2023,SAI,Ferrari,25.0,99.726,28.996,42.788,27.942,HARD,5.0,281.0,258.0,248.0,277.0,42.212,1.4096
Singapore,2023,SAI,Ferrari,26.0,99.185,28.813,42.511,27.861,HARD,6.0,284.0,258.0,246.0,279.0,41.558,1.3776
Singapore,2023,SAI,Ferrari,27.0,99.835,28.726,42.992,28.117,HARD,7.0,286.0,257.0,245.0,278.0,41.578,1.2744
Singapore,2023,SAI,Ferrari,28.0,101.23,29.305,43.69,28.235,HARD,8.0,281.0,255.0,241.0,277.0,41.811,0.7603
Singapore,2023,SAI,Ferrari,29.0,100.225,29.072,43.055,28.098,HARD,9.0,286.0,260.0,244.0,282.0,41.793,0.7619
Singapore,2023,SAI,Ferrari,30.0,100.217,29.173,43.055,27.989,HARD,10.0,282.0,259.0,245.0,280.0,41.656,0.7427
Singapore,2023,SAI,Ferrari,31.0,99.633,29.017,42.62,27.996,HARD,11.0,285.0,258.0,245.0,278.0,41.582,0.6149
Singapore,2023,SAI,Ferrari,32.0,99.184,28.74,42.283,28.161,HARD,12.0,283.0,259.0,245.0,280.0,42.115,0.7687
Singapore,2023,SAI,Ferrari,33.0,99.235,28.977,42.256,28.002,HARD,13.0,283.0,258.0,245.0,278.0,42.041,0.5074
Singapore,2023,SAI,Ferrari,34.0,100.025,29.108,42.824,28.093,HARD,14.0,281.0,258.0,243.0,280.0,41.581,0.4614
Singapore,2023,SAI,Ferrari,35.0,99.97,29.236,42.782,27.952,HARD,15.0,283.0,260.0,244.0,280.0,42.391,0.3951
Singapore,2023,SAI,Ferrari,36.0,99.544,28.988,42.621,27.935,HARD,16.0,284.0,259.0,245.0,279.0,42.078,0.3958
Singapore,2023,SAI,Ferrari,37.0,99.884,28.987,42.846,28.051,HARD,17.0,283.0,259.0,243.0,281.0,41.823,0.3346
Singapore,2023,SAI,Ferrari,38.0,99.519,28.945,42.576,27.998,HARD,18.0,285.0,260.0,245.0,281.0,41.913,0.24
Singapore,2023,SAI,Ferrari,39.0,99.253,29.069,42.265,27.919,HARD,19.0,284.0,258.0,245.0,278.0,42.251,0.2924
Singapore,2023,SAI,Ferrari,40.0,99.393,28.937,42.541,27.915,HARD,20.0,285.0,261.0,249.0,282.0,41.865,0.2348
Singapore,2023,SAI,Ferrari,41.0,99.798,28.899,42.891,28.008,HARD,21.0,278.0,260.0,246.0,281.0,41.194,0.2669
Singapore,2023,SAI,Ferrari,42.0,99.939,28.853,42.883,28.203,HARD,22.0,286.0,261.0,247.0,281.0,41.651,0.2837
Singapore,2023,SAI,Ferrari,43.0,99.248,28.694,42.565,27.989,HARD,23.0,291.0,260.0,244.0,281.0,41.603,0.3217
Singapore,2023,SAI,Ferrari,46.0,97.913,28.677,41.798,27.438,HARD,26.0,287.0,262.0,247.0,282.0,41.659,0.8035
Singapore,2023,SAI,Ferrari,47.0,97.666,28.676,41.569,27.421,HARD,27.0,287.0,262.0,249.0,282.0,41.281,1.061
Singapore,2023,SAI,Ferrari,48.0,98.2,28.586,42.039,27.575,HARD,28.0,288.0,262.0,247.0,283.0,41.333,0.964
Singapore,2023,SAI,Ferrari,49.0,98.221,28.768,42.059,27.394,HARD,29.0,288.0,263.0,250.0,282.0,40.952,0.6029
Singapore,2023,SAI,Ferrari,50.0,98.637,28.678,41.94,28.019,HARD,30.0,289.0,262.0,249.0,283.0,41.274,0.3649
Singapore,2023,SAI,Ferrari,51.0,98.04,28.708,41.883,27.449,HARD,31.0,290.0,263.0,250.0,284.0,41.335,0.3504
Singapore,2023,SAI,Ferrari,52.0,98.218,28.57,42.08,27.568,HARD,32.0,292.0,264.0,249.0,286.0,41.469,0.2221
Singapore,2023,SAI,Ferrari,53.0,98.327,28.695,42.101,27.531,HARD,33.0,289.0,262.0,250.0,283.0,41.574,0.2203
Singapore,2023,SAI,Ferrari,54.0,98.707,28.734,42.441,27.532,HARD,34.0,290.0,263.0,248.0,285.0,41.233,0.2817
Singapore,2023,SAI,Ferrari,55.0,98.541,28.682,42.326,27.533,HARD,35.0,291.0,264.0,249.0,285.0,41.812,0.263
Singapore,2023,SAI,Ferrari,56.0,98.52,28.839,42.219,27.462,HARD,36.0,290.0,263.0,249.0,284.0,40.631,0.192
Singapore,2023,SAI,Ferrari,57.0,98.909,28.755,42.398,27.756,HARD,37.0,291.0,264.0,250.0,285.0,41.197,0.2187
Singapore,2023,SAI,Ferrari,58.0,99.337,28.752,42.837,27.748,HARD,38.0,291.0,265.0,250.0,286.0,40.792,0.337
Singapore,2023,SAI,Ferrari,59.0,99.575,28.826,42.862,27.887,HARD,39.0,294.0,263.0,248.0,284.0,40.765,0.4719
Singapore,2023,SAI,Ferrari,60.0,100.042,29.474,42.858,27.71,HARD,40.0,289.0,262.0,250.0,283.0,40.991,0.5887
Singapore,2023,SAI,Ferrari,61.0,99.292,28.813,42.79,27.689,HARD,41.0,295.0,263.0,250.0,284.0,40.947,0.4167
Singapore,2023,SAI,Ferrari,62.0,99.958,29.012,43.101,27.845,HARD,42.0,294.0,262.0,249.0,284.0,40.798,0.3464
Singapore,2023,SAR,Williams,2.0,101.983,29.487,43.744,28.752,MEDIUM,2.0,298.0,260.0,242.0,285.0,42.62,
Singapore,2023,SAR,Williams,3.0,101.7,29.47,43.468,28.762,MEDIUM,3.0,296.0,270.0,242.0,286.0,42.591,
Singapore,2023,SAR,Williams,4.0,101.875,29.624,43.769,28.482,MEDIUM,4.0,293.0,260.0,242.0,291.0,42.564,0.1428
Singapore,2023,SAR,Williams,5.0,101.264,29.443,43.37,28.451,MEDIUM,5.0,297.0,264.0,240.0,287.0,43.138,0.3166
Singapore,2023,SAR,Williams,6.0,101.636,29.488,43.426,28.722,MEDIUM,6.0,291.0,265.0,242.0,278.0,43.155,0.2759
Singapore,2023,SAR,Williams,7.0,102.886,29.807,44.361,28.718,MEDIUM,7.0,303.0,270.0,242.0,288.0,42.332,0.6089
Singapore,2023,SAR,Williams,8.0,101.683,29.431,43.861,28.391,MEDIUM,8.0,299.0,271.0,240.0,296.0,42.351,0.6102
Singapore,2023,SAR,Williams,9.0,101.228,29.596,43.279,28.353,MEDIUM,9.0,296.0,266.0,243.0,286.0,42.81,0.6738
Singapore,2023,SAR,Williams,10.0,100.739,29.397,43.16,28.182,MEDIUM,10.0,293.0,266.0,243.0,286.0,43.097,0.7962
Singapore,2023,SAR,Williams,11.0,100.711,29.544,43.025,28.142,MEDIUM,11.0,296.0,266.0,241.0,286.0,43.018,0.8968
Singapore,2023,SAR,Williams,12.0,100.554,29.457,42.952,28.145,MEDIUM,12.0,294.0,266.0,242.0,286.0,42.861,0.4657
Singapore,2023,SAR,Williams,13.0,100.797,29.439,43.089,28.269,MEDIUM,13.0,296.0,266.0,242.0,286.0,42.852,0.2526
Singapore,2023,SAR,Williams,14.0,100.983,29.425,43.325,28.233,MEDIUM,14.0,296.0,266.0,241.0,287.0,42.582,0.1552
Singapore,2023,SAR,Williams,15.0,100.838,29.48,43.162,28.196,MEDIUM,15.0,297.0,266.0,241.0,286.0,42.678,0.1586
Singapore,2023,SAR,Williams,16.0,100.965,29.584,43.15,28.231,MEDIUM,16.0,294.0,265.0,239.0,286.0,42.881,0.1724
Singapore,2023,SAR,Williams,17.0,101.113,29.476,43.385,28.252,MEDIUM,17.0,293.0,265.0,239.0,285.0,42.786,0.1258
Singapore,2023,SAR,Williams,18.0,101.57,29.699,43.369,28.502,MEDIUM,18.0,294.0,265.0,240.0,284.0,43.076,0.2835
Singapore,2023,SAR,Williams,23.0,99.856,29.155,42.491,28.21,HARD,4.0,290.0,265.0,241.0,284.0,43.316,0.6299
Singapore,2023,SAR,Williams,24.0,100.39,29.44,42.704,28.246,HARD,5.0,291.0,265.0,243.0,284.0,42.723,0.6662
Singapore,2023,SAR,Williams,25.0,100.3,29.31,42.711,28.279,HARD,6.0,289.0,265.0,242.0,285.0,43.28,0.6858
Singapore,2023,SAR,Williams,26.0,100.338,29.434,42.662,28.242,HARD,7.0,290.0,265.0,243.0,284.0,42.755,0.6398
Singapore,2023,SAR,Williams,27.0,99.889,29.313,42.506,28.07,HARD,8.0,289.0,265.0,244.0,283.0,42.738,0.2598
Singapore,2023,SAR,Williams,28.0,99.972,29.264,42.599,28.109,HARD,9.0,290.0,265.0,242.0,283.0,43.273,0.2299
Singapore,2023,SAR,Williams,29.0,99.748,29.29,42.433,28.025,HARD,10.0,290.0,265.0,243.0,284.0,42.986,0.2592
Singapore,2023,SAR,Williams,30.0,99.904,29.25,42.684,27.97,HARD,11.0,291.0,264.0,244.0,285.0,42.701,0.2211
Singapore,2023,SAR,Williams,31.0,99.69,29.27,42.447,27.973,HARD,12.0,290.0,264.0,243.0,285.0,42.999,0.1171
Singapore,2023,SAR,Williams,32.0,99.807,29.233,42.587,27.987,HARD,13.0,289.0,266.0,245.0,285.0,43.08,0.1144
Singapore,2023,SAR,Williams,33.0,99.763,29.11,42.563,28.09,HARD,14.0,290.0,265.0,244.0,286.0,43.146,0.0798
Singapore,2023,SAR,Williams,34.0,99.799,29.065,42.646,28.088,HARD,15.0,289.0,266.0,245.0,284.0,42.98,0.0776
Singapore,2023,SAR,Williams,35.0,99.764,29.1,42.677,27.987,HARD,16.0,290.0,265.0,245.0,286.0,42.962,0.0462
Singapore,2023,SAR,Williams,36.0,99.878,29.139,42.667,28.072,HARD,17.0,290.0,265.0,245.0,286.0,42.851,0.0468
Singapore,2023,SAR,Williams,37.0,99.752,29.011,42.704,28.037,HARD,18.0,293.0,267.0,244.0,286.0,42.565,0.0516
Singapore,2023,SAR,Williams,38.0,99.877,29.092,42.75,28.035,HARD,19.0,292.0,266.0,245.0,286.0,42.786,0.0605
Singapore,2023,SAR,Williams,39.0,100.134,29.131,42.858,28.145,HARD,20.0,292.0,266.0,244.0,286.0,42.641,0.1536
Singapore,2023,SAR,Williams,40.0,100.28,29.119,42.868,28.293,HARD,21.0,294.0,266.0,243.0,286.0,42.746,0.216
Singapore,2023,SAR,Williams,41.0,100.297,29.224,42.873,28.2,HARD,22.0,294.0,266.0,245.0,286.0,42.667,0.244
Singapore,2023,SAR,Williams,42.0,100.602,29.102,43.24,28.26,HARD,23.0,293.0,265.0,245.0,288.0,42.474,0.264
Singapore,2023,SAR,Williams,45.0,98.531,28.806,41.953,27.772,MEDIUM,2.0,298.0,269.0,246.0,288.0,42.919,0.8216
Singapore,2023,SAR,Williams,46.0,98.784,28.763,42.042,27.979,MEDIUM,3.0,298.0,267.0,246.0,289.0,42.907,0.9633
Singapore,2023,SAR,Williams,47.0,98.589,28.803,42.061,27.725,MEDIUM,4.0,297.0,267.0,248.0,290.0,42.832,1.0042
Singapore,2023,SAR,Williams,48.0,98.711,28.651,42.259,27.801,MEDIUM,5.0,296.0,268.0,247.0,289.0,43.048,0.8769
Singapore,2023,SAR,Williams,49.0,98.69,28.723,42.152,27.815,MEDIUM,6.0,298.0,268.0,247.0,289.0,43.282,0.1007
Singapore,2023,SAR,Williams,50.0,98.657,28.817,42.125,27.715,MEDIUM,7.0,296.0,266.0,246.0,289.0,42.567,0.0716
Singapore,2023,SAR,Williams,51.0,98.62,28.712,42.077,27.831,MEDIUM,8.0,298.0,267.0,246.0,289.0,42.771,0.0498
Singapore,2023,SAR,Williams,52.0,98.812,28.727,42.288,27.797,MEDIUM,9.0,297.0,268.0,248.0,288.0,43.138,0.0724
Singapore,2023,SAR,Williams,53.0,98.983,28.748,42.342,27.893,MEDIUM,10.0,296.0,268.0,247.0,288.0,42.837,0.1477
Singapore,2023,SAR,Williams,54.0,98.933,28.814,42.329,27.79,MEDIUM,11.0,296.0,267.0,247.0,288.0,42.84,0.1614
Singapore,2023,SAR,Williams,55.0,98.858,28.823,42.279,27.756,MEDIUM,12.0,296.0,268.0,247.0,288.0,42.718,0.1402
Singapore,2023,SAR,Williams,56.0,98.881,28.8,42.27,27.811,MEDIUM,13.0,296.0,268.0,247.0,288.0,42.954,0.0664
Singapore,2023,SAR,Williams,57.0,99.171,28.771,42.439,27.961,MEDIUM,14.0,296.0,267.0,247.0,288.0,43.176,0.1248
Singapore,2023,SAR,Williams,58.0,100.767,28.847,44.077,27.843,MEDIUM,15.0,296.0,268.0,248.0,288.0,42.99,0.8173
Singapore,2023,SAR,Williams,59.0,99.374,28.97,42.582,27.822,MEDIUM,16.0,297.0,268.0,248.0,289.0,43.258,0.7881
Singapore,2023,SAR,Williams,60.0,99.786,28.867,42.683,28.236,MEDIUM,17.0,298.0,270.0,246.0,289.0,43.035,0.7329
Singapore,2023,SAR,Williams,61.0,101.938,29.041,43.086,29.811,MEDIUM,18.0,300.0,273.0,245.0,291.0,43.244,1.1461
Singapore,2023,SAR,Williams,62.0,103.955,29.263,45.567,29.125,MEDIUM,19.0,314.0,276.0,245.0,297.0,42.777,1.8473
Singapore,2023,VER,Red Bull Racing,2.0,101.596,29.484,43.638,28.474,HARD,2.0,288.0,258.0,244.0,283.0,43.902,
Singapore,2023,VER,Red Bull Racing,3.0,101.51,29.192,43.226,29.092,HARD,3.0,290.0,272.0,244.0,281.0,43.66,
Singapore,2023,VER,Red Bull Racing,4.0,101.143,29.199,43.338,28.606,HARD,4.0,300.0,261.0,245.0,291.0,44.02,0.2406
Singapore,2023,VER,Red Bull Racing,5.0,101.308,29.224,43.414,28.67,HARD,5.0,300.0,254.0,244.0,295.0,43.843,0.2038
Singapore,2023,VER,Red Bull Racing,6.0,101.313,29.28,43.618,28.415,HARD,6.0,313.0,269.0,242.0,295.0,43.955,0.1797
Singapore,2023,VER,Red Bull Racing,7.0,100.423,29.547,42.619,28.257,HARD,7.0,286.0,253.0,242.0,276.0,43.928,0.4211
Singapore,2023,VER,Red Bull Racing,8.0,100.177,29.375,42.775,28.027,HARD,8.0,288.0,258.0,241.0,284.0,43.36,0.5345
Singapore,2023,VER,Red Bull Racing,9.0,100.264,29.366,42.774,28.124,HARD,9.0,291.0,257.0,242.0,286.0,43.367,0.567
Singapore,2023,VER,Red Bull Racing,10.0,100.408,29.385,42.904,28.119,HARD,10.0,290.0,259.0,246.0,284.0,43.755,0.4566
Singapore,2023,VER,Red Bull Racing,11.0,100.423,29.174,43.092,28.157,HARD,11.0,294.0,265.0,243.0,293.0,43.513,0.1126
Singapore,2023,VER,Red Bull Racing,12.0,100.602,29.376,43.056,28.17,HARD,12.0,283.0,257.0,243.0,282.0,43.858,0.1631
Singapore,2023,VER,Red Bull Racing,13.0,100.693,29.363,43.118,28.212,HARD,13.0,288.0,260.0,244.0,283.0,43.516,0.1698
Singapore,2023,VER,Red Bull Racing,14.0,100.633,29.398,43.147,28.088,HARD,14.0,290.0,261.0,244.0,282.0,43.691,0.1288
Singapore,2023,VER,Red Bull Racing,15.0,100.206,29.35,42.748,28.108,HARD,15.0,289.0,262.0,242.0,282.0,43.633,0.1982
Singapore,2023,VER,Red Bull Racing,16.0,100.39,29.385,43.003,28.002,HARD,16.0,290.0,259.0,243.0,281.0,43.269,0.2023
Singapore,2023,VER,Red Bull Racing,17.0,100.481,29.424,42.957,28.1,HARD,17.0,291.0,262.0,241.0,283.0,43.737,0.1949
Singapore,2023,VER,Red Bull Racing,18.0,100.464,29.297,42.985,28.182,HARD,18.0,290.0,261.0,242.0,281.0,43.329,0.1554
Singapore,2023,VER,Red Bull Racing,19.0,100.746,29.317,43.302,28.127,HARD,19.0,290.0,260.0,243.0,283.0,43.519,0.1947
Singapore,2023,VER,Red Bull Racing,23.0,103.346,29.525,44.42,29.401,HARD,23.0,289.0,260.0,241.0,284.0,43.368,1.2709
Singapore,2023,VER,Red Bull Racing,24.0,101.971,29.646,43.187,29.138,HARD,24.0,286.0,258.0,243.0,284.0,43.652,1.2511
Singapore,2023,VER,Red Bull Racing,25.0,100.7,29.509,43.123,28.068,HARD,25.0,288.0,258.0,244.0,279.0,43.639,1.2141
Singapore,2023,VER,Red Bull Racing,26.0,100.244,29.323,42.895,28.026,HARD,26.0,289.0,260.0,245.0,283.0,43.459,1.2616
Singapore,2023,VER,Red Bull Racing,27.0,101.18,29.264,43.775,28.141,HARD,27.0,289.0,261.0,244.0,281.0,43.488,1.2195
Singapore,2023,VER,Red Bull Racing,28.0,101.431,29.371,43.923,28.137,HARD,28.0,289.0,268.0,244.0,281.0,43.327,0.6647
Singapore,2023,VER,Red Bull Racing,29.0,100.437,29.239,43.116,28.082,HARD,29.0,290.0,259.0,244.0,282.0,43.179,0.4984
Singapore,2023,VER,Red Bull Racing,30.0,100.326,29.215,42.984,28.127,HARD,30.0,290.0,262.0,242.0,283.0,43.188,0.5429
Singapore,2023,VER,Red Bull Racing,31.0,100.247,29.203,42.946,28.098,HARD,31.0,291.0,261.0,243.0,284.0,43.876,0.5422
Singapore,2023,VER,Red Bull Racing,32.0,100.033,29.169,42.944,27.92,HARD,32.0,290.0,262.0,245.0,284.0,43.149,0.5438
Singapore,2023,VER,Red Bull Racing,33.0,100.087,29.136,42.96,27.991,HARD,33.0,288.0,261.0,243.0,283.0,43.235,0.167
Singapore,2023,VER,Red Bull Racing,34.0,100.378,29.177,43.109,28.092,HARD,34.0,289.0,261.0,244.0,282.0,43.178,0.1495
Singapore,2023,VER,Red Bull Racing,35.0,100.266,29.137,43.13,27.999,HARD,35.0,289.0,261.0,244.0,281.0,42.965,0.1404
Singapore,2023,VER,Red Bull Racing,36.0,100.372,29.08,43.147,28.145,HARD,36.0,289.0,263.0,241.0,284.0,43.25,0.1601
Singapore,2023,VER,Red Bull Racing,37.0,100.224,29.14,43.006,28.078,HARD,37.0,290.0,262.0,241.0,283.0,42.929,0.12
Singapore,2023,VER,Red Bull Racing,38.0,100.61,29.19,43.225,28.195,HARD,38.0,289.0,262.0,243.0,284.0,43.071,0.1498
Singapore,2023,VER,Red Bull Racing,39.0,101.173,29.285,43.547,28.341,HARD,39.0,290.0,262.0,243.0,283.0,43.518,0.3899
Singapore,2023,VER,Red Bull Racing,42.0,97.713,28.603,41.522,27.588,MEDIUM,2.0,288.0,263.0,250.0,284.0,43.313,1.3384
Singapore,2023,VER,Red Bull Racing,46.0,97.57,28.654,41.533,27.383,MEDIUM,6.0,292.0,262.0,249.0,283.0,43.489,1.693
Singapore,2023,VER,Red Bull Racing,47.0,98.09,28.369,42.457,27.264,MEDIUM,7.0,307.0,274.0,249.0,286.0,43.705,1.7204
Singapore,2023,VER,Red Bull Racing,48.0,98.333,28.439,42.401,27.493,MEDIUM,8.0,309.0,276.0,250.0,283.0,43.626,1.4829
Singapore,2023,VER,Red Bull Racing,49.0,97.085,28.514,41.362,27.209,MEDIUM,9.0,290.0,261.0,251.0,281.0,43.527,0.4825
Singapore,2023,VER,Red Bull Racing,50.0,99.006,28.78,42.024,28.202,MEDIUM,10.0,293.0,278.0,251.0,285.0,43.215,0.7334
Singapore,2023,VER,Red Bull Racing,51.0,97.144,28.628,41.326,27.19,MEDIUM,11.0,286.0,261.0,249.0,280.0,43.197,0.8182
Singapore,2023,VER,Red Bull Racing,52.0,96.835,28.472,41.24,27.123,MEDIUM,12.0,289.0,263.0,252.0,286.0,43.243,0.9407
Singapore,2023,VER,Red Bull Racing,53.0,97.132,28.473,41.433,27.226,MEDIUM,13.0,292.0,262.0,250.0,286.0,43.316,0.8842
Singapore,2023,VER,Red Bull Racing,54.0,98.196,28.438,42.164,27.594,MEDIUM,14.0,312.0,280.0,252.0,285.0,43.396,0.9117
Singapore,2023,VER,Red Bull Racing,55.0,96.899,28.515,41.295,27.089,MEDIUM,15.0,289.0,262.0,251.0,284.0,42.751,0.5512
Singapore,2023,VER,Red Bull Racing,56.0,97.519,28.578,41.452,27.489,MEDIUM,16.0,291.0,273.0,252.0,286.0,43.252,0.5601
Singapore,2023,VER,Red Bull Racing,57.0,99.299,28.694,42.968,27.637,MEDIUM,17.0,316.0,276.0,249.0,299.0,43.542,0.967
Singapore,2023,VER,Red Bull Racing,58.0,96.912,28.514,41.186,27.212,MEDIUM,18.0,286.0,259.0,251.0,279.0,43.203,1.0096
Singapore,2023,VER,Red Bull Racing,59.0,96.748,28.471,41.224,27.053,MEDIUM,19.0,289.0,262.0,251.0,283.0,42.817,1.0614
Singapore,2023,VER,Red Bull Racing,60.0,96.758,28.486,41.22,27.052,MEDIUM,20.0,289.0,263.0,252.0,284.0,42.739,1.0822
Singapore,2023,VER,Red Bull Racing,61.0,96.575,28.434,41.086,27.055,MEDIUM,21.0,292.0,266.0,248.0,284.0,42.827,1.147
Singapore,2023,VER,Red Bull Racing,62.0,98.197,28.493,41.975,27.729,MEDIUM,22.0,293.0,267.0,252.0,287.0,43.052,0.6588
Singapore,2023,ZHO,Alfa Romeo,4.0,99.869,29.309,42.543,28.017,HARD,2.0,281.0,255.0,245.0,278.0,42.635,
Singapore,2023,ZHO,Alfa Romeo,5.0,100.371,29.561,42.695,28.115,HARD,3.0,279.0,255.0,243.0,276.0,42.7,
Singapore,2023,ZHO,Alfa Romeo,6.0,100.471,29.451,42.914,28.106,HARD,4.0,281.0,255.0,244.0,275.0,42.787,0.3226
Singapore,2023,ZHO,Alfa Romeo,7.0,100.588,29.509,43.006,28.073,HARD,5.0,282.0,255.0,244.0,276.0,42.05,0.3165
Singapore,2023,ZHO,Alfa Romeo,8.0,101.24,29.629,43.273,28.338,HARD,6.0,282.0,255.0,243.0,276.0,42.82,0.4926
Singapore,2023,ZHO,Alfa Romeo,9.0,100.555,29.555,42.774,28.226,HARD,7.0,282.0,256.0,244.0,276.0,42.387,0.343
Singapore,2023,ZHO,Alfa Romeo,10.0,100.566,29.532,42.896,28.138,HARD,8.0,282.0,255.0,244.0,276.0,42.441,0.314
Singapore,2023,ZHO,Alfa Romeo,11.0,100.534,29.458,42.942,28.134,HARD,9.0,283.0,255.0,244.0,277.0,42.852,0.3044
Singapore,2023,ZHO,Alfa Romeo,12.0,100.316,29.414,42.814,28.088,HARD,10.0,283.0,255.0,244.0,276.0,42.503,0.3496
Singapore,2023,ZHO,Alfa Romeo,13.0,100.397,29.329,42.913,28.155,HARD,11.0,283.0,255.0,245.0,277.0,42.418,0.1113
Singapore,2023,ZHO,Alfa Romeo,14.0,100.833,29.342,43.205,28.286,HARD,12.0,283.0,255.0,245.0,277.0,42.665,0.1979
Singapore,2023,ZHO,Alfa Romeo,15.0,100.463,29.433,42.938,28.092,HARD,13.0,283.0,256.0,245.0,277.0,42.488,0.1984
Singapore,2023,ZHO,Alfa Romeo,16.0,100.425,29.372,42.922,28.131,HARD,14.0,284.0,257.0,244.0,278.0,42.587,0.2009
Singapore,2023,ZHO,Alfa Romeo,17.0,100.424,29.433,42.758,28.233,HARD,15.0,284.0,256.0,243.0,277.0,42.216,0.183
Singapore,2023,ZHO,Alfa Romeo,18.0,100.582,29.468,42.855,28.259,HARD,16.0,284.0,256.0,244.0,277.0,42.512,0.1733
Singapore,2023,ZHO,Alfa Romeo,19.0,101.684,29.482,43.929,28.273,HARD,17.0,282.0,255.0,244.0,277.0,42.527,0.5452
Singapore,2023,ZHO,Alfa Romeo,23.0,102.749,29.442,43.914,29.393,MEDIUM,3.0,298.0,267.0,240.0,287.0,42.75,1.0265
Singapore,2023,ZHO,Alfa Romeo,24.0,103.949,30.783,44.631,28.535,MEDIUM,4.0,292.0,260.0,245.0,292.0,42.489,1.4899
Singapore,2023,ZHO,Alfa Romeo,25.0,101.346,29.638,43.391,28.317,MEDIUM,5.0,291.0,261.0,247.0,282.0,43.055,1.3114
Singapore,2023,ZHO,Alfa Romeo,26.0,100.973,29.338,43.361,28.274,MEDIUM,6.0,290.0,262.0,245.0,283.0,42.638,1.2087
Singapore,2023,ZHO,Alfa Romeo,27.0,100.57,29.288,43.083,28.199,MEDIUM,7.0,294.0,265.0,245.0,282.0,42.469,1.4011
Singapore,2023,ZHO,Alfa Romeo,28.0,101.31,29.255,43.542,28.513,MEDIUM,8.0,304.0,269.0,246.0,286.0,42.877,1.3338
Singapore,2023,ZHO,Alfa Romeo,29.0,101.476,29.264,43.695,28.517,MEDIUM,9.0,298.0,269.0,246.0,291.0,42.688,0.3664
Singapore,2023,ZHO,Alfa Romeo,30.0,100.866,29.353,43.178,28.335,MEDIUM,10.0,302.0,268.0,246.0,292.0,42.745,0.3601
Singapore,2023,ZHO,Alfa Romeo,31.0,100.778,29.618,42.962,28.198,MEDIUM,11.0,289.0,260.0,246.0,280.0,42.154,0.3791
Singapore,2023,ZHO,Alfa Romeo,32.0,100.576,29.289,43.04,28.247,MEDIUM,12.0,308.0,272.0,246.0,295.0,42.57,0.3774
Singapore,2023,ZHO,Alfa Romeo,33.0,100.708,29.174,43.258,28.276,MEDIUM,13.0,305.0,270.0,245.0,293.0,42.581,0.3492
Singapore,2023,ZHO,Alfa Romeo,34.0,100.499,29.145,43.12,28.234,MEDIUM,14.0,306.0,271.0,245.0,292.0,42.254,0.1487
Singapore,2023,ZHO,Alfa Romeo,35.0,101.189,29.236,43.383,28.57,MEDIUM,15.0,299.0,270.0,242.0,292.0,42.654,0.2686
Singapore,2023,ZHO,Alfa Romeo,36.0,102.747,29.542,44.461,28.744,MEDIUM,16.0,293.0,272.0,245.0,293.0,42.366,0.9355
Singapore,2023,ZHO,Alfa Romeo,37.0,101.148,29.614,43.307,28.227,MEDIUM,17.0,290.0,262.0,244.0,283.0,42.411,0.8821
Singapore,2023,ZHO,Alfa Romeo,38.0,100.821,29.68,43.128,28.013,MEDIUM,18.0,289.0,264.0,244.0,283.0,42.646,0.8658
Singapore,2023,ZHO,Alfa Romeo,39.0,100.894,29.299,43.264,28.331,MEDIUM,19.0,293.0,265.0,242.0,284.0,42.277,0.7915
Singapore,2023,ZHO,Alfa Romeo,40.0,100.806,29.429,43.021,28.356,MEDIUM,20.0,293.0,264.0,244.0,284.0,42.564,0.8297
Singapore,2023,ZHO,Alfa Romeo,41.0,100.853,29.426,43.128,28.299,MEDIUM,21.0,289.0,261.0,244.0,285.0,42.232,0.1403
Singapore,2023,ZHO,Alfa Romeo,42.0,100.425,29.347,42.875,28.203,MEDIUM,22.0,288.0,261.0,245.0,281.0,42.701,0.1902
Singapore,2023,ZHO,Alfa Romeo,46.0,99.316,29.069,42.329,27.918,MEDIUM,26.0,293.0,266.0,246.0,285.0,42.147,0.6657
Singapore,2023,ZHO,Alfa Romeo,47.0,100.485,28.882,43.328,28.275,MEDIUM,27.0,291.0,263.0,246.0,284.0,42.188,0.6226
Singapore,2023,ZHO,Alfa Romeo,48.0,99.79,29.181,42.622,27.987,MEDIUM,28.0,288.0,263.0,245.0,282.0,41.829,0.6133
Singapore,2023,ZHO,Alfa Romeo,49.0,100.042,29.147,42.8,28.095,MEDIUM,29.0,290.0,272.0,249.0,282.0,42.483,0.4819
Singapore,2023,ZHO,Alfa Romeo,50.0,99.818,28.82,42.843,28.155,MEDIUM,30.0,305.0,272.0,250.0,294.0,42.457,0.4248
Singapore,2023,ZHO,Alfa Romeo,51.0,100.482,28.954,42.951,28.577,MEDIUM,31.0,306.0,278.0,245.0,295.0,42.607,0.3429
Singapore,2023,ZHO,Alfa Romeo,52.0,103.708,29.234,45.672,28.802,MEDIUM,32.0,307.0,262.0,244.0,293.0,41.917,1.6667
Singapore,2023,ZHO,Alfa Romeo,53.0,101.753,29.335,44.041,28.377,MEDIUM,33.0,289.0,262.0,245.0,281.0,42.146,1.6089
Singapore,2023,ZHO,Alfa Romeo,54.0,101.708,29.511,43.642,28.555,MEDIUM,34.0,286.0,261.0,244.0,282.0,41.596,1.4873
Singapore,2023,ZHO,Alfa Romeo,55.0,100.798,29.454,43.0,28.344,MEDIUM,35.0,288.0,269.0,248.0,282.0,42.279,1.2581
Singapore,2023,ZHO,Alfa Romeo,56.0,101.215,29.094,43.492,28.629,MEDIUM,36.0,301.0,279.0,248.0,294.0,42.442,1.117
Singapore,2023,ZHO,Alfa Romeo,57.0,101.419,29.149,43.614,28.656,MEDIUM,37.0,297.0,277.0,247.0,292.0,42.111,0.3918
Singapore,2023,ZHO,Alfa Romeo,58.0,102.795,29.299,44.848,28.648,MEDIUM,38.0,304.0,262.0,246.0,291.0,42.374,0.7522
Singapore,2023,ZHO,Alfa Romeo,59.0,103.773,30.587,44.615,28.571,MEDIUM,39.0,288.0,263.0,245.0,284.0,41.458,1.2424
Singapore,2023,ZHO,Alfa Romeo,60.0,101.794,29.574,43.644,28.576,MEDIUM,40.0,289.0,272.0,248.0,281.0,42.022,1.0693
Singapore,2023,ZHO,Alfa Romeo,61.0,102.01,29.219,43.948,28.843,MEDIUM,41.0,313.0,278.0,246.0,296.0,42.705,0.9373
Singapore,2023,ZHO,Alfa Romeo,62.0,102.246,29.409,44.389,28.448,MEDIUM,42.0,283.0,258.0,245.0,279.0,41.995,0.7918
