Race,Season,Driver,Team,LapNumber,LapTime_s,Sector1_s,Sector2_s,Sector3_s,Compound,TyreLife,Stint,PitInTime_s,PitOutTime_s,Position,TrackStatus,IsAccurate,FreshTyre,FuelLoad_kg,FuelCorrection_s,SpeedI1,SpeedI2,SpeedFL,SpeedST
Singapore,2023,VER,Red Bull Racing,1.0,109.827,,45.712,28.852,HARD,1.0,1.0,,,10.0,12,False,True,108.4,3.252,294.0,261.0,238.0,224.0
Singapore,2023,VER,Red Bull Racing,2.0,101.596,29.484,43.638,28.474,HARD,2.0,1.0,,,9.0,12,True,True,106.8,3.204,288.0,258.0,244.0,283.0
Singapore,2023,VER,Red Bull Racing,3.0,101.51,29.192,43.226,29.092,HARD,3.0,1.0,,,9.0,1,True,True,105.2,3.156,290.0,272.0,244.0,281.0
Singapore,2023,VER,Red Bull Racing,4.0,101.143,29.199,43.338,28.606,HARD,4.0,1.0,,,9.0,1,True,True,103.6,3.108,300.0,261.0,245.0,291.0
Singapore,2023,VER,Red Bull Racing,5.0,101.308,29.224,43.414,28.67,HARD,5.0,1.0,,,9.0,1,True,True,102.0,3.06,300.0,254.0,244.0,295.0
Singapore,2023,VER,Red Bull Racing,6.0,101.313,29.28,43.618,28.415,HARD,6.0,1.0,,,8.0,1,True,True,100.4,3.012,313.0,269.0,242.0,295.0
Singapore,2023,VER,Red Bull Racing,7.0,100.423,29.547,42.619,28.257,HARD,7.0,1.0,,,8.0,1,True,True,98.8,2.964,286.0,253.0,242.0,276.0
Singapore,2023,VER,Red Bull Racing,8.0,100.177,29.375,42.775,28.027,HARD,8.0,1.0,,,8.0,1,True,True,97.2,2.916,288.0,258.0,241.0,284.0
Singapore,2023,VER,Red Bull Racing,9.0,100.264,29.366,42.774,28.124,HARD,9.0,1.0,,,8.0,1,True,True,95.6,2.868,291.0,257.0,242.0,286.0
Singapore,2023,VER,Red Bull Racing,10.0,100.408,29.385,42.904,28.119,HARD,10.0,1.0,,,8.0,1,True,True,94.0,2.82,290.0,259.0,246.0,284.0
Singapore,2023,VER,Red Bull Racing,11.0,100.423,29.174,43.092,28.157,HARD,11.0,1.0,,,8.0,1,True,True,92.4,2.772,294.0,265.0,243.0,293.0
Singapore,2023,VER,Red Bull Racing,12.0,100.602,29.376,43.056,28.17,HARD,12.0,1.0,,,8.0,1,True,True,90.8,2.724,283.0,257.0,243.0,282.0
Singapore,2023,VER,Red Bull Racing,13.0,100.693,29.363,43.118,28.212,HARD,13.0,1.0,,,8.0,1,True,True,89.2,2.676,288.0,260.0,244.0,283.0
Singapore,2023,VER,Red Bull Racing,14.0,100.633,29.398,43.147,28.088,HARD,14.0,1.0,,,8.0,1,True,True,87.6,2.628,290.0,261.0,244.0,282.0
Singapore,2023,VER,Red Bull Racing,15.0,100.206,29.35,42.748,28.108,HARD,15.0,1.0,,,8.0,1,True,True,86.0,2.58,289.0,262.0,242.0,282.0
Singapore,2023,VER,Red Bull Racing,16.0,100.39,29.385,43.003,28.002,HARD,16.0,1.0,,,8.0,1,True,True,84.4,2.532,290.0,259.0,243.0,281.0
Singapore,2023,VER,Red Bull Racing,17.0,100.481,29.424,42.957,28.1,HARD,17.0,1.0,,,8.0,1,True,True,82.8,2.484,291.0,262.0,241.0,283.0
Singapore,2023,VER,Red Bull Racing,18.0,100.464,29.297,42.985,28.182,HARD,18.0,1.0,,,8.0,1,True,True,81.2,2.436,290.0,261.0,242.0,281.0
Singapore,2023,VER,Red Bull Racing,19.0,100.746,29.317,43.302,28.127,HARD,19.0,1.0,,,8.0,12,True,True,79.6,2.388,290.0,260.0,243.0,283.0
Singapore,2023,VER,Red Bull Racing,20.0,118.294,29.329,51.424,37.541,HARD,20.0,1.0,,,6.0,14,False,True,78.0,2.34,291.0,178.0,221.0,281.0
Singapore,2023,VER,Red Bull Racing,21.0,,55.545,70.129,46.408,HARD,21.0,1.0,,,2.0,4,False,True,76.4,2.292,131.0,144.0,152.0,143.0
Singapore,2023,VER,Red Bull Racing,22.0,149.966,43.167,60.916,45.883,HARD,22.0,1.0,,,2.0,41,False,True,74.8,2.244,221.0,110.0,243.0,138.0
Singapore,2023,VER,Red Bull Racing,23.0,103.346,29.525,44.42,29.401,HARD,23.0,1.0,,,3.0,1,True,True,73.2,2.196,289.0,260.0,241.0,284.0
Singapore,2023,VER,Red Bull Racing,24.0,101.971,29.646,43.187,29.138,HARD,24.0,1.0,,,4.0,1,True,True,71.6,2.148,286.0,258.0,243.0,284.0
Singapore,2023,VER,Red Bull Racing,25.0,100.7,29.509,43.123,28.068,HARD,25.0,1.0,,,4.0,1,True,True,70.0,2.1,288.0,258.0,244.0,279.0
Singapore,2023,VER,Red Bull Racing,26.0,100.244,29.323,42.895,28.026,HARD,26.0,1.0,,,4.0,1,True,True,68.4,2.052,289.0,260.0,245.0,283.0
Singapore,2023,VER,Red Bull Racing,27.0,101.18,29.264,43.775,28.141,HARD,27.0,1.0,,,5.0,1,True,True,66.8,2.004,289.0,261.0,244.0,281.0
Singapore,2023,VER,Red Bull Racing,28.0,101.431,29.371,43.923,28.137,HARD,28.0,1.0,,,6.0,1,True,True,65.2,1.956,289.0,268.0,244.0,281.0
Singapore,2023,VER,Red Bull Racing,29.0,100.437,29.239,43.116,28.082,HARD,29.0,1.0,,,6.0,1,True,True,63.6,1.908,290.0,259.0,244.0,282.0
Singapore,2023,VER,Red Bull Racing,30.0,100.326,29.215,42.984,28.127,HARD,30.0,1.0,,,6.0,1,True,True,62.0,1.86,290.0,262.0,242.0,283.0
Singapore,2023,VER,Red Bull Racing,31.0,100.247,29.203,42.946,28.098,HARD,31.0,1.0,,,6.0,1,True,True,60.4,1.812,291.0,261.0,243.0,284.0
Singapore,2023,VER,Red Bull Racing,32.0,100.033,29.169,42.944,27.92,HARD,32.0,1.0,,,6.0,1,True,True,58.8,1.764,290.0,262.0,245.0,284.0
Singapore,2023,VER,Red Bull Racing,33.0,100.087,29.136,42.96,27.991,HARD,33.0,1.0,,,6.0,1,True,True,57.2,1.716,288.0,261.0,243.0,283.0
Singapore,2023,VER,Red Bull Racing,34.0,100.378,29.177,43.109,28.092,HARD,34.0,1.0,,,6.0,1,True,True,55.6,1.668,289.0,261.0,244.0,282.0
Singapore,2023,VER,Red Bull Racing,35.0,100.266,29.137,43.13,27.999,HARD,35.0,1.0,,,6.0,1,True,True,54.0,1.62,289.0,261.0,244.0,281.0
Singapore,2023,VER,Red Bull Racing,36.0,100.372,29.08,43.147,28.145,HARD,36.0,1.0,,,6.0,1,True,True,52.4,1.572,289.0,263.0,241.0,284.0
Singapore,2023,VER,Red Bull Racing,37.0,100.224,29.14,43.006,28.078,HARD,37.0,1.0,,,6.0,1,True,True,50.8,1.524,290.0,262.0,241.0,283.0
Singapore,2023,VER,Red Bull Racing,38.0,100.61,29.19,43.225,28.195,HARD,38.0,1.0,,,6.0,1,True,True,49.2,1.476,289.0,262.0,243.0,284.0
Singapore,2023,VER,Red Bull Racing,39.0,101.173,29.285,43.547,28.341,HARD,39.0,1.0,,,6.0,1,True,True,47.6,1.428,290.0,262.0,243.0,283.0
Singapore,2023,VER,Red Bull Racing,40.0,108.808,29.206,43.467,36.135,HARD,40.0,1.0,7941.491,,6.0,1,False,True,46.0,1.38,289.0,262.0,,283.0
Singapore,2023,VER,Red Bull Racing,41.0,119.248,50.246,41.626,27.376,MEDIUM,1.0,2.0,,7971.162,15.0,1,False,True,44.4,1.332,286.0,261.0,248.0,283.0
Singapore,2023,VER,Red Bull Racing,42.0,97.713,28.603,41.522,27.588,MEDIUM,2.0,2.0,,,15.0,1,True,True,42.8,1.284,288.0,263.0,250.0,284.0
Singapore,2023,VER,Red Bull Racing,43.0,116.357,29.711,49.36,37.286,MEDIUM,3.0,2.0,,,13.0,126,False,True,41.2,1.236,310.0,177.0,198.0,290.0
Singapore,2023,VER,Red Bull Racing,44.0,137.522,40.972,58.004,38.546,MEDIUM,4.0,2.0,,,12.0,6,False,True,39.6,1.188,248.0,154.0,211.0,239.0
Singapore,2023,VER,Red Bull Racing,45.0,104.939,35.63,41.895,27.414,MEDIUM,5.0,2.0,,,11.0,671,False,True,38.0,1.14,283.0,260.0,248.0,183.0
Singapore,2023,VER,Red Bull Racing,46.0,97.57,28.654,41.533,27.383,MEDIUM,6.0,2.0,,,11.0,1,True,True,36.4,1.092,292.0,262.0,249.0,283.0
Singapore,2023,VER,Red Bull Racing,47.0,98.09,28.369,42.457,27.264,MEDIUM,7.0,2.0,,,10.0,12,True,True,34.8,1.044,307.0,274.0,249.0,286.0
Singapore,2023,VER,Red Bull Racing,48.0,98.333,28.439,42.401,27.493,MEDIUM,8.0,2.0,,,9.0,1,True,True,33.2,0.996,309.0,276.0,250.0,283.0
Singapore,2023,VER,Red Bull Racing,49.0,97.085,28.514,41.362,27.209,MEDIUM,9.0,2.0,,,9.0,1,True,True,31.6,0.948,290.0,261.0,251.0,281.0
Singapore,2023,VER,Red Bull Racing,50.0,99.006,28.78,42.024,28.202,MEDIUM,10.0,2.0,,,8.0,1,True,True,30.0,0.9,293.0,278.0,251.0,285.0
Singapore,2023,VER,Red Bull Racing,51.0,97.144,28.628,41.326,27.19,MEDIUM,11.0,2.0,,,8.0,1,True,True,28.4,0.852,286.0,261.0,249.0,280.0
Singapore,2023,VER,Red Bull Racing,52.0,96.835,28.472,41.24,27.123,MEDIUM,12.0,2.0,,,8.0,1,True,True,26.8,0.804,289.0,263.0,252.0,286.0
Singapore,2023,VER,Red Bull Racing,53.0,97.132,28.473,41.433,27.226,MEDIUM,13.0,2.0,,,8.0,12,True,True,25.2,0.756,292.0,262.0,250.0,286.0
Singapore,2023,VER,Red Bull Racing,54.0,98.196,28.438,42.164,27.594,MEDIUM,14.0,2.0,,,7.0,1,True,True,23.6,0.708,312.0,280.0,252.0,285.0
Singapore,2023,VER,Red Bull Racing,55.0,96.899,28.515,41.295,27.089,MEDIUM,15.0,2.0,,,7.0,1,True,True,22.0,0.66,289.0,262.0,251.0,284.0
Singapore,2023,VER,Red Bull Racing,56.0,97.519,28.578,41.452,27.489,MEDIUM,16.0,2.0,,,7.0,1,True,True,20.4,0.612,291.0,273.0,252.0,286.0
Singapore,2023,VER,Red Bull Racing,57.0,99.299,28.694,42.968,27.637,MEDIUM,17.0,2.0,,,6.0,1,True,True,18.8,0.564,316.0,276.0,249.0,299.0
Singapore,2023,VER,Red Bull Racing,58.0,96.912,28.514,41.186,27.212,MEDIUM,18.0,2.0,,,6.0,12,True,True,17.2,0.516,286.0,259.0,251.0,279.0
Singapore,2023,VER,Red Bull Racing,59.0,96.748,28.471,41.224,27.053,MEDIUM,19.0,2.0,,,6.0,21,True,True,15.6,0.468,289.0,262.0,251.0,283.0
Singapore,2023,VER,Red Bull Racing,60.0,96.758,28.486,41.22,27.052,MEDIUM,20.0,2.0,,,6.0,1,True,True,14.0,0.42,289.0,263.0,252.0,284.0
Singapore,2023,VER,Red Bull Racing,61.0,96.575,28.434,41.086,27.055,MEDIUM,21.0,2.0,,,6.0,1,True,True,12.4,0.372,292.0,266.0,248.0,284.0
Singapore,2023,VER,Red Bull Racing,62.0,98.197,28.493,41.975,27.729,MEDIUM,22.0,2.0,,,5.0,12,True,True,10.8,0.324,293.0,267.0,252.0,287.0
Singapore,2023,GAS,Alpine,1.0,110.115,,46.116,28.644,MEDIUM,1.0,1.0,,,11.0,12,False,True,108.4,3.252,293.0,261.0,243.0,231.0
Singapore,2023,GAS,Alpine,2.0,102.353,29.97,43.39,28.993,MEDIUM,2.0,1.0,,,11.0,12,True,True,106.8,3.204,277.0,263.0,243.0,277.0
Singapore,2023,GAS,Alpine,3.0,101.442,29.493,43.116,28.833,MEDIUM,3.0,1.0,,,11.0,1,True,True,105.2,3.156,300.0,267.0,242.0,275.0
Singapore,2023,GAS,Alpine,4.0,101.334,29.317,43.488,28.529,MEDIUM,4.0,1.0,,,11.0,1,True,True,103.6,3.108,288.0,265.0,245.0,289.0
Singapore,2023,GAS,Alpine,5.0,101.292,29.195,43.501,28.596,MEDIUM,5.0,1.0,,,11.0,1,True,True,102.0,3.06,293.0,265.0,244.0,288.0
Singapore,2023,GAS,Alpine,6.0,101.829,29.128,44.03,28.671,MEDIUM,6.0,1.0,,,11.0,1,True,True,100.4,3.012,289.0,267.0,245.0,290.0
Singapore,2023,GAS,Alpine,7.0,101.399,29.472,43.406,28.521,MEDIUM,7.0,1.0,,,11.0,1,True,True,98.8,2.964,299.0,264.0,242.0,293.0
Singapore,2023,GAS,Alpine,8.0,100.677,29.236,43.149,28.292,MEDIUM,8.0,1.0,,,11.0,1,True,True,97.2,2.916,296.0,265.0,245.0,289.0
Singapore,2023,GAS,Alpine,9.0,101.063,29.148,43.382,28.533,MEDIUM,9.0,1.0,,,11.0,1,True,True,95.6,2.868,298.0,266.0,235.0,290.0
Singapore,2023,GAS,Alpine,10.0,100.378,29.07,43.027,28.281,MEDIUM,10.0,1.0,,,11.0,1,True,True,94.0,2.82,303.0,268.0,246.0,287.0
Singapore,2023,GAS,Alpine,11.0,100.728,29.165,43.348,28.215,MEDIUM,11.0,1.0,,,11.0,1,True,True,92.4,2.772,304.0,266.0,244.0,293.0
Singapore,2023,GAS,Alpine,12.0,100.439,29.013,43.135,28.291,MEDIUM,12.0,1.0,,,11.0,1,True,True,90.8,2.724,302.0,267.0,244.0,291.0
Singapore,2023,GAS,Alpine,13.0,100.829,29.167,43.354,28.308,MEDIUM,13.0,1.0,,,11.0,1,True,True,89.2,2.676,303.0,267.0,245.0,291.0
Singapore,2023,GAS,Alpine,14.0,100.627,28.995,43.371,28.261,MEDIUM,14.0,1.0,,,11.0,1,True,True,87.6,2.628,307.0,268.0,243.0,292.0
Singapore,2023,GAS,Alpine,15.0,100.602,29.043,43.354,28.205,MEDIUM,15.0,1.0,,,11.0,1,True,True,86.0,2.58,305.0,267.0,245.0,291.0
Singapore,2023,GAS,Alpine,16.0,100.929,29.386,43.401,28.142,MEDIUM,16.0,1.0,,,11.0,1,True,True,84.4,2.532,303.0,266.0,245.0,293.0
Singapore,2023,GAS,Alpine,17.0,100.673,29.197,43.202,28.274,MEDIUM,17.0,1.0,,,11.0,1,True,True,82.8,2.484,302.0,267.0,243.0,292.0
Singapore,2023,GAS,Alpine,18.0,100.866,29.2,43.405,28.261,MEDIUM,18.0,1.0,,,11.0,1,True,True,81.2,2.436,305.0,267.0,245.0,292.0
Singapore,2023,GAS,Alpine,19.0,101.061,29.275,43.497,28.289,MEDIUM,19.0,1.0,,,11.0,12,True,True,79.6,2.388,303.0,267.0,243.0,292.0
Singapore,2023,GAS,Alpine,20.0,128.721,29.059,53.098,46.564,MEDIUM,20.0,1.0,5814.015,,12.0,14,False,True,78.0,2.34,305.0,174.0,,293.0
Singapore,2023,GAS,Alpine,21.0,,61.008,63.843,44.846,HARD,1.0,2.0,,5845.812,12.0,4,False,True,76.4,2.292,104.0,193.0,223.0,293.0
Singapore,2023,GAS,Alpine,22.0,140.73,43.625,59.313,37.792,HARD,2.0,2.0,,,12.0,41,False,True,74.8,2.244,253.0,229.0,243.0,263.0
Singapore,2023,GAS,Alpine,23.0,103.344,29.32,44.439,29.585,HARD,3.0,2.0,,,11.0,1,True,True,73.2,2.196,297.0,266.0,242.0,285.0
Singapore,2023,GAS,Alpine,24.0,102.407,29.448,44.111,28.848,HARD,4.0,2.0,,,11.0,1,True,True,71.6,2.148,291.0,259.0,246.0,282.0
Singapore,2023,GAS,Alpine,25.0,101.048,29.149,43.468,28.431,HARD,5.0,2.0,,,11.0,1,True,True,70.0,2.1,303.0,268.0,245.0,284.0
Singapore,2023,GAS,Alpine,26.0,100.92,28.963,43.437,28.52,HARD,6.0,2.0,,,11.0,1,True,True,68.4,2.052,308.0,271.0,247.0,292.0
Singapore,2023,GAS,Alpine,27.0,100.396,29.014,43.193,28.189,HARD,7.0,2.0,,,11.0,1,True,True,66.8,2.004,315.0,269.0,246.0,295.0
Singapore,2023,GAS,Alpine,28.0,101.536,28.824,43.985,28.727,HARD,8.0,2.0,,,11.0,1,True,True,65.2,1.956,307.0,270.0,249.0,295.0
Singapore,2023,GAS,Alpine,29.0,101.706,29.071,44.09,28.545,HARD,9.0,2.0,,,11.0,1,True,True,63.6,1.908,309.0,267.0,245.0,296.0
Singapore,2023,GAS,Alpine,30.0,100.28,29.215,43.026,28.039,HARD,10.0,2.0,,,11.0,1,True,True,62.0,1.86,305.0,269.0,246.0,293.0
Singapore,2023,GAS,Alpine,31.0,99.974,29.103,42.73,28.141,HARD,11.0,2.0,,,11.0,1,True,True,60.4,1.812,306.0,269.0,244.0,294.0
Singapore,2023,GAS,Alpine,32.0,100.406,28.999,43.214,28.193,HARD,12.0,2.0,,,11.0,1,True,True,58.8,1.764,303.0,271.0,246.0,294.0
Singapore,2023,GAS,Alpine,33.0,100.154,29.095,42.931,28.128,HARD,13.0,2.0,,,11.0,1,True,True,57.2,1.716,303.0,269.0,245.0,294.0
Singapore,2023,GAS,Alpine,34.0,101.321,28.907,44.135,28.279,HARD,14.0,2.0,,,11.0,1,True,True,55.6,1.668,315.0,269.0,246.0,292.0
Singapore,2023,GAS,Alpine,35.0,102.563,28.979,45.176,28.408,HARD,15.0,2.0,,,11.0,1,True,True,54.0,1.62,315.0,269.0,245.0,293.0
Singapore,2023,GAS,Alpine,36.0,99.965,29.393,42.745,27.827,HARD,16.0,2.0,,,10.0,1,True,True,52.4,1.572,311.0,260.0,246.0,290.0
Singapore,2023,GAS,Alpine,37.0,100.508,29.177,43.022,28.309,HARD,17.0,2.0,,,10.0,1,True,True,50.8,1.524,287.0,261.0,247.0,279.0
Singapore,2023,GAS,Alpine,38.0,101.261,29.077,43.842,28.342,HARD,18.0,2.0,,,10.0,1,True,True,49.2,1.476,308.0,270.0,245.0,293.0
Singapore,2023,GAS,Alpine,39.0,102.86,29.203,44.753,28.904,HARD,19.0,2.0,,,9.0,1,True,True,47.6,1.428,304.0,271.0,244.0,293.0
Singapore,2023,GAS,Alpine,40.0,99.885,29.24,42.734,27.911,HARD,20.0,2.0,,,9.0,1,True,True,46.0,1.38,289.0,261.0,246.0,282.0
Singapore,2023,GAS,Alpine,41.0,99.934,29.271,42.653,28.01,HARD,21.0,2.0,,,8.0,1,True,True,44.4,1.332,288.0,261.0,247.0,283.0
Singapore,2023,GAS,Alpine,42.0,99.835,28.913,43.099,27.823,HARD,22.0,2.0,,,8.0,1,True,True,42.8,1.284,302.0,269.0,248.0,292.0
Singapore,2023,GAS,Alpine,43.0,110.491,29.184,43.244,38.063,HARD,23.0,2.0,,,7.0,126,False,True,41.2,1.236,303.0,268.0,195.0,293.0
Singapore,2023,GAS,Alpine,44.0,137.976,42.42,58.617,36.939,HARD,24.0,2.0,,,6.0,6,False,True,39.6,1.188,148.0,164.0,236.0,178.0
Singapore,2023,GAS,Alpine,45.0,111.238,40.158,43.58,27.5,HARD,25.0,2.0,,,6.0,671,False,True,38.0,1.14,165.0,262.0,246.0,228.0
Singapore,2023,GAS,Alpine,46.0,98.277,28.779,41.942,27.556,HARD,26.0,2.0,,,6.0,1,True,True,36.4,1.092,286.0,261.0,247.0,280.0
Singapore,2023,GAS,Alpine,47.0,98.568,28.882,42.076,27.61,HARD,27.0,2.0,,,6.0,12,True,True,34.8,1.044,286.0,259.0,248.0,281.0
Singapore,2023,GAS,Alpine,48.0,98.548,28.786,42.121,27.641,HARD,28.0,2.0,,,6.0,1,True,True,33.2,0.996,286.0,260.0,247.0,281.0
Singapore,2023,GAS,Alpine,49.0,98.634,28.746,42.266,27.622,HARD,29.0,2.0,,,6.0,1,True,True,31.6,0.948,286.0,260.0,247.0,281.0
Singapore,2023,GAS,Alpine,50.0,98.688,28.871,42.234,27.583,HARD,30.0,2.0,,,6.0,1,True,True,30.0,0.9,286.0,260.0,248.0,281.0
Singapore,2023,GAS,Alpine,51.0,98.525,28.7,42.278,27.547,HARD,31.0,2.0,,,6.0,1,True,True,28.4,0.852,287.0,260.0,247.0,281.0
Singapore,2023,GAS,Alpine,52.0,98.755,28.788,42.24,27.727,HARD,32.0,2.0,,,6.0,1,True,True,26.8,0.804,287.0,260.0,248.0,282.0
Singapore,2023,GAS,Alpine,53.0,98.718,28.861,42.263,27.594,HARD,33.0,2.0,,,6.0,12,True,True,25.2,0.756,287.0,261.0,249.0,282.0
Singapore,2023,GAS,Alpine,54.0,98.844,28.784,42.412,27.648,HARD,34.0,2.0,,,6.0,1,True,True,23.6,0.708,287.0,261.0,249.0,283.0
Singapore,2023,GAS,Alpine,55.0,99.373,29.014,42.644,27.715,HARD,35.0,2.0,,,6.0,1,True,True,22.0,0.66,287.0,260.0,248.0,282.0
Singapore,2023,GAS,Alpine,56.0,99.292,28.943,42.573,27.776,HARD,36.0,2.0,,,6.0,1,True,True,20.4,0.612,287.0,261.0,249.0,282.0
Singapore,2023,GAS,Alpine,57.0,100.874,28.922,43.092,28.86,HARD,37.0,2.0,,,7.0,1,True,True,18.8,0.564,288.0,261.0,247.0,283.0
Singapore,2023,GAS,Alpine,58.0,99.658,29.074,42.866,27.718,HARD,38.0,2.0,,,7.0,12,True,True,17.2,0.516,289.0,262.0,249.0,283.0
Singapore,2023,GAS,Alpine,59.0,99.709,29.073,42.872,27.764,HARD,39.0,2.0,,,7.0,21,True,True,15.6,0.468,288.0,260.0,248.0,282.0
Singapore,2023,GAS,Alpine,60.0,99.62,28.949,42.935,27.736,HARD,40.0,2.0,,,7.0,1,True,True,14.0,0.42,290.0,263.0,248.0,284.0
Singapore,2023,GAS,Alpine,61.0,99.711,28.898,42.982,27.831,HARD,41.0,2.0,,,7.0,1,True,True,12.4,0.372,289.0,263.0,249.0,285.0
Singapore,2023,GAS,Alpine,62.0,102.273,28.909,45.047,28.317,HARD,42.0,2.0,,,6.0,12,True,True,10.8,0.324,289.0,264.0,235.0,284.0
Singapore,2023,PER,Red Bull Racing,1.0,111.589,,46.76,28.971,HARD,1.0,1.0,,,13.0,12,False,True,108.4,3.252,299.0,264.0,240.0,231.0
Singapore,2023,PER,Red Bull Racing,2.0,102.009,29.751,43.405,28.853,HARD,2.0,1.0,,,13.0,12,True,True,106.8,3.204,294.0,265.0,242.0,285.0
Singapore,2023,PER,Red Bull Racing,3.0,101.622,29.517,43.509,28.596,HARD,3.0,1.0,,,13.0,1,True,True,105.2,3.156,312.0,269.0,242.0,283.0
Singapore,2023,PER,Red Bull Racing,4.0,101.354,29.23,43.438,28.686,HARD,4.0,1.0,,,13.0,1,True,True,103.6,3.108,310.0,268.0,242.0,297.0
Singapore,2023,PER,Red Bull Racing,5.0,101.331,29.183,43.475,28.673,HARD,5.0,1.0,,,13.0,1,True,True,102.0,3.06,301.0,264.0,245.0,295.0
Singapore,2023,PER,Red Bull Racing,6.0,103.147,29.253,44.035,29.859,HARD,6.0,1.0,,,13.0,1,True,True,100.4,3.012,309.0,269.0,234.0,296.0
Singapore,2023,PER,Red Bull Racing,7.0,101.353,29.907,43.064,28.382,HARD,7.0,1.0,,,13.0,1,True,True,98.8,2.964,291.0,251.0,242.0,280.0
Singapore,2023,PER,Red Bull Racing,8.0,100.556,29.459,42.772,28.325,HARD,8.0,1.0,,,13.0,1,True,True,97.2,2.916,283.0,257.0,242.0,281.0
Singapore,2023,PER,Red Bull Racing,9.0,100.694,29.46,43.002,28.232,HARD,9.0,1.0,,,13.0,1,True,True,95.6,2.868,288.0,260.0,244.0,284.0
Singapore,2023,PER,Red Bull Racing,10.0,100.643,29.403,43.042,28.198,HARD,10.0,1.0,,,13.0,1,True,True,94.0,2.82,284.0,260.0,243.0,285.0
Singapore,2023,PER,Red Bull Racing,11.0,100.693,29.483,42.779,28.431,HARD,11.0,1.0,,,13.0,1,True,True,92.4,2.772,291.0,260.0,240.0,281.0
Singapore,2023,PER,Red Bull Racing,12.0,100.715,29.118,43.179,28.418,HARD,12.0,1.0,,,13.0,1,True,True,90.8,2.724,305.0,259.0,237.0,294.0
Singapore,2023,PER,Red Bull Racing,13.0,100.843,29.487,43.075,28.281,HARD,13.0,1.0,,,13.0,1,True,True,89.2,2.676,292.0,262.0,241.0,284.0
Singapore,2023,PER,Red Bull Racing,14.0,100.314,29.313,42.716,28.285,HARD,14.0,1.0,,,13.0,1,True,True,87.6,2.628,289.0,260.0,243.0,285.0
Singapore,2023,PER,Red Bull Racing,15.0,100.538,29.373,42.986,28.179,HARD,15.0,1.0,,,13.0,1,True,True,86.0,2.58,293.0,263.0,243.0,285.0
Singapore,2023,PER,Red Bull Racing,16.0,100.688,29.052,43.154,28.482,HARD,16.0,1.0,,,13.0,1,True,True,84.4,2.532,304.0,271.0,242.0,297.0
Singapore,2023,PER,Red Bull Racing,17.0,100.987,29.279,43.199,28.509,HARD,17.0,1.0,,,13.0,1,True,True,82.8,2.484,304.0,269.0,244.0,296.0
Singapore,2023,PER,Red Bull Racing,18.0,101.077,29.25,43.217,28.61,HARD,18.0,1.0,,,13.0,1,True,True,81.2,2.436,309.0,267.0,245.0,296.0
Singapore,2023,PER,Red Bull Racing,19.0,101.404,29.326,43.54,28.538,HARD,19.0,1.0,,,13.0,12,True,True,79.6,2.388,310.0,269.0,242.0,297.0
Singapore,2023,PER,Red Bull Racing,20.0,121.114,29.307,54.333,37.474,HARD,20.0,1.0,,,9.0,14,False,True,78.0,2.34,306.0,191.0,217.0,297.0
Singapore,2023,PER,Red Bull Racing,21.0,,47.592,69.426,45.623,HARD,21.0,1.0,,,4.0,4,False,True,76.4,2.292,96.0,125.0,110.0,207.0
Singapore,2023,PER,Red Bull Racing,22.0,148.562,44.208,59.787,44.567,HARD,22.0,1.0,,,4.0,41,False,True,74.8,2.244,207.0,106.0,243.0,202.0
Singapore,2023,PER,Red Bull Racing,23.0,104.195,29.677,44.387,30.131,HARD,23.0,1.0,,,5.0,1,True,True,73.2,2.196,292.0,265.0,241.0,286.0
Singapore,2023,PER,Red Bull Racing,24.0,102.735,29.895,44.454,28.386,HARD,24.0,1.0,,,6.0,1,True,True,71.6,2.148,287.0,261.0,243.0,282.0
Singapore,2023,PER,Red Bull Racing,25.0,101.532,29.429,43.76,28.343,HARD,25.0,1.0,,,7.0,1,True,True,70.0,2.1,293.0,261.0,243.0,285.0
Singapore,2023,PER,Red Bull Racing,26.0,100.595,29.297,43.197,28.101,HARD,26.0,1.0,,,7.0,1,True,True,68.4,2.052,293.0,261.0,245.0,286.0
Singapore,2023,PER,Red Bull Racing,27.0,100.5,29.364,43.012,28.124,HARD,27.0,1.0,,,7.0,1,True,True,66.8,2.004,293.0,262.0,237.0,286.0
Singapore,2023,PER,Red Bull Racing,28.0,101.833,29.323,44.298,28.212,HARD,28.0,1.0,,,7.0,1,True,True,65.2,1.956,295.0,264.0,245.0,283.0
Singapore,2023,PER,Red Bull Racing,29.0,100.29,29.224,42.923,28.143,HARD,29.0,1.0,,,7.0,1,True,True,63.6,1.908,291.0,260.0,244.0,283.0
Singapore,2023,PER,Red Bull Racing,30.0,100.319,29.355,42.93,28.034,HARD,30.0,1.0,,,7.0,1,True,True,62.0,1.86,291.0,262.0,244.0,284.0
Singapore,2023,PER,Red Bull Racing,31.0,100.205,29.239,42.881,28.085,HARD,31.0,1.0,,,7.0,1,True,True,60.4,1.812,291.0,263.0,242.0,285.0
Singapore,2023,PER,Red Bull Racing,32.0,100.254,29.232,42.937,28.085,HARD,32.0,1.0,,,7.0,1,True,True,58.8,1.764,293.0,263.0,240.0,285.0
Singapore,2023,PER,Red Bull Racing,33.0,100.355,29.293,42.934,28.128,HARD,33.0,1.0,,,7.0,1,True,True,57.2,1.716,292.0,262.0,243.0,284.0
Singapore,2023,PER,Red Bull Racing,34.0,100.822,29.209,43.443,28.17,HARD,34.0,1.0,,,7.0,1,True,True,55.6,1.668,293.0,264.0,242.0,284.0
Singapore,2023,PER,Red Bull Racing,35.0,100.326,29.199,43.007,28.12,HARD,35.0,1.0,,,7.0,1,True,True,54.0,1.62,291.0,264.0,242.0,284.0
Singapore,2023,PER,Red Bull Racing,36.0,101.489,29.231,43.882,28.376,HARD,36.0,1.0,,,7.0,1,True,True,52.4,1.572,292.0,264.0,242.0,285.0
Singapore,2023,PER,Red Bull Racing,37.0,103.171,29.416,45.225,28.53,HARD,37.0,1.0,,,7.0,1,True,True,50.8,1.524,291.0,264.0,240.0,284.0
Singapore,2023,PER,Red Bull Racing,38.0,101.321,29.401,43.619,28.301,HARD,38.0,1.0,,,7.0,1,True,True,49.2,1.476,291.0,263.0,242.0,283.0
Singapore,2023,PER,Red Bull Racing,39.0,113.087,29.453,45.679,37.955,HARD,39.0,1.0,7853.586,,15.0,1,False,True,47.6,1.428,292.0,264.0,,283.0
Singapore,2023,PER,Red Bull Racing,40.0,119.337,49.593,42.122,27.622,MEDIUM,1.0,2.0,,7882.57,18.0,1,False,True,46.0,1.38,290.0,261.0,246.0,283.0
Singapore,2023,PER,Red Bull Racing,41.0,98.551,29.039,41.884,27.628,MEDIUM,2.0,2.0,,,17.0,1,True,True,44.4,1.332,289.0,263.0,245.0,285.0
Singapore,2023,PER,Red Bull Racing,42.0,98.709,28.843,41.97,27.896,MEDIUM,3.0,2.0,,,17.0,12,True,True,42.8,1.284,290.0,262.0,245.0,286.0
Singapore,2023,PER,Red Bull Racing,43.0,120.69,29.574,52.111,39.005,MEDIUM,4.0,2.0,,,15.0,26,False,True,41.2,1.236,314.0,234.0,189.0,286.0
Singapore,2023,PER,Red Bull Racing,44.0,137.392,41.351,58.297,37.744,MEDIUM,5.0,2.0,,,14.0,67,False,True,39.6,1.188,215.0,166.0,218.0,248.0
Singapore,2023,PER,Red Bull Racing,45.0,100.229,30.627,42.053,27.549,MEDIUM,6.0,2.0,,,13.0,71,False,True,38.0,1.14,288.0,270.0,250.0,238.0
Singapore,2023,PER,Red Bull Racing,46.0,97.541,28.399,41.671,27.471,MEDIUM,7.0,2.0,,,13.0,12,True,True,36.4,1.092,310.0,270.0,248.0,299.0
Singapore,2023,PER,Red Bull Racing,47.0,98.235,28.941,41.627,27.667,MEDIUM,8.0,2.0,,,13.0,21,True,True,34.8,1.044,291.0,262.0,247.0,288.0
Singapore,2023,PER,Red Bull Racing,48.0,98.351,28.945,41.884,27.522,MEDIUM,9.0,2.0,,,13.0,1,True,True,33.2,0.996,291.0,261.0,247.0,286.0
Singapore,2023,PER,Red Bull Racing,49.0,98.01,28.78,41.826,27.404,MEDIUM,10.0,2.0,,,13.0,1,True,True,31.6,0.948,293.0,260.0,248.0,286.0
Singapore,2023,PER,Red Bull Racing,50.0,97.799,28.809,41.523,27.467,MEDIUM,11.0,2.0,,,13.0,1,True,True,30.0,0.9,292.0,261.0,249.0,286.0
Singapore,2023,PER,Red Bull Racing,51.0,98.116,28.87,41.703,27.543,MEDIUM,12.0,2.0,,,13.0,1,True,True,28.4,0.852,293.0,261.0,249.0,288.0
Singapore,2023,PER,Red Bull Racing,52.0,99.858,28.791,43.358,27.709,MEDIUM,13.0,2.0,,,12.0,12,True,True,26.8,0.804,298.0,272.0,248.0,289.0
Singapore,2023,PER,Red Bull Racing,53.0,99.32,28.658,42.719,27.943,MEDIUM,14.0,2.0,,,11.0,21,True,True,25.2,0.756,313.0,270.0,249.0,288.0
Singapore,2023,PER,Red Bull Racing,54.0,98.386,28.483,42.129,27.774,MEDIUM,15.0,2.0,,,11.0,1,True,True,23.6,0.708,312.0,272.0,250.0,300.0
Singapore,2023,PER,Red Bull Racing,55.0,97.746,28.446,41.639,27.661,MEDIUM,16.0,2.0,,,11.0,1,True,True,22.0,0.66,310.0,273.0,249.0,300.0
Singapore,2023,PER,Red Bull Racing,56.0,98.016,28.479,41.775,27.762,MEDIUM,17.0,2.0,,,11.0,1,True,True,20.4,0.612,311.0,274.0,252.0,300.0
Singapore,2023,PER,Red Bull Racing,57.0,101.365,28.532,43.905,28.928,MEDIUM,18.0,2.0,,,11.0,1,True,True,18.8,0.564,314.0,282.0,248.0,303.0
Singapore,2023,PER,Red Bull Racing,58.0,100.912,28.899,44.015,27.998,MEDIUM,19.0,2.0,,,10.0,12,True,True,17.2,0.516,315.0,273.0,250.0,300.0
Singapore,2023,PER,Red Bull Racing,59.0,102.042,28.832,44.679,28.531,MEDIUM,20.0,2.0,,,10.0,1,True,True,15.6,0.468,314.0,274.0,251.0,301.0
Singapore,2023,PER,Red Bull Racing,60.0,99.147,28.722,43.19,27.235,MEDIUM,21.0,2.0,,,9.0,1,True,True,14.0,0.42,315.0,262.0,250.0,301.0
Singapore,2023,PER,Red Bull Racing,61.0,97.108,28.694,41.344,27.07,MEDIUM,22.0,2.0,,,9.0,12,True,True,12.4,0.372,292.0,266.0,250.0,286.0
Singapore,2023,PER,Red Bull Racing,62.0,98.189,28.52,42.463,27.206,MEDIUM,23.0,2.0,,,8.0,2,True,True,10.8,0.324,292.0,266.0,250.0,287.0
Singapore,2023,ALO,Aston Martin,1.0,107.377,,44.826,28.449,MEDIUM,1.0,1.0,,,6.0,12,False,True,108.4,3.252,298.0,262.0,245.0,211.0
Singapore,2023,ALO,Aston Martin,2.0,102.255,29.577,44.018,28.66,MEDIUM,2.0,1.0,,,6.0,12,True,True,106.8,3.204,278.0,263.0,243.0,279.0
Singapore,2023,ALO,Aston Martin,3.0,101.349,29.239,43.697,28.413,MEDIUM,3.0,1.0,,,6.0,1,True,True,105.2,3.156,284.0,264.0,244.0,286.0
Singapore,2023,ALO,Aston Martin,4.0,101.356,29.331,43.404,28.621,MEDIUM,4.0,1.0,,,6.0,1,True,True,103.6,3.108,287.0,263.0,242.0,283.0
Singapore,2023,ALO,Aston Martin,5.0,101.194,29.345,43.476,28.373,MEDIUM,5.0,1.0,,,6.0,1,True,True,102.0,3.06,293.0,265.0,245.0,294.0
Singapore,2023,ALO,Aston Martin,6.0,100.686,29.186,43.194,28.306,MEDIUM,6.0,1.0,,,6.0,1,True,True,100.4,3.012,286.0,263.0,243.0,297.0
Singapore,2023,ALO,Aston Martin,7.0,100.774,29.341,43.249,28.184,MEDIUM,7.0,1.0,,,6.0,1,True,True,98.8,2.964,291.0,263.0,243.0,282.0
Singapore,2023,ALO,Aston Martin,8.0,100.21,29.229,42.747,28.234,MEDIUM,8.0,1.0,,,6.0,1,True,True,97.2,2.916,290.0,261.0,242.0,285.0
Singapore,2023,ALO,Aston Martin,9.0,100.422,29.262,42.795,28.365,MEDIUM,9.0,1.0,,,6.0,1,True,True,95.6,2.868,292.0,265.0,244.0,286.0
Singapore,2023,ALO,Aston Martin,10.0,100.555,29.379,42.947,28.229,MEDIUM,10.0,1.0,,,6.0,1,True,True,94.0,2.82,291.0,264.0,243.0,286.0
Singapore,2023,ALO,Aston Martin,11.0,100.147,29.359,42.729,28.059,MEDIUM,11.0,1.0,,,6.0,1,True,True,92.4,2.772,288.0,264.0,243.0,283.0
Singapore,2023,ALO,Aston Martin,12.0,100.383,29.306,42.802,28.275,MEDIUM,12.0,1.0,,,6.0,1,True,True,90.8,2.724,293.0,264.0,245.0,283.0
Singapore,2023,ALO,Aston Martin,13.0,100.554,29.407,42.932,28.215,MEDIUM,13.0,1.0,,,6.0,1,True,True,89.2,2.676,285.0,263.0,242.0,287.0
Singapore,2023,ALO,Aston Martin,14.0,100.18,29.252,42.845,28.083,MEDIUM,14.0,1.0,,,6.0,1,True,True,87.6,2.628,291.0,265.0,243.0,286.0
Singapore,2023,ALO,Aston Martin,15.0,100.095,29.271,42.848,27.976,MEDIUM,15.0,1.0,,,6.0,1,True,True,86.0,2.58,295.0,265.0,243.0,284.0
Singapore,2023,ALO,Aston Martin,16.0,100.238,29.292,42.883,28.063,MEDIUM,16.0,1.0,,,6.0,1,True,True,84.4,2.532,293.0,264.0,243.0,287.0
Singapore,2023,ALO,Aston Martin,17.0,100.499,29.315,43.044,28.14,MEDIUM,17.0,1.0,,,6.0,1,True,True,82.8,2.484,294.0,264.0,243.0,284.0
Singapore,2023,ALO,Aston Martin,18.0,100.316,29.325,42.969,28.022,MEDIUM,18.0,1.0,,,6.0,1,True,True,81.2,2.436,295.0,264.0,243.0,286.0
Singapore,2023,ALO,Aston Martin,19.0,100.346,29.305,42.939,28.102,MEDIUM,19.0,1.0,,,6.0,12,True,True,79.6,2.388,295.0,265.0,243.0,286.0
Singapore,2023,ALO,Aston Martin,20.0,124.3,29.331,50.557,44.412,MEDIUM,20.0,1.0,5799.984,,7.0,14,False,True,78.0,2.34,294.0,179.0,,285.0
Singapore,2023,ALO,Aston Martin,21.0,,64.941,68.645,43.676,HARD,1.0,2.0,,5830.624,8.0,4,False,True,76.4,2.292,147.0,201.0,209.0,285.0
Singapore,2023,ALO,Aston Martin,22.0,145.198,45.306,58.94,40.952,HARD,2.0,2.0,,,8.0,41,False,True,74.8,2.244,252.0,209.0,245.0,207.0
Singapore,2023,ALO,Aston Martin,23.0,103.291,29.517,44.575,29.199,HARD,3.0,2.0,,,8.0,1,True,True,73.2,2.196,290.0,264.0,243.0,288.0
Singapore,2023,ALO,Aston Martin,24.0,103.137,30.13,44.293,28.714,HARD,4.0,2.0,,,8.0,1,True,True,71.6,2.148,293.0,265.0,244.0,277.0
Singapore,2023,ALO,Aston Martin,25.0,100.689,29.001,43.344,28.344,HARD,5.0,2.0,,,8.0,1,True,True,70.0,2.1,311.0,269.0,247.0,288.0
Singapore,2023,ALO,Aston Martin,26.0,100.896,29.213,43.578,28.105,HARD,6.0,2.0,,,8.0,1,True,True,68.4,2.052,311.0,274.0,245.0,300.0
Singapore,2023,ALO,Aston Martin,27.0,100.185,29.144,43.054,27.987,HARD,7.0,2.0,,,8.0,1,True,True,66.8,2.004,301.0,274.0,249.0,298.0
Singapore,2023,ALO,Aston Martin,28.0,101.931,29.037,44.36,28.534,HARD,8.0,2.0,,,8.0,1,True,True,65.2,1.956,316.0,276.0,247.0,293.0
Singapore,2023,ALO,Aston Martin,29.0,101.292,29.218,43.966,28.108,HARD,9.0,2.0,,,8.0,1,True,True,63.6,1.908,311.0,263.0,245.0,296.0
Singapore,2023,ALO,Aston Martin,30.0,100.128,29.288,42.849,27.991,HARD,10.0,2.0,,,8.0,1,True,True,62.0,1.86,287.0,266.0,246.0,288.0
Singapore,2023,ALO,Aston Martin,31.0,100.049,29.155,42.805,28.089,HARD,11.0,2.0,,,8.0,1,True,True,60.4,1.812,290.0,267.0,243.0,286.0
Singapore,2023,ALO,Aston Martin,32.0,100.39,29.398,43.028,27.964,HARD,12.0,2.0,,,8.0,1,True,True,58.8,1.764,284.0,266.0,247.0,288.0
Singapore,2023,ALO,Aston Martin,33.0,99.636,29.128,42.576,27.932,HARD,13.0,2.0,,,8.0,1,True,True,57.2,1.716,296.0,275.0,248.0,286.0
Singapore,2023,ALO,Aston Martin,34.0,100.578,29.005,43.261,28.312,HARD,14.0,2.0,,,8.0,1,True,True,55.6,1.668,301.0,276.0,246.0,300.0
Singapore,2023,ALO,Aston Martin,35.0,100.626,29.119,43.293,28.214,HARD,15.0,2.0,,,8.0,1,True,True,54.0,1.62,310.0,274.0,247.0,299.0
Singapore,2023,ALO,Aston Martin,36.0,101.265,29.044,43.653,28.568,HARD,16.0,2.0,,,8.0,1,True,True,52.4,1.572,292.0,276.0,247.0,299.0
Singapore,2023,ALO,Aston Martin,37.0,104.094,29.101,46.165,28.828,HARD,17.0,2.0,,,9.0,1,True,True,50.8,1.524,315.0,271.0,246.0,300.0
Singapore,2023,ALO,Aston Martin,38.0,101.208,29.19,43.57,28.448,HARD,18.0,2.0,,,9.0,1,True,True,49.2,1.476,308.0,267.0,246.0,298.0
Singapore,2023,ALO,Aston Martin,39.0,102.062,29.165,44.647,28.25,HARD,19.0,2.0,,,8.0,1,True,True,47.6,1.428,308.0,275.0,246.0,298.0
Singapore,2023,ALO,Aston Martin,40.0,100.154,29.284,42.918,27.952,HARD,20.0,2.0,,,8.0,1,True,True,46.0,1.38,293.0,267.0,245.0,289.0
Singapore,2023,ALO,Aston Martin,41.0,100.18,29.031,42.969,28.18,HARD,21.0,2.0,,,7.0,1,True,True,44.4,1.332,296.0,264.0,245.0,288.0
Singapore,2023,ALO,Aston Martin,42.0,100.146,29.285,42.92,27.941,HARD,22.0,2.0,,,7.0,1,True,True,42.8,1.284,294.0,267.0,245.0,288.0
Singapore,2023,ALO,Aston Martin,43.0,110.179,29.342,42.912,37.925,HARD,23.0,2.0,,,6.0,126,False,True,41.2,1.236,291.0,266.0,188.0,287.0
Singapore,2023,ALO,Aston Martin,44.0,144.76,42.443,58.47,43.847,HARD,24.0,2.0,8399.298,,9.0,6,False,True,39.6,1.188,166.0,184.0,,179.0
Singapore,2023,ALO,Aston Martin,45.0,146.081,73.316,44.405,28.36,SOFT,3.0,3.0,,8451.891,15.0,671,False,False,38.0,1.14,295.0,255.0,250.0,179.0
Singapore,2023,ALO,Aston Martin,46.0,113.333,28.372,41.177,43.784,SOFT,4.0,3.0,,,17.0,12,True,False,36.4,1.092,295.0,267.0,251.0,289.0
Singapore,2023,ALO,Aston Martin,47.0,96.456,28.406,41.067,26.983,SOFT,5.0,3.0,,,17.0,1,True,False,34.8,1.044,294.0,266.0,249.0,287.0
Singapore,2023,ALO,Aston Martin,48.0,99.79,29.735,42.141,27.914,SOFT,6.0,3.0,,,17.0,1,True,False,33.2,0.996,282.0,262.0,245.0,269.0
Singapore,2023,ALO,Aston Martin,49.0,98.787,28.927,42.297,27.563,SOFT,7.0,3.0,,,17.0,1,True,False,31.6,0.948,283.0,266.0,249.0,287.0
Singapore,2023,ALO,Aston Martin,50.0,98.088,28.718,41.874,27.496,SOFT,8.0,3.0,,,17.0,1,True,False,30.0,0.9,285.0,264.0,248.0,288.0
Singapore,2023,ALO,Aston Martin,51.0,98.463,28.927,42.083,27.453,SOFT,9.0,3.0,,,17.0,1,True,False,28.4,0.852,281.0,262.0,249.0,288.0
Singapore,2023,ALO,Aston Martin,52.0,97.943,28.702,41.693,27.548,SOFT,10.0,3.0,,,16.0,12,True,False,26.8,0.804,283.0,258.0,249.0,288.0
Singapore,2023,ALO,Aston Martin,53.0,98.559,28.742,42.195,27.622,SOFT,11.0,3.0,,,16.0,1,True,False,25.2,0.756,291.0,267.0,250.0,289.0
Singapore,2023,ALO,Aston Martin,54.0,98.179,28.741,41.928,27.51,SOFT,12.0,3.0,,,16.0,1,True,False,23.6,0.708,281.0,262.0,248.0,286.0
Singapore,2023,ALO,Aston Martin,55.0,98.012,28.772,41.762,27.478,SOFT,13.0,3.0,,,16.0,1,True,False,22.0,0.66,288.0,261.0,250.0,285.0
Singapore,2023,ALO,Aston Martin,56.0,98.436,28.819,42.129,27.488,SOFT,14.0,3.0,,,16.0,1,True,False,20.4,0.612,283.0,262.0,249.0,287.0
Singapore,2023,ALO,Aston Martin,57.0,98.303,28.695,42.204,27.404,SOFT,15.0,3.0,,,16.0,1,True,False,18.8,0.564,293.0,266.0,248.0,289.0
Singapore,2023,ALO,Aston Martin,58.0,98.941,28.508,43.163,27.27,SOFT,16.0,3.0,,,16.0,12,True,False,17.2,0.516,295.0,269.0,250.0,290.0
Singapore,2023,ALO,Aston Martin,59.0,98.518,28.739,42.24,27.539,SOFT,17.0,3.0,,,16.0,1,True,False,15.6,0.468,298.0,269.0,249.0,290.0
Singapore,2023,ALO,Aston Martin,60.0,98.728,28.831,42.225,27.672,SOFT,18.0,3.0,,,16.0,1,True,False,14.0,0.42,299.0,269.0,251.0,290.0
Singapore,2023,ALO,Aston Martin,61.0,101.542,28.815,43.287,29.44,SOFT,19.0,3.0,,,16.0,12,True,False,12.4,0.372,312.0,278.0,243.0,302.0
Singapore,2023,ALO,Aston Martin,62.0,104.29,29.189,45.407,29.694,SOFT,20.0,3.0,,,15.0,2,True,False,10.8,0.324,303.0,280.0,235.0,303.0
Singapore,2023,LEC,Ferrari,1.0,104.544,,43.537,28.867,SOFT,4.0,1.0,,,2.0,12,False,False,108.4,3.252,271.0,257.0,244.0,200.0
Singapore,2023,LEC,Ferrari,2.0,101.338,29.385,43.571,28.382,SOFT,5.0,1.0,,,2.0,12,True,False,106.8,3.204,277.0,257.0,242.0,276.0
Singapore,2023,LEC,Ferrari,3.0,100.752,29.579,42.975,28.198,SOFT,6.0,1.0,,,2.0,1,True,False,105.2,3.156,287.0,260.0,242.0,282.0
Singapore,2023,LEC,Ferrari,4.0,100.661,29.427,43.118,28.116,SOFT,7.0,1.0,,,2.0,1,True,False,103.6,3.108,286.0,259.0,244.0,280.0
Singapore,2023,LEC,Ferrari,5.0,100.328,29.405,42.79,28.133,SOFT,8.0,1.0,,,2.0,1,True,False,102.0,3.06,284.0,260.0,246.0,282.0
Singapore,2023,LEC,Ferrari,6.0,100.165,29.169,42.939,28.057,SOFT,9.0,1.0,,,2.0,1,True,False,100.4,3.012,288.0,267.0,244.0,286.0
Singapore,2023,LEC,Ferrari,7.0,100.279,29.182,42.856,28.241,SOFT,10.0,1.0,,,2.0,1,True,False,98.8,2.964,293.0,266.0,244.0,279.0
Singapore,2023,LEC,Ferrari,8.0,100.396,29.261,43.053,28.082,SOFT,11.0,1.0,,,2.0,1,True,False,97.2,2.916,287.0,256.0,245.0,276.0
Singapore,2023,LEC,Ferrari,9.0,99.646,29.019,42.647,27.98,SOFT,12.0,1.0,,,2.0,1,True,False,95.6,2.868,297.0,265.0,246.0,288.0
Singapore,2023,LEC,Ferrari,10.0,100.79,29.327,43.219,28.244,SOFT,13.0,1.0,,,2.0,1,True,False,94.0,2.82,290.0,255.0,245.0,288.0
Singapore,2023,LEC,Ferrari,11.0,100.403,29.416,42.914,28.073,SOFT,14.0,1.0,,,2.0,1,True,False,92.4,2.772,281.0,256.0,246.0,277.0
Singapore,2023,LEC,Ferrari,12.0,100.392,29.412,42.933,28.047,SOFT,15.0,1.0,,,2.0,1,True,False,90.8,2.724,286.0,257.0,246.0,279.0
Singapore,2023,LEC,Ferrari,13.0,100.154,29.378,42.608,28.168,SOFT,16.0,1.0,,,2.0,1,True,False,89.2,2.676,286.0,258.0,244.0,279.0
Singapore,2023,LEC,Ferrari,14.0,101.622,29.737,43.794,28.091,SOFT,17.0,1.0,,,2.0,1,True,False,87.6,2.628,276.0,258.0,244.0,279.0
Singapore,2023,LEC,Ferrari,15.0,99.613,29.184,42.57,27.859,SOFT,18.0,1.0,,,2.0,1,True,False,86.0,2.58,287.0,258.0,245.0,280.0
Singapore,2023,LEC,Ferrari,16.0,99.625,29.323,42.387,27.915,SOFT,19.0,1.0,,,2.0,1,True,False,84.4,2.532,285.0,256.0,245.0,278.0
Singapore,2023,LEC,Ferrari,17.0,99.8,29.24,42.617,27.943,SOFT,20.0,1.0,,,2.0,1,True,False,82.8,2.484,287.0,258.0,246.0,279.0
Singapore,2023,LEC,Ferrari,18.0,99.613,29.146,42.417,28.05,SOFT,21.0,1.0,,,2.0,1,True,False,81.2,2.436,287.0,258.0,243.0,280.0
Singapore,2023,LEC,Ferrari,19.0,100.236,29.177,42.503,28.556,SOFT,22.0,1.0,,,2.0,12,True,False,79.6,2.388,287.0,259.0,243.0,279.0
Singapore,2023,LEC,Ferrari,20.0,121.624,29.229,49.401,42.994,SOFT,23.0,1.0,5788.562,,2.0,14,False,False,78.0,2.34,284.0,118.0,,277.0
Singapore,2023,LEC,Ferrari,21.0,,69.859,70.663,44.244,HARD,1.0,2.0,,5821.453,6.0,4,False,True,76.4,2.292,93.0,190.0,146.0,277.0
Singapore,2023,LEC,Ferrari,22.0,147.929,45.337,60.22,42.372,HARD,2.0,2.0,,,6.0,41,False,True,74.8,2.244,236.0,194.0,246.0,205.0
Singapore,2023,LEC,Ferrari,23.0,103.955,29.559,44.934,29.462,HARD,3.0,2.0,,,7.0,1,True,True,73.2,2.196,295.0,264.0,243.0,286.0
Singapore,2023,LEC,Ferrari,24.0,102.668,29.994,44.294,28.38,HARD,4.0,2.0,,,7.0,1,True,True,71.6,2.148,293.0,258.0,247.0,283.0
Singapore,2023,LEC,Ferrari,25.0,99.748,28.864,42.77,28.114,HARD,5.0,2.0,,,6.0,1,True,True,70.0,2.1,314.0,254.0,245.0,280.0
Singapore,2023,LEC,Ferrari,26.0,99.892,29.148,42.809,27.935,HARD,6.0,2.0,,,6.0,1,True,True,68.4,2.052,293.0,262.0,247.0,283.0
Singapore,2023,LEC,Ferrari,27.0,99.899,29.015,42.773,28.111,HARD,7.0,2.0,,,6.0,1,True,True,66.8,2.004,292.0,264.0,248.0,283.0
Singapore,2023,LEC,Ferrari,28.0,99.562,28.824,42.838,27.9,HARD,8.0,2.0,,,5.0,1,True,True,65.2,1.956,307.0,259.0,245.0,287.0
Singapore,2023,LEC,Ferrari,29.0,99.683,29.066,42.62,27.997,HARD,9.0,2.0,,,5.0,1,True,True,63.6,1.908,289.0,256.0,245.0,279.0
Singapore,2023,LEC,Ferrari,30.0,99.208,28.99,42.379,27.839,HARD,10.0,2.0,,,5.0,1,True,True,62.0,1.86,289.0,260.0,247.0,280.0
Singapore,2023,LEC,Ferrari,31.0,99.433,28.989,42.602,27.842,HARD,11.0,2.0,,,5.0,1,True,True,60.4,1.812,291.0,260.0,247.0,281.0
Singapore,2023,LEC,Ferrari,32.0,99.391,29.151,42.472,27.768,HARD,12.0,2.0,,,5.0,1,True,True,58.8,1.764,291.0,259.0,248.0,282.0
Singapore,2023,LEC,Ferrari,33.0,99.485,28.871,42.711,27.903,HARD,13.0,2.0,,,5.0,1,True,True,57.2,1.716,291.0,260.0,247.0,283.0
Singapore,2023,LEC,Ferrari,34.0,99.518,28.996,42.726,27.796,HARD,14.0,2.0,,,5.0,1,True,True,55.6,1.668,290.0,260.0,246.0,282.0
Singapore,2023,LEC,Ferrari,35.0,99.747,29.038,42.818,27.891,HARD,15.0,2.0,,,5.0,1,True,True,54.0,1.62,291.0,261.0,246.0,282.0
Singapore,2023,LEC,Ferrari,36.0,99.443,29.002,42.521,27.92,HARD,16.0,2.0,,,5.0,1,True,True,52.4,1.572,288.0,263.0,247.0,284.0
Singapore,2023,LEC,Ferrari,37.0,99.639,28.973,42.785,27.881,HARD,17.0,2.0,,,5.0,1,True,True,50.8,1.524,289.0,262.0,248.0,281.0
Singapore,2023,LEC,Ferrari,38.0,99.946,28.986,42.897,28.063,HARD,18.0,2.0,,,5.0,1,True,True,49.2,1.476,295.0,264.0,245.0,284.0
Singapore,2023,LEC,Ferrari,39.0,99.448,28.98,42.651,27.817,HARD,19.0,2.0,,,5.0,1,True,True,47.6,1.428,293.0,262.0,248.0,284.0
Singapore,2023,LEC,Ferrari,40.0,99.557,28.918,42.57,28.069,HARD,20.0,2.0,,,5.0,1,True,True,46.0,1.38,291.0,261.0,247.0,282.0
Singapore,2023,LEC,Ferrari,41.0,99.368,28.846,42.605,27.917,HARD,21.0,2.0,,,5.0,1,True,True,44.4,1.332,294.0,264.0,248.0,285.0
Singapore,2023,LEC,Ferrari,42.0,99.888,29.058,42.82,28.01,HARD,22.0,2.0,,,5.0,1,True,True,42.8,1.284,293.0,263.0,247.0,285.0
Singapore,2023,LEC,Ferrari,43.0,99.996,29.018,42.891,28.087,HARD,23.0,2.0,,,5.0,126,False,True,41.2,1.236,292.0,261.0,195.0,282.0
Singapore,2023,LEC,Ferrari,44.0,138.447,44.05,57.505,36.892,HARD,24.0,2.0,,,3.0,6,False,True,39.6,1.188,226.0,156.0,188.0,131.0
Singapore,2023,LEC,Ferrari,45.0,120.846,41.815,51.247,27.784,HARD,25.0,2.0,,,3.0,671,False,True,38.0,1.14,194.0,263.0,248.0,125.0
Singapore,2023,LEC,Ferrari,46.0,98.275,28.631,42.111,27.533,HARD,26.0,2.0,,,3.0,1,True,True,36.4,1.092,294.0,265.0,248.0,286.0
Singapore,2023,LEC,Ferrari,47.0,98.403,28.714,42.182,27.507,HARD,27.0,2.0,,,3.0,12,True,True,34.8,1.044,295.0,266.0,248.0,287.0
Singapore,2023,LEC,Ferrari,48.0,98.496,28.721,42.114,27.661,HARD,28.0,2.0,,,3.0,1,True,True,33.2,0.996,291.0,263.0,247.0,284.0
Singapore,2023,LEC,Ferrari,49.0,98.453,28.699,42.139,27.615,HARD,29.0,2.0,,,3.0,1,True,True,31.6,0.948,293.0,265.0,247.0,286.0
Singapore,2023,LEC,Ferrari,50.0,98.439,28.564,42.192,27.683,HARD,30.0,2.0,,,3.0,1,True,True,30.0,0.9,295.0,266.0,247.0,287.0
Singapore,2023,LEC,Ferrari,51.0,98.803,28.777,42.351,27.675,HARD,31.0,2.0,,,3.0,1,True,True,28.4,0.852,294.0,266.0,247.0,287.0
Singapore,2023,LEC,Ferrari,52.0,98.848,28.68,42.417,27.751,HARD,32.0,2.0,,,3.0,1,True,True,26.8,0.804,296.0,266.0,247.0,288.0
Singapore,2023,LEC,Ferrari,53.0,100.213,28.704,42.508,29.001,HARD,33.0,2.0,,,4.0,12,True,True,25.2,0.756,294.0,267.0,247.0,286.0
Singapore,2023,LEC,Ferrari,54.0,101.831,29.18,44.211,28.44,HARD,34.0,2.0,,,5.0,1,True,True,23.6,0.708,298.0,266.0,242.0,299.0
Singapore,2023,LEC,Ferrari,55.0,100.617,29.288,43.125,28.204,HARD,35.0,2.0,,,5.0,1,True,True,22.0,0.66,291.0,264.0,243.0,285.0
Singapore,2023,LEC,Ferrari,56.0,100.298,29.131,43.093,28.074,HARD,36.0,2.0,,,5.0,1,True,True,20.4,0.612,289.0,262.0,244.0,282.0
Singapore,2023,LEC,Ferrari,57.0,100.043,29.15,42.839,28.054,HARD,37.0,2.0,,,5.0,1,True,True,18.8,0.564,287.0,260.0,244.0,280.0
Singapore,2023,LEC,Ferrari,58.0,100.222,29.122,42.979,28.121,HARD,38.0,2.0,,,5.0,1,True,True,17.2,0.516,287.0,259.0,243.0,280.0
Singapore,2023,LEC,Ferrari,59.0,100.545,29.21,43.231,28.104,HARD,39.0,2.0,,,5.0,12,True,True,15.6,0.468,287.0,261.0,245.0,280.0
Singapore,2023,LEC,Ferrari,60.0,100.105,29.103,42.973,28.029,HARD,40.0,2.0,,,5.0,1,True,True,14.0,0.42,286.0,261.0,245.0,280.0
Singapore,2023,LEC,Ferrari,61.0,100.615,29.209,43.132,28.274,HARD,41.0,2.0,,,5.0,1,True,True,12.4,0.372,287.0,261.0,244.0,280.0
Singapore,2023,LEC,Ferrari,62.0,100.946,29.131,43.503,28.312,HARD,42.0,2.0,,,4.0,12,True,True,10.8,0.324,287.0,261.0,244.0,280.0
Singapore,2023,SAR,Williams,1.0,114.06,,48.432,28.675,MEDIUM,1.0,1.0,,,16.0,12,False,True,108.4,3.252,301.0,265.0,240.0,245.0
Singapore,2023,SAR,Williams,2.0,101.983,29.487,43.744,28.752,MEDIUM,2.0,1.0,,,16.0,21,True,True,106.8,3.204,298.0,260.0,242.0,285.0
Singapore,2023,SAR,Williams,3.0,101.7,29.47,43.468,28.762,MEDIUM,3.0,1.0,,,16.0,1,True,True,105.2,3.156,296.0,270.0,242.0,286.0
Singapore,2023,SAR,Williams,4.0,101.875,29.624,43.769,28.482,MEDIUM,4.0,1.0,,,16.0,1,True,True,103.6,3.108,293.0,260.0,242.0,291.0
Singapore,2023,SAR,Williams,5.0,101.264,29.443,43.37,28.451,MEDIUM,5.0,1.0,,,16.0,1,True,True,102.0,3.06,297.0,264.0,240.0,287.0
Singapore,2023,SAR,Williams,6.0,101.636,29.488,43.426,28.722,MEDIUM,6.0,1.0,,,16.0,1,True,True,100.4,3.012,291.0,265.0,242.0,278.0
Singapore,2023,SAR,Williams,7.0,102.886,29.807,44.361,28.718,MEDIUM,7.0,1.0,,,16.0,1,True,True,98.8,2.964,303.0,270.0,242.0,288.0
Singapore,2023,SAR,Williams,8.0,101.683,29.431,43.861,28.391,MEDIUM,8.0,1.0,,,16.0,1,True,True,97.2,2.916,299.0,271.0,240.0,296.0
Singapore,2023,SAR,Williams,9.0,101.228,29.596,43.279,28.353,MEDIUM,9.0,1.0,,,16.0,1,True,True,95.6,2.868,296.0,266.0,243.0,286.0
Singapore,2023,SAR,Williams,10.0,100.739,29.397,43.16,28.182,MEDIUM,10.0,1.0,,,16.0,1,True,True,94.0,2.82,293.0,266.0,243.0,286.0
Singapore,2023,SAR,Williams,11.0,100.711,29.544,43.025,28.142,MEDIUM,11.0,1.0,,,16.0,1,True,True,92.4,2.772,296.0,266.0,241.0,286.0
Singapore,2023,SAR,Williams,12.0,100.554,29.457,42.952,28.145,MEDIUM,12.0,1.0,,,16.0,1,True,True,90.8,2.724,294.0,266.0,242.0,286.0
Singapore,2023,SAR,Williams,13.0,100.797,29.439,43.089,28.269,MEDIUM,13.0,1.0,,,16.0,1,True,True,89.2,2.676,296.0,266.0,242.0,286.0
Singapore,2023,SAR,Williams,14.0,100.983,29.425,43.325,28.233,MEDIUM,14.0,1.0,,,16.0,1,True,True,87.6,2.628,296.0,266.0,241.0,287.0
Singapore,2023,SAR,Williams,15.0,100.838,29.48,43.162,28.196,MEDIUM,15.0,1.0,,,16.0,1,True,True,86.0,2.58,297.0,266.0,241.0,286.0
Singapore,2023,SAR,Williams,16.0,100.965,29.584,43.15,28.231,MEDIUM,16.0,1.0,,,16.0,1,True,True,84.4,2.532,294.0,265.0,239.0,286.0
Singapore,2023,SAR,Williams,17.0,101.113,29.476,43.385,28.252,MEDIUM,17.0,1.0,,,16.0,1,True,True,82.8,2.484,293.0,265.0,239.0,285.0
Singapore,2023,SAR,Williams,18.0,101.57,29.699,43.369,28.502,MEDIUM,18.0,1.0,,,16.0,1,True,True,81.2,2.436,294.0,265.0,240.0,284.0
Singapore,2023,SAR,Williams,19.0,149.645,29.869,71.125,48.651,MEDIUM,19.0,1.0,5742.907,,18.0,124,False,True,79.6,2.388,293.0,176.0,,284.0
Singapore,2023,SAR,Williams,20.0,,,51.675,37.103,HARD,1.0,2.0,,5806.422,18.0,4,False,True,78.0,2.34,246.0,158.0,206.0,284.0
Singapore,2023,SAR,Williams,21.0,135.091,41.379,58.111,35.601,HARD,2.0,2.0,,,18.0,4,False,True,76.4,2.292,238.0,211.0,242.0,239.0
Singapore,2023,SAR,Williams,22.0,100.354,29.546,42.496,28.312,HARD,3.0,2.0,,,18.0,41,False,True,74.8,2.244,290.0,265.0,242.0,283.0
Singapore,2023,SAR,Williams,23.0,99.856,29.155,42.491,28.21,HARD,4.0,2.0,,,18.0,1,True,True,73.2,2.196,290.0,265.0,241.0,284.0
Singapore,2023,SAR,Williams,24.0,100.39,29.44,42.704,28.246,HARD,5.0,2.0,,,18.0,1,True,True,71.6,2.148,291.0,265.0,243.0,284.0
Singapore,2023,SAR,Williams,25.0,100.3,29.31,42.711,28.279,HARD,6.0,2.0,,,18.0,1,True,True,70.0,2.1,289.0,265.0,242.0,285.0
Singapore,2023,SAR,Williams,26.0,100.338,29.434,42.662,28.242,HARD,7.0,2.0,,,18.0,1,True,True,68.4,2.052,290.0,265.0,243.0,284.0
Singapore,2023,SAR,Williams,27.0,99.889,29.313,42.506,28.07,HARD,8.0,2.0,,,18.0,1,True,True,66.8,2.004,289.0,265.0,244.0,283.0
Singapore,2023,SAR,Williams,28.0,99.972,29.264,42.599,28.109,HARD,9.0,2.0,,,18.0,1,True,True,65.2,1.956,290.0,265.0,242.0,283.0
Singapore,2023,SAR,Williams,29.0,99.748,29.29,42.433,28.025,HARD,10.0,2.0,,,18.0,1,True,True,63.6,1.908,290.0,265.0,243.0,284.0
Singapore,2023,SAR,Williams,30.0,99.904,29.25,42.684,27.97,HARD,11.0,2.0,,,18.0,1,True,True,62.0,1.86,291.0,264.0,244.0,285.0
Singapore,2023,SAR,Williams,31.0,99.69,29.27,42.447,27.973,HARD,12.0,2.0,,,18.0,1,True,True,60.4,1.812,290.0,264.0,243.0,285.0
Singapore,2023,SAR,Williams,32.0,99.807,29.233,42.587,27.987,HARD,13.0,2.0,,,18.0,1,True,True,58.8,1.764,289.0,266.0,245.0,285.0
Singapore,2023,SAR,Williams,33.0,99.763,29.11,42.563,28.09,HARD,14.0,2.0,,,18.0,1,True,True,57.2,1.716,290.0,265.0,244.0,286.0
Singapore,2023,SAR,Williams,34.0,99.799,29.065,42.646,28.088,HARD,15.0,2.0,,,18.0,1,True,True,55.6,1.668,289.0,266.0,245.0,284.0
Singapore,2023,SAR,Williams,35.0,99.764,29.1,42.677,27.987,HARD,16.0,2.0,,,18.0,1,True,True,54.0,1.62,290.0,265.0,245.0,286.0
Singapore,2023,SAR,Williams,36.0,99.878,29.139,42.667,28.072,HARD,17.0,2.0,,,18.0,1,True,True,52.4,1.572,290.0,265.0,245.0,286.0
Singapore,2023,SAR,Williams,37.0,99.752,29.011,42.704,28.037,HARD,18.0,2.0,,,18.0,1,True,True,50.8,1.524,293.0,267.0,244.0,286.0
Singapore,2023,SAR,Williams,38.0,99.877,29.092,42.75,28.035,HARD,19.0,2.0,,,18.0,1,True,True,49.2,1.476,292.0,266.0,245.0,286.0
Singapore,2023,SAR,Williams,39.0,100.134,29.131,42.858,28.145,HARD,20.0,2.0,,,18.0,1,True,True,47.6,1.428,292.0,266.0,244.0,286.0
Singapore,2023,SAR,Williams,40.0,100.28,29.119,42.868,28.293,HARD,21.0,2.0,,,17.0,1,True,True,46.0,1.38,294.0,266.0,243.0,286.0
Singapore,2023,SAR,Williams,41.0,100.297,29.224,42.873,28.2,HARD,22.0,2.0,,,16.0,1,True,True,44.4,1.332,294.0,266.0,245.0,286.0
Singapore,2023,SAR,Williams,42.0,100.602,29.102,43.24,28.26,HARD,23.0,2.0,,,16.0,12,True,True,42.8,1.284,293.0,265.0,245.0,288.0
Singapore,2023,SAR,Williams,43.0,128.408,30.274,53.597,44.537,HARD,24.0,2.0,8297.659,,16.0,26,False,True,41.2,1.236,296.0,221.0,,287.0
Singapore,2023,SAR,Williams,44.0,,60.147,59.221,33.885,MEDIUM,1.0,3.0,,8328.674,17.0,671,False,True,39.6,1.188,153.0,214.0,246.0,287.0
Singapore,2023,SAR,Williams,45.0,98.531,28.806,41.953,27.772,MEDIUM,2.0,3.0,,,17.0,1,True,True,38.0,1.14,298.0,269.0,246.0,288.0
Singapore,2023,SAR,Williams,46.0,98.784,28.763,42.042,27.979,MEDIUM,3.0,3.0,,,16.0,12,True,True,36.4,1.092,298.0,267.0,246.0,289.0
Singapore,2023,SAR,Williams,47.0,98.589,28.803,42.061,27.725,MEDIUM,4.0,3.0,,,16.0,1,True,True,34.8,1.044,297.0,267.0,248.0,290.0
Singapore,2023,SAR,Williams,48.0,98.711,28.651,42.259,27.801,MEDIUM,5.0,3.0,,,16.0,1,True,True,33.2,0.996,296.0,268.0,247.0,289.0
Singapore,2023,SAR,Williams,49.0,98.69,28.723,42.152,27.815,MEDIUM,6.0,3.0,,,16.0,1,True,True,31.6,0.948,298.0,268.0,247.0,289.0
Singapore,2023,SAR,Williams,50.0,98.657,28.817,42.125,27.715,MEDIUM,7.0,3.0,,,16.0,1,True,True,30.0,0.9,296.0,266.0,246.0,289.0
Singapore,2023,SAR,Williams,51.0,98.62,28.712,42.077,27.831,MEDIUM,8.0,3.0,,,16.0,1,True,True,28.4,0.852,298.0,267.0,246.0,289.0
Singapore,2023,SAR,Williams,52.0,98.812,28.727,42.288,27.797,MEDIUM,9.0,3.0,,,15.0,12,True,True,26.8,0.804,297.0,268.0,248.0,288.0
Singapore,2023,SAR,Williams,53.0,98.983,28.748,42.342,27.893,MEDIUM,10.0,3.0,,,15.0,1,True,True,25.2,0.756,296.0,268.0,247.0,288.0
Singapore,2023,SAR,Williams,54.0,98.933,28.814,42.329,27.79,MEDIUM,11.0,3.0,,,15.0,1,True,True,23.6,0.708,296.0,267.0,247.0,288.0
Singapore,2023,SAR,Williams,55.0,98.858,28.823,42.279,27.756,MEDIUM,12.0,3.0,,,15.0,1,True,True,22.0,0.66,296.0,268.0,247.0,288.0
Singapore,2023,SAR,Williams,56.0,98.881,28.8,42.27,27.811,MEDIUM,13.0,3.0,,,15.0,1,True,True,20.4,0.612,296.0,268.0,247.0,288.0
Singapore,2023,SAR,Williams,57.0,99.171,28.771,42.439,27.961,MEDIUM,14.0,3.0,,,15.0,1,True,True,18.8,0.564,296.0,267.0,247.0,288.0
Singapore,2023,SAR,Williams,58.0,100.767,28.847,44.077,27.843,MEDIUM,15.0,3.0,,,15.0,12,True,True,17.2,0.516,296.0,268.0,248.0,288.0
Singapore,2023,SAR,Williams,59.0,99.374,28.97,42.582,27.822,MEDIUM,16.0,3.0,,,15.0,1,True,True,15.6,0.468,297.0,268.0,248.0,289.0
Singapore,2023,SAR,Williams,60.0,99.786,28.867,42.683,28.236,MEDIUM,17.0,3.0,,,15.0,1,True,True,14.0,0.42,298.0,270.0,246.0,289.0
Singapore,2023,SAR,Williams,61.0,101.938,29.041,43.086,29.811,MEDIUM,18.0,3.0,,,15.0,12,True,True,12.4,0.372,300.0,273.0,245.0,291.0
Singapore,2023,SAR,Williams,62.0,103.955,29.263,45.567,29.125,MEDIUM,19.0,3.0,,,14.0,2,True,True,10.8,0.324,314.0,276.0,245.0,297.0
Singapore,2023,MAG,Haas F1 Team,1.0,108.345,,45.219,28.65,MEDIUM,1.0,1.0,,,8.0,12,False,True,108.4,3.252,302.0,258.0,245.0,210.0
Singapore,2023,MAG,Haas F1 Team,2.0,102.668,29.84,43.97,28.858,MEDIUM,2.0,1.0,,,8.0,12,True,True,106.8,3.204,287.0,260.0,244.0,281.0
Singapore,2023,MAG,Haas F1 Team,3.0,101.539,29.207,43.584,28.748,MEDIUM,3.0,1.0,,,8.0,1,True,True,105.2,3.156,302.0,273.0,242.0,283.0
Singapore,2023,MAG,Haas F1 Team,4.0,101.004,29.34,43.206,28.458,MEDIUM,4.0,1.0,,,8.0,1,True,True,103.6,3.108,296.0,273.0,245.0,285.0
Singapore,2023,MAG,Haas F1 Team,5.0,101.469,29.26,43.569,28.64,MEDIUM,5.0,1.0,,,8.0,1,True,True,102.0,3.06,301.0,275.0,239.0,297.0
Singapore,2023,MAG,Haas F1 Team,6.0,102.626,29.531,43.645,29.45,MEDIUM,6.0,1.0,,,9.0,1,True,True,100.4,3.012,297.0,264.0,245.0,295.0
Singapore,2023,MAG,Haas F1 Team,7.0,100.834,29.249,43.169,28.416,MEDIUM,7.0,1.0,,,9.0,1,True,True,98.8,2.964,302.0,262.0,243.0,294.0
Singapore,2023,MAG,Haas F1 Team,8.0,100.63,29.431,42.799,28.4,MEDIUM,8.0,1.0,,,9.0,1,True,True,97.2,2.916,290.0,262.0,243.0,284.0
Singapore,2023,MAG,Haas F1 Team,9.0,100.995,29.576,43.013,28.406,MEDIUM,9.0,1.0,,,9.0,1,True,True,95.6,2.868,291.0,260.0,242.0,283.0
Singapore,2023,MAG,Haas F1 Team,10.0,100.504,29.373,42.77,28.361,MEDIUM,10.0,1.0,,,9.0,1,True,True,94.0,2.82,289.0,259.0,245.0,282.0
Singapore,2023,MAG,Haas F1 Team,11.0,100.415,29.47,42.694,28.251,MEDIUM,11.0,1.0,,,9.0,1,True,True,92.4,2.772,292.0,261.0,244.0,284.0
Singapore,2023,MAG,Haas F1 Team,12.0,100.705,29.42,42.962,28.323,MEDIUM,12.0,1.0,,,9.0,1,True,True,90.8,2.724,289.0,260.0,243.0,283.0
Singapore,2023,MAG,Haas F1 Team,13.0,100.828,29.453,42.993,28.382,MEDIUM,13.0,1.0,,,9.0,1,True,True,89.2,2.676,290.0,260.0,241.0,283.0
Singapore,2023,MAG,Haas F1 Team,14.0,100.515,29.411,42.843,28.261,MEDIUM,14.0,1.0,,,9.0,1,True,True,87.6,2.628,291.0,263.0,244.0,284.0
Singapore,2023,MAG,Haas F1 Team,15.0,100.598,29.339,42.949,28.31,MEDIUM,15.0,1.0,,,9.0,1,True,True,86.0,2.58,291.0,261.0,241.0,283.0
Singapore,2023,MAG,Haas F1 Team,16.0,100.671,29.415,42.973,28.283,MEDIUM,16.0,1.0,,,9.0,1,True,True,84.4,2.532,291.0,261.0,244.0,282.0
Singapore,2023,MAG,Haas F1 Team,17.0,100.859,29.47,43.047,28.342,MEDIUM,17.0,1.0,,,9.0,1,True,True,82.8,2.484,290.0,261.0,242.0,282.0
Singapore,2023,MAG,Haas F1 Team,18.0,100.993,29.461,43.07,28.462,MEDIUM,18.0,1.0,,,9.0,1,True,True,81.2,2.436,292.0,261.0,242.0,282.0
Singapore,2023,MAG,Haas F1 Team,19.0,101.007,29.405,43.214,28.388,MEDIUM,19.0,1.0,,,9.0,12,True,True,79.6,2.388,291.0,261.0,241.0,282.0
Singapore,2023,MAG,Haas F1 Team,20.0,126.536,29.467,52.693,44.376,MEDIUM,20.0,1.0,5810.437,,10.0,14,False,True,78.0,2.34,292.0,173.0,,282.0
Singapore,2023,MAG,Haas F1 Team,21.0,,61.025,66.175,44.398,HARD,1.0,2.0,,5841.874,11.0,4,False,True,76.4,2.292,234.0,173.0,218.0,282.0
Singapore,2023,MAG,Haas F1 Team,22.0,141.983,44.378,59.16,38.445,HARD,2.0,2.0,,,11.0,41,False,True,74.8,2.244,233.0,225.0,243.0,239.0
Singapore,2023,MAG,Haas F1 Team,23.0,103.438,29.478,44.367,29.593,HARD,3.0,2.0,,,10.0,1,True,True,73.2,2.196,301.0,273.0,244.0,288.0
Singapore,2023,MAG,Haas F1 Team,24.0,102.343,29.425,44.113,28.805,HARD,4.0,2.0,,,10.0,1,True,True,71.6,2.148,294.0,266.0,245.0,286.0
Singapore,2023,MAG,Haas F1 Team,25.0,101.109,29.159,43.294,28.656,HARD,5.0,2.0,,,10.0,1,True,True,70.0,2.1,311.0,267.0,245.0,284.0
Singapore,2023,MAG,Haas F1 Team,26.0,100.851,28.832,43.62,28.399,HARD,6.0,2.0,,,10.0,1,True,True,68.4,2.052,311.0,271.0,249.0,296.0
Singapore,2023,MAG,Haas F1 Team,27.0,100.481,28.932,43.127,28.422,HARD,7.0,2.0,,,10.0,1,True,True,66.8,2.004,311.0,270.0,246.0,297.0
Singapore,2023,MAG,Haas F1 Team,28.0,101.579,28.754,44.107,28.718,HARD,8.0,2.0,,,10.0,1,True,True,65.2,1.956,313.0,274.0,248.0,297.0
Singapore,2023,MAG,Haas F1 Team,29.0,101.565,28.947,44.117,28.501,HARD,9.0,2.0,,,10.0,1,True,True,63.6,1.908,309.0,268.0,246.0,297.0
Singapore,2023,MAG,Haas F1 Team,30.0,100.224,28.94,43.067,28.217,HARD,10.0,2.0,,,10.0,1,True,True,62.0,1.86,309.0,271.0,248.0,299.0
Singapore,2023,MAG,Haas F1 Team,31.0,100.03,28.827,42.835,28.368,HARD,11.0,2.0,,,10.0,1,True,True,60.4,1.812,309.0,271.0,246.0,299.0
Singapore,2023,MAG,Haas F1 Team,32.0,100.464,29.003,43.21,28.251,HARD,12.0,2.0,,,10.0,1,True,True,58.8,1.764,307.0,272.0,245.0,298.0
Singapore,2023,MAG,Haas F1 Team,33.0,100.096,29.125,42.876,28.095,HARD,13.0,2.0,,,10.0,1,True,True,57.2,1.716,297.0,266.0,245.0,286.0
Singapore,2023,MAG,Haas F1 Team,34.0,101.291,29.244,43.783,28.264,HARD,14.0,2.0,,,10.0,1,True,True,55.6,1.668,294.0,264.0,246.0,283.0
Singapore,2023,MAG,Haas F1 Team,35.0,102.612,29.304,44.875,28.433,HARD,15.0,2.0,,,10.0,1,True,True,54.0,1.62,294.0,262.0,245.0,284.0
Singapore,2023,MAG,Haas F1 Team,36.0,108.13,29.792,48.45,29.888,HARD,16.0,2.0,,,16.0,1,True,True,52.4,1.572,296.0,264.0,244.0,283.0
Singapore,2023,MAG,Haas F1 Team,37.0,102.352,29.737,44.053,28.562,HARD,17.0,2.0,,,16.0,1,True,True,50.8,1.524,290.0,260.0,243.0,294.0
Singapore,2023,MAG,Haas F1 Team,38.0,101.591,29.816,43.456,28.319,HARD,18.0,2.0,,,16.0,1,True,True,49.2,1.476,290.0,264.0,243.0,286.0
Singapore,2023,MAG,Haas F1 Team,39.0,101.934,29.697,43.661,28.576,HARD,19.0,2.0,,,16.0,1,True,True,47.6,1.428,292.0,262.0,242.0,284.0
Singapore,2023,MAG,Haas F1 Team,40.0,101.757,29.581,43.648,28.528,HARD,20.0,2.0,,,15.0,1,True,True,46.0,1.38,289.0,263.0,245.0,285.0
Singapore,2023,MAG,Haas F1 Team,41.0,101.307,29.399,43.409,28.499,HARD,21.0,2.0,,,14.0,1,True,True,44.4,1.332,292.0,264.0,242.0,286.0
Singapore,2023,MAG,Haas F1 Team,42.0,100.956,29.316,43.192,28.448,HARD,22.0,2.0,,,14.0,1,True,True,42.8,1.284,291.0,263.0,244.0,283.0
Singapore,2023,MAG,Haas F1 Team,43.0,126.002,30.009,53.746,42.247,HARD,23.0,2.0,8284.143,,14.0,126,False,True,41.2,1.236,291.0,219.0,,285.0
Singapore,2023,MAG,Haas F1 Team,44.0,,62.198,57.865,37.048,SOFT,4.0,3.0,,8317.096,15.0,671,False,False,39.6,1.188,162.0,182.0,244.0,285.0
Singapore,2023,MAG,Haas F1 Team,45.0,99.787,28.948,42.762,28.077,SOFT,5.0,3.0,,,14.0,1,True,False,38.0,1.14,286.0,265.0,242.0,284.0
Singapore,2023,MAG,Haas F1 Team,46.0,100.988,30.011,42.549,28.428,SOFT,6.0,3.0,,,14.0,12,True,False,36.4,1.092,284.0,265.0,238.0,284.0
Singapore,2023,MAG,Haas F1 Team,47.0,99.742,29.313,42.632,27.797,SOFT,7.0,3.0,,,14.0,1,True,False,34.8,1.044,291.0,263.0,248.0,284.0
Singapore,2023,MAG,Haas F1 Team,48.0,98.107,28.655,41.834,27.618,SOFT,8.0,3.0,,,14.0,1,True,False,33.2,0.996,292.0,265.0,247.0,286.0
Singapore,2023,MAG,Haas F1 Team,49.0,98.367,28.993,41.818,27.556,SOFT,9.0,3.0,,,14.0,1,True,False,31.6,0.948,288.0,262.0,249.0,283.0
Singapore,2023,MAG,Haas F1 Team,50.0,98.28,28.817,41.853,27.61,SOFT,10.0,3.0,,,14.0,1,True,False,30.0,0.9,289.0,263.0,249.0,283.0
Singapore,2023,MAG,Haas F1 Team,51.0,98.215,28.778,41.822,27.615,SOFT,11.0,3.0,,,14.0,1,True,False,28.4,0.852,290.0,264.0,248.0,283.0
Singapore,2023,MAG,Haas F1 Team,52.0,98.407,28.805,42.065,27.537,SOFT,12.0,3.0,,,14.0,12,True,False,26.8,0.804,289.0,263.0,248.0,283.0
Singapore,2023,MAG,Haas F1 Team,53.0,98.693,28.866,42.207,27.62,SOFT,13.0,3.0,,,14.0,1,True,False,25.2,0.756,290.0,264.0,247.0,283.0
Singapore,2023,MAG,Haas F1 Team,54.0,98.495,28.954,41.955,27.586,SOFT,14.0,3.0,,,14.0,1,True,False,23.6,0.708,290.0,264.0,247.0,283.0
Singapore,2023,MAG,Haas F1 Team,55.0,98.29,28.8,41.958,27.532,SOFT,15.0,3.0,,,14.0,1,True,False,22.0,0.66,291.0,264.0,248.0,283.0
Singapore,2023,MAG,Haas F1 Team,56.0,98.567,28.856,42.026,27.685,SOFT,16.0,3.0,,,14.0,1,True,False,20.4,0.612,294.0,267.0,246.0,287.0
Singapore,2023,MAG,Haas F1 Team,57.0,98.954,28.829,42.325,27.8,SOFT,17.0,3.0,,,14.0,1,True,False,18.8,0.564,296.0,266.0,248.0,287.0
Singapore,2023,MAG,Haas F1 Team,58.0,102.141,28.691,44.895,28.555,SOFT,18.0,3.0,,,13.0,12,True,False,17.2,0.516,308.0,277.0,249.0,289.0
Singapore,2023,MAG,Haas F1 Team,59.0,100.398,29.846,42.469,28.083,SOFT,19.0,3.0,,,12.0,1,True,False,15.6,0.468,312.0,269.0,250.0,303.0
Singapore,2023,MAG,Haas F1 Team,60.0,99.695,29.566,42.491,27.638,SOFT,20.0,3.0,,,11.0,1,True,False,14.0,0.42,292.0,266.0,248.0,297.0
Singapore,2023,MAG,Haas F1 Team,61.0,98.445,28.753,42.183,27.509,SOFT,21.0,3.0,,,11.0,12,True,False,12.4,0.372,293.0,267.0,249.0,287.0
Singapore,2023,MAG,Haas F1 Team,62.0,99.418,28.828,42.823,27.767,SOFT,22.0,3.0,,,10.0,2,True,False,10.8,0.324,294.0,267.0,246.0,287.0
Singapore,2023,TSU,AlphaTauri,1.0,,,,,SOFT,1.0,1.0,,,,12,False,True,108.4,3.252,,,,
Singapore,2023,ALB,Williams,1.0,113.077,,47.752,28.526,MEDIUM,1.0,1.0,,,15.0,12,False,True,108.4,3.252,287.0,265.0,241.0,231.0
Singapore,2023,ALB,Williams,2.0,101.902,29.559,43.752,28.591,MEDIUM,2.0,1.0,,,15.0,12,True,True,106.8,3.204,285.0,263.0,244.0,286.0
Singapore,2023,ALB,Williams,3.0,101.783,29.417,43.731,28.635,MEDIUM,3.0,1.0,,,15.0,1,True,True,105.2,3.156,296.0,273.0,242.0,280.0
Singapore,2023,ALB,Williams,4.0,101.473,29.391,43.751,28.331,MEDIUM,4.0,1.0,,,15.0,1,True,True,103.6,3.108,303.0,268.0,243.0,293.0
Singapore,2023,ALB,Williams,5.0,101.361,29.75,43.295,28.316,MEDIUM,5.0,1.0,,,15.0,1,True,True,102.0,3.06,289.0,266.0,239.0,288.0
Singapore,2023,ALB,Williams,6.0,102.001,29.633,43.409,28.959,MEDIUM,6.0,1.0,,,15.0,1,True,True,100.4,3.012,295.0,268.0,239.0,285.0
Singapore,2023,ALB,Williams,7.0,103.107,30.047,44.121,28.939,MEDIUM,7.0,1.0,,,15.0,1,True,True,98.8,2.964,298.0,275.0,241.0,291.0
Singapore,2023,ALB,Williams,8.0,101.318,29.594,43.41,28.314,MEDIUM,8.0,1.0,,,15.0,1,True,True,97.2,2.916,290.0,264.0,242.0,286.0
Singapore,2023,ALB,Williams,9.0,100.869,29.531,43.316,28.022,MEDIUM,9.0,1.0,,,15.0,1,True,True,95.6,2.868,294.0,265.0,241.0,287.0
Singapore,2023,ALB,Williams,10.0,100.625,29.476,43.031,28.118,MEDIUM,10.0,1.0,,,15.0,1,True,True,94.0,2.82,295.0,266.0,241.0,285.0
Singapore,2023,ALB,Williams,11.0,100.363,29.488,42.838,28.037,MEDIUM,11.0,1.0,,,15.0,1,True,True,92.4,2.772,297.0,266.0,244.0,286.0
Singapore,2023,ALB,Williams,12.0,100.458,29.304,43.024,28.13,MEDIUM,12.0,1.0,,,15.0,1,True,True,90.8,2.724,294.0,265.0,242.0,286.0
Singapore,2023,ALB,Williams,13.0,100.755,29.44,43.039,28.276,MEDIUM,13.0,1.0,,,15.0,1,True,True,89.2,2.676,297.0,266.0,242.0,287.0
Singapore,2023,ALB,Williams,14.0,100.775,29.402,43.173,28.2,MEDIUM,14.0,1.0,,,15.0,1,True,True,87.6,2.628,296.0,266.0,241.0,287.0
Singapore,2023,ALB,Williams,15.0,100.638,29.384,43.043,28.211,MEDIUM,15.0,1.0,,,15.0,1,True,True,86.0,2.58,293.0,266.0,242.0,287.0
Singapore,2023,ALB,Williams,16.0,100.815,29.383,43.295,28.137,MEDIUM,16.0,1.0,,,15.0,1,True,True,84.4,2.532,291.0,266.0,243.0,287.0
Singapore,2023,ALB,Williams,17.0,100.689,29.315,43.079,28.295,MEDIUM,17.0,1.0,,,15.0,1,True,True,82.8,2.484,292.0,266.0,241.0,285.0
Singapore,2023,ALB,Williams,18.0,100.949,29.369,43.249,28.331,MEDIUM,18.0,1.0,,,15.0,1,True,True,81.2,2.436,296.0,266.0,242.0,286.0
Singapore,2023,ALB,Williams,19.0,101.174,29.352,43.308,28.514,MEDIUM,19.0,1.0,,,15.0,12,True,True,79.6,2.388,297.0,265.0,240.0,287.0
Singapore,2023,ALB,Williams,20.0,128.599,29.592,55.322,43.685,MEDIUM,20.0,1.0,5819.39,,15.0,14,False,True,78.0,2.34,297.0,190.0,,286.0
Singapore,2023,ALB,Williams,21.0,,63.46,62.353,46.475,HARD,1.0,2.0,,5849.515,16.0,4,False,True,76.4,2.292,169.0,193.0,231.0,286.0
Singapore,2023,ALB,Williams,22.0,135.182,41.317,61.682,32.183,HARD,2.0,2.0,,,16.0,41,False,True,74.8,2.244,230.0,228.0,243.0,279.0
Singapore,2023,ALB,Williams,23.0,103.117,29.205,44.115,29.797,HARD,3.0,2.0,,,16.0,1,True,True,73.2,2.196,302.0,268.0,237.0,288.0
Singapore,2023,ALB,Williams,24.0,103.087,30.723,43.718,28.646,HARD,4.0,2.0,,,15.0,1,True,True,71.6,2.148,299.0,267.0,243.0,283.0
Singapore,2023,ALB,Williams,25.0,100.961,29.166,43.35,28.445,HARD,5.0,2.0,,,15.0,1,True,True,70.0,2.1,309.0,278.0,246.0,286.0
Singapore,2023,ALB,Williams,26.0,100.927,28.879,43.65,28.398,HARD,6.0,2.0,,,15.0,1,True,True,68.4,2.052,320.0,276.0,245.0,302.0
Singapore,2023,ALB,Williams,27.0,101.309,28.932,43.746,28.631,HARD,7.0,2.0,,,15.0,1,True,True,66.8,2.004,298.0,270.0,242.0,302.0
Singapore,2023,ALB,Williams,28.0,101.442,29.346,43.636,28.46,HARD,8.0,2.0,,,15.0,1,True,True,65.2,1.956,291.0,266.0,243.0,285.0
Singapore,2023,ALB,Williams,29.0,101.455,29.351,43.526,28.578,HARD,9.0,2.0,,,15.0,1,True,True,63.6,1.908,290.0,270.0,244.0,277.0
Singapore,2023,ALB,Williams,30.0,100.469,29.092,43.201,28.176,HARD,10.0,2.0,,,15.0,1,True,True,62.0,1.86,302.0,277.0,245.0,288.0
Singapore,2023,ALB,Williams,31.0,100.981,29.233,43.432,28.316,HARD,11.0,2.0,,,15.0,1,True,True,60.4,1.812,297.0,264.0,243.0,293.0
Singapore,2023,ALB,Williams,32.0,100.542,29.09,43.25,28.202,HARD,12.0,2.0,,,15.0,1,True,True,58.8,1.764,296.0,269.0,243.0,288.0
Singapore,2023,ALB,Williams,33.0,100.772,29.219,43.453,28.1,HARD,13.0,2.0,,,15.0,1,True,True,57.2,1.716,295.0,269.0,244.0,289.0
Singapore,2023,ALB,Williams,34.0,100.55,29.141,43.164,28.245,HARD,14.0,2.0,,,15.0,1,True,True,55.6,1.668,299.0,269.0,244.0,287.0
Singapore,2023,ALB,Williams,35.0,101.065,29.208,43.398,28.459,HARD,15.0,2.0,,,15.0,1,True,True,54.0,1.62,293.0,277.0,243.0,297.0
Singapore,2023,ALB,Williams,36.0,101.94,29.142,44.317,28.481,HARD,16.0,2.0,,,14.0,1,True,True,52.4,1.572,317.0,270.0,242.0,301.0
Singapore,2023,ALB,Williams,37.0,101.028,29.349,43.28,28.399,HARD,17.0,2.0,,,14.0,1,True,True,50.8,1.524,295.0,269.0,242.0,285.0
Singapore,2023,ALB,Williams,38.0,100.837,29.189,43.493,28.155,HARD,18.0,2.0,,,14.0,1,True,True,49.2,1.476,297.0,269.0,243.0,286.0
Singapore,2023,ALB,Williams,39.0,101.246,29.099,43.671,28.476,HARD,19.0,2.0,,,13.0,1,True,True,47.6,1.428,301.0,269.0,242.0,288.0
Singapore,2023,ALB,Williams,40.0,100.935,28.992,43.535,28.408,HARD,20.0,2.0,,,13.0,1,True,True,46.0,1.38,313.0,276.0,245.0,300.0
Singapore,2023,ALB,Williams,41.0,100.579,28.831,43.474,28.274,HARD,21.0,2.0,,,12.0,1,True,True,44.4,1.332,308.0,277.0,246.0,303.0
Singapore,2023,ALB,Williams,42.0,100.637,28.895,43.587,28.155,HARD,22.0,2.0,,,12.0,1,True,True,42.8,1.284,318.0,275.0,246.0,300.0
Singapore,2023,ALB,Williams,43.0,120.929,28.758,47.809,44.362,HARD,23.0,2.0,8271.628,,12.0,126,False,True,41.2,1.236,317.0,74.0,,301.0
Singapore,2023,ALB,Williams,44.0,,58.993,58.844,37.141,MEDIUM,1.0,3.0,,8301.409,13.0,67,False,True,39.6,1.188,178.0,182.0,182.0,301.0
Singapore,2023,ALB,Williams,45.0,100.919,31.396,41.854,27.669,MEDIUM,2.0,3.0,,,12.0,71,False,True,38.0,1.14,293.0,268.0,248.0,185.0
Singapore,2023,ALB,Williams,46.0,97.342,28.549,41.519,27.274,MEDIUM,3.0,3.0,,,12.0,12,True,True,36.4,1.092,294.0,268.0,249.0,287.0
Singapore,2023,ALB,Williams,47.0,98.047,28.64,41.892,27.515,MEDIUM,4.0,3.0,,,12.0,21,True,True,34.8,1.044,295.0,268.0,248.0,288.0
Singapore,2023,ALB,Williams,48.0,97.992,28.699,41.806,27.487,MEDIUM,5.0,3.0,,,12.0,1,True,True,33.2,0.996,294.0,267.0,246.0,287.0
Singapore,2023,ALB,Williams,49.0,98.019,28.679,41.772,27.568,MEDIUM,6.0,3.0,,,12.0,1,True,True,31.6,0.948,295.0,267.0,248.0,287.0
Singapore,2023,ALB,Williams,50.0,98.122,28.686,42.017,27.419,MEDIUM,7.0,3.0,,,12.0,1,True,True,30.0,0.9,298.0,269.0,249.0,288.0
Singapore,2023,ALB,Williams,51.0,98.213,28.608,42.037,27.568,MEDIUM,8.0,3.0,,,12.0,1,True,True,28.4,0.852,298.0,269.0,248.0,289.0
Singapore,2023,ALB,Williams,52.0,100.048,28.475,42.89,28.683,MEDIUM,9.0,3.0,,,11.0,12,True,True,26.8,0.804,317.0,277.0,245.0,300.0
Singapore,2023,ALB,Williams,53.0,99.613,28.804,43.12,27.689,MEDIUM,10.0,3.0,,,10.0,21,True,True,25.2,0.756,307.0,267.0,249.0,298.0
Singapore,2023,ALB,Williams,54.0,98.226,28.577,42.134,27.515,MEDIUM,11.0,3.0,,,10.0,1,True,True,23.6,0.708,296.0,268.0,249.0,283.0
Singapore,2023,ALB,Williams,55.0,97.656,28.542,41.718,27.396,MEDIUM,12.0,3.0,,,10.0,1,True,True,22.0,0.66,297.0,269.0,250.0,288.0
Singapore,2023,ALB,Williams,56.0,98.387,28.622,42.088,27.677,MEDIUM,13.0,3.0,,,10.0,1,True,True,20.4,0.612,297.0,267.0,250.0,289.0
Singapore,2023,ALB,Williams,57.0,101.555,28.5,44.326,28.729,MEDIUM,14.0,3.0,,,10.0,1,True,True,18.8,0.564,314.0,277.0,248.0,301.0
Singapore,2023,ALB,Williams,58.0,117.964,28.867,60.235,28.862,MEDIUM,15.0,3.0,,,14.0,12,True,True,17.2,0.516,313.0,266.0,248.0,300.0
Singapore,2023,ALB,Williams,59.0,100.685,29.594,43.123,27.968,MEDIUM,16.0,3.0,,,13.0,1,True,True,15.6,0.468,317.0,276.0,246.0,300.0
Singapore,2023,ALB,Williams,60.0,99.668,29.054,42.875,27.739,MEDIUM,17.0,3.0,,,12.0,1,True,True,14.0,0.42,314.0,276.0,250.0,302.0
Singapore,2023,ALB,Williams,61.0,98.501,28.492,42.521,27.488,MEDIUM,18.0,3.0,,,12.0,12,True,True,12.4,0.372,311.0,272.0,250.0,301.0
Singapore,2023,ALB,Williams,62.0,99.891,28.458,43.686,27.747,MEDIUM,19.0,3.0,,,11.0,2,True,True,10.8,0.324,313.0,269.0,246.0,301.0
Singapore,2023,ZHO,Alfa Romeo,1.0,115.057,,45.252,28.998,SOFT,1.0,1.0,,3774.507,18.0,12,False,True,108.4,3.252,283.0,238.0,243.0,
Singapore,2023,ZHO,Alfa Romeo,2.0,109.969,29.918,43.318,36.733,SOFT,2.0,1.0,3981.63,,18.0,21,False,True,106.8,3.204,292.0,239.0,,280.0
Singapore,2023,ZHO,Alfa Romeo,3.0,122.716,51.808,42.754,28.154,HARD,1.0,2.0,,4011.63,18.0,1,False,True,105.2,3.156,285.0,258.0,245.0,280.0
Singapore,2023,ZHO,Alfa Romeo,4.0,99.869,29.309,42.543,28.017,HARD,2.0,2.0,,,18.0,1,True,True,103.6,3.108,281.0,255.0,245.0,278.0
Singapore,2023,ZHO,Alfa Romeo,5.0,100.371,29.561,42.695,28.115,HARD,3.0,2.0,,,18.0,1,True,True,102.0,3.06,279.0,255.0,243.0,276.0
Singapore,2023,ZHO,Alfa Romeo,6.0,100.471,29.451,42.914,28.106,HARD,4.0,2.0,,,18.0,1,True,True,100.4,3.012,281.0,255.0,244.0,275.0
Singapore,2023,ZHO,Alfa Romeo,7.0,100.588,29.509,43.006,28.073,HARD,5.0,2.0,,,18.0,1,True,True,98.8,2.964,282.0,255.0,244.0,276.0
Singapore,2023,ZHO,Alfa Romeo,8.0,101.24,29.629,43.273,28.338,HARD,6.0,2.0,,,18.0,1,True,True,97.2,2.916,282.0,255.0,243.0,276.0
Singapore,2023,ZHO,Alfa Romeo,9.0,100.555,29.555,42.774,28.226,HARD,7.0,2.0,,,18.0,1,True,True,95.6,2.868,282.0,256.0,244.0,276.0
Singapore,2023,ZHO,Alfa Romeo,10.0,100.566,29.532,42.896,28.138,HARD,8.0,2.0,,,18.0,1,True,True,94.0,2.82,282.0,255.0,244.0,276.0
Singapore,2023,ZHO,Alfa Romeo,11.0,100.534,29.458,42.942,28.134,HARD,9.0,2.0,,,18.0,1,True,True,92.4,2.772,283.0,255.0,244.0,277.0
Singapore,2023,ZHO,Alfa Romeo,12.0,100.316,29.414,42.814,28.088,HARD,10.0,2.0,,,18.0,1,True,True,90.8,2.724,283.0,255.0,244.0,276.0
Singapore,2023,ZHO,Alfa Romeo,13.0,100.397,29.329,42.913,28.155,HARD,11.0,2.0,,,18.0,1,True,True,89.2,2.676,283.0,255.0,245.0,277.0
Singapore,2023,ZHO,Alfa Romeo,14.0,100.833,29.342,43.205,28.286,HARD,12.0,2.0,,,18.0,1,True,True,87.6,2.628,283.0,255.0,245.0,277.0
Singapore,2023,ZHO,Alfa Romeo,15.0,100.463,29.433,42.938,28.092,HARD,13.0,2.0,,,18.0,1,True,True,86.0,2.58,283.0,256.0,245.0,277.0
Singapore,2023,ZHO,Alfa Romeo,16.0,100.425,29.372,42.922,28.131,HARD,14.0,2.0,,,18.0,1,True,True,84.4,2.532,284.0,257.0,244.0,278.0
Singapore,2023,ZHO,Alfa Romeo,17.0,100.424,29.433,42.758,28.233,HARD,15.0,2.0,,,18.0,1,True,True,82.8,2.484,284.0,256.0,243.0,277.0
Singapore,2023,ZHO,Alfa Romeo,18.0,100.582,29.468,42.855,28.259,HARD,16.0,2.0,,,18.0,1,True,True,81.2,2.436,284.0,256.0,244.0,277.0
Singapore,2023,ZHO,Alfa Romeo,19.0,101.684,29.482,43.929,28.273,HARD,17.0,2.0,,,17.0,12,True,True,79.6,2.388,282.0,255.0,244.0,277.0
Singapore,2023,ZHO,Alfa Romeo,20.0,136.694,34.281,58.467,43.946,HARD,18.0,2.0,5850.327,,17.0,14,False,True,78.0,2.34,189.0,195.0,,279.0
Singapore,2023,ZHO,Alfa Romeo,21.0,,60.759,58.002,37.479,MEDIUM,1.0,3.0,,5881.014,17.0,4,False,True,76.4,2.292,218.0,205.0,213.0,279.0
Singapore,2023,ZHO,Alfa Romeo,22.0,120.733,30.712,58.371,31.65,MEDIUM,2.0,3.0,,,17.0,41,False,True,74.8,2.244,273.0,214.0,244.0,249.0
Singapore,2023,ZHO,Alfa Romeo,23.0,102.749,29.442,43.914,29.393,MEDIUM,3.0,3.0,,,17.0,1,True,True,73.2,2.196,298.0,267.0,240.0,287.0
Singapore,2023,ZHO,Alfa Romeo,24.0,103.949,30.783,44.631,28.535,MEDIUM,4.0,3.0,,,16.0,1,True,True,71.6,2.148,292.0,260.0,245.0,292.0
Singapore,2023,ZHO,Alfa Romeo,25.0,101.346,29.638,43.391,28.317,MEDIUM,5.0,3.0,,,16.0,1,True,True,70.0,2.1,291.0,261.0,247.0,282.0
Singapore,2023,ZHO,Alfa Romeo,26.0,100.973,29.338,43.361,28.274,MEDIUM,6.0,3.0,,,16.0,1,True,True,68.4,2.052,290.0,262.0,245.0,283.0
Singapore,2023,ZHO,Alfa Romeo,27.0,100.57,29.288,43.083,28.199,MEDIUM,7.0,3.0,,,16.0,1,True,True,66.8,2.004,294.0,265.0,245.0,282.0
Singapore,2023,ZHO,Alfa Romeo,28.0,101.31,29.255,43.542,28.513,MEDIUM,8.0,3.0,,,16.0,1,True,True,65.2,1.956,304.0,269.0,246.0,286.0
Singapore,2023,ZHO,Alfa Romeo,29.0,101.476,29.264,43.695,28.517,MEDIUM,9.0,3.0,,,16.0,1,True,True,63.6,1.908,298.0,269.0,246.0,291.0
Singapore,2023,ZHO,Alfa Romeo,30.0,100.866,29.353,43.178,28.335,MEDIUM,10.0,3.0,,,16.0,1,True,True,62.0,1.86,302.0,268.0,246.0,292.0
Singapore,2023,ZHO,Alfa Romeo,31.0,100.778,29.618,42.962,28.198,MEDIUM,11.0,3.0,,,16.0,1,True,True,60.4,1.812,289.0,260.0,246.0,280.0
Singapore,2023,ZHO,Alfa Romeo,32.0,100.576,29.289,43.04,28.247,MEDIUM,12.0,3.0,,,16.0,1,True,True,58.8,1.764,308.0,272.0,246.0,295.0
Singapore,2023,ZHO,Alfa Romeo,33.0,100.708,29.174,43.258,28.276,MEDIUM,13.0,3.0,,,16.0,1,True,True,57.2,1.716,305.0,270.0,245.0,293.0
Singapore,2023,ZHO,Alfa Romeo,34.0,100.499,29.145,43.12,28.234,MEDIUM,14.0,3.0,,,16.0,1,True,True,55.6,1.668,306.0,271.0,245.0,292.0
Singapore,2023,ZHO,Alfa Romeo,35.0,101.189,29.236,43.383,28.57,MEDIUM,15.0,3.0,,,16.0,1,True,True,54.0,1.62,299.0,270.0,242.0,292.0
Singapore,2023,ZHO,Alfa Romeo,36.0,102.747,29.542,44.461,28.744,MEDIUM,16.0,3.0,,,15.0,1,True,True,52.4,1.572,293.0,272.0,245.0,293.0
Singapore,2023,ZHO,Alfa Romeo,37.0,101.148,29.614,43.307,28.227,MEDIUM,17.0,3.0,,,15.0,1,True,True,50.8,1.524,290.0,262.0,244.0,283.0
Singapore,2023,ZHO,Alfa Romeo,38.0,100.821,29.68,43.128,28.013,MEDIUM,18.0,3.0,,,15.0,1,True,True,49.2,1.476,289.0,264.0,244.0,283.0
Singapore,2023,ZHO,Alfa Romeo,39.0,100.894,29.299,43.264,28.331,MEDIUM,19.0,3.0,,,14.0,1,True,True,47.6,1.428,293.0,265.0,242.0,284.0
Singapore,2023,ZHO,Alfa Romeo,40.0,100.806,29.429,43.021,28.356,MEDIUM,20.0,3.0,,,14.0,1,True,True,46.0,1.38,293.0,264.0,244.0,284.0
Singapore,2023,ZHO,Alfa Romeo,41.0,100.853,29.426,43.128,28.299,MEDIUM,21.0,3.0,,,13.0,1,True,True,44.4,1.332,289.0,261.0,244.0,285.0
Singapore,2023,ZHO,Alfa Romeo,42.0,100.425,29.347,42.875,28.203,MEDIUM,22.0,3.0,,,13.0,1,True,True,42.8,1.284,288.0,261.0,245.0,281.0
Singapore,2023,ZHO,Alfa Romeo,43.0,114.357,29.597,47.926,36.834,MEDIUM,23.0,3.0,,,11.0,126,False,True,41.2,1.236,288.0,120.0,211.0,281.0
Singapore,2023,ZHO,Alfa Romeo,44.0,137.516,42.094,58.036,37.386,MEDIUM,24.0,3.0,,,11.0,6,False,True,39.6,1.188,166.0,201.0,218.0,187.0
Singapore,2023,ZHO,Alfa Romeo,45.0,110.632,39.718,42.909,28.005,MEDIUM,25.0,3.0,,,10.0,671,False,True,38.0,1.14,274.0,260.0,246.0,181.0
Singapore,2023,ZHO,Alfa Romeo,46.0,99.316,29.069,42.329,27.918,MEDIUM,26.0,3.0,,,10.0,1,True,True,36.4,1.092,293.0,266.0,246.0,285.0
Singapore,2023,ZHO,Alfa Romeo,47.0,100.485,28.882,43.328,28.275,MEDIUM,27.0,3.0,,,11.0,12,True,True,34.8,1.044,291.0,263.0,246.0,284.0
Singapore,2023,ZHO,Alfa Romeo,48.0,99.79,29.181,42.622,27.987,MEDIUM,28.0,3.0,,,11.0,1,True,True,33.2,0.996,288.0,263.0,245.0,282.0
Singapore,2023,ZHO,Alfa Romeo,49.0,100.042,29.147,42.8,28.095,MEDIUM,29.0,3.0,,,11.0,1,True,True,31.6,0.948,290.0,272.0,249.0,282.0
Singapore,2023,ZHO,Alfa Romeo,50.0,99.818,28.82,42.843,28.155,MEDIUM,30.0,3.0,,,11.0,1,True,True,30.0,0.9,305.0,272.0,250.0,294.0
Singapore,2023,ZHO,Alfa Romeo,51.0,100.482,28.954,42.951,28.577,MEDIUM,31.0,3.0,,,11.0,1,True,True,28.4,0.852,306.0,278.0,245.0,295.0
Singapore,2023,ZHO,Alfa Romeo,52.0,103.708,29.234,45.672,28.802,MEDIUM,32.0,3.0,,,13.0,12,True,True,26.8,0.804,307.0,262.0,244.0,293.0
Singapore,2023,ZHO,Alfa Romeo,53.0,101.753,29.335,44.041,28.377,MEDIUM,33.0,3.0,,,13.0,1,True,True,25.2,0.756,289.0,262.0,245.0,281.0
Singapore,2023,ZHO,Alfa Romeo,54.0,101.708,29.511,43.642,28.555,MEDIUM,34.0,3.0,,,13.0,1,True,True,23.6,0.708,286.0,261.0,244.0,282.0
Singapore,2023,ZHO,Alfa Romeo,55.0,100.798,29.454,43.0,28.344,MEDIUM,35.0,3.0,,,13.0,1,True,True,22.0,0.66,288.0,269.0,248.0,282.0
Singapore,2023,ZHO,Alfa Romeo,56.0,101.215,29.094,43.492,28.629,MEDIUM,36.0,3.0,,,13.0,1,True,True,20.4,0.612,301.0,279.0,248.0,294.0
Singapore,2023,ZHO,Alfa Romeo,57.0,101.419,29.149,43.614,28.656,MEDIUM,37.0,3.0,,,13.0,1,True,True,18.8,0.564,297.0,277.0,247.0,292.0
Singapore,2023,ZHO,Alfa Romeo,58.0,102.795,29.299,44.848,28.648,MEDIUM,38.0,3.0,,,12.0,12,True,True,17.2,0.516,304.0,262.0,246.0,291.0
Singapore,2023,ZHO,Alfa Romeo,59.0,103.773,30.587,44.615,28.571,MEDIUM,39.0,3.0,,,14.0,1,True,True,15.6,0.468,288.0,263.0,245.0,284.0
Singapore,2023,ZHO,Alfa Romeo,60.0,101.794,29.574,43.644,28.576,MEDIUM,40.0,3.0,,,14.0,1,True,True,14.0,0.42,289.0,272.0,248.0,281.0
Singapore,2023,ZHO,Alfa Romeo,61.0,102.01,29.219,43.948,28.843,MEDIUM,41.0,3.0,,,13.0,12,True,True,12.4,0.372,313.0,278.0,246.0,296.0
Singapore,2023,ZHO,Alfa Romeo,62.0,102.246,29.409,44.389,28.448,MEDIUM,42.0,3.0,,,12.0,2,True,True,10.8,0.324,283.0,258.0,245.0,279.0
Singapore,2023,HUL,Haas F1 Team,1.0,109.191,,45.507,28.825,MEDIUM,1.0,1.0,,,9.0,12,False,True,108.4,3.252,288.0,258.0,242.0,220.0
Singapore,2023,HUL,Haas F1 Team,2.0,102.849,29.556,44.665,28.628,MEDIUM,2.0,1.0,,,10.0,12,True,True,106.8,3.204,286.0,260.0,243.0,282.0
Singapore,2023,HUL,Haas F1 Team,3.0,101.4,29.278,43.237,28.885,MEDIUM,3.0,1.0,,,10.0,1,True,True,105.2,3.156,311.0,270.0,244.0,282.0
Singapore,2023,HUL,Haas F1 Team,4.0,101.256,29.134,43.592,28.53,MEDIUM,4.0,1.0,,,10.0,1,True,True,103.6,3.108,306.0,271.0,245.0,297.0
Singapore,2023,HUL,Haas F1 Team,5.0,101.35,29.162,43.594,28.594,MEDIUM,5.0,1.0,,,10.0,1,True,True,102.0,3.06,308.0,273.0,244.0,298.0
Singapore,2023,HUL,Haas F1 Team,6.0,101.949,29.253,43.93,28.766,MEDIUM,6.0,1.0,,,10.0,1,True,True,100.4,3.012,303.0,266.0,244.0,297.0
Singapore,2023,HUL,Haas F1 Team,7.0,101.117,29.367,43.306,28.444,MEDIUM,7.0,1.0,,,10.0,1,True,True,98.8,2.964,302.0,262.0,244.0,292.0
Singapore,2023,HUL,Haas F1 Team,8.0,100.734,29.106,43.242,28.386,MEDIUM,8.0,1.0,,,10.0,1,True,True,97.2,2.916,291.0,262.0,244.0,288.0
Singapore,2023,HUL,Haas F1 Team,9.0,100.978,29.225,43.399,28.354,MEDIUM,9.0,1.0,,,10.0,1,True,True,95.6,2.868,301.0,267.0,244.0,285.0
Singapore,2023,HUL,Haas F1 Team,10.0,100.633,29.144,43.127,28.362,MEDIUM,10.0,1.0,,,10.0,1,True,True,94.0,2.82,303.0,272.0,244.0,295.0
Singapore,2023,HUL,Haas F1 Team,11.0,100.559,29.027,43.13,28.402,MEDIUM,11.0,1.0,,,10.0,1,True,True,92.4,2.772,306.0,266.0,245.0,295.0
Singapore,2023,HUL,Haas F1 Team,12.0,100.479,29.071,43.108,28.3,MEDIUM,12.0,1.0,,,10.0,1,True,True,90.8,2.724,300.0,268.0,245.0,294.0
Singapore,2023,HUL,Haas F1 Team,13.0,100.783,29.133,43.354,28.296,MEDIUM,13.0,1.0,,,10.0,1,True,True,89.2,2.676,298.0,270.0,244.0,295.0
Singapore,2023,HUL,Haas F1 Team,14.0,100.641,29.151,43.272,28.218,MEDIUM,14.0,1.0,,,10.0,1,True,True,87.6,2.628,308.0,271.0,245.0,296.0
Singapore,2023,HUL,Haas F1 Team,15.0,100.693,29.026,43.305,28.362,MEDIUM,15.0,1.0,,,10.0,1,True,True,86.0,2.58,306.0,269.0,239.0,296.0
Singapore,2023,HUL,Haas F1 Team,16.0,100.789,29.393,43.083,28.313,MEDIUM,16.0,1.0,,,10.0,1,True,True,84.4,2.532,294.0,263.0,243.0,293.0
Singapore,2023,HUL,Haas F1 Team,17.0,100.753,29.124,43.362,28.267,MEDIUM,17.0,1.0,,,10.0,1,True,True,82.8,2.484,309.0,270.0,245.0,294.0
Singapore,2023,HUL,Haas F1 Team,18.0,100.877,29.077,43.589,28.211,MEDIUM,18.0,1.0,,,10.0,1,True,True,81.2,2.436,312.0,264.0,245.0,296.0
Singapore,2023,HUL,Haas F1 Team,19.0,101.096,29.106,43.659,28.331,MEDIUM,19.0,1.0,,,10.0,12,True,True,79.6,2.388,305.0,272.0,242.0,296.0
Singapore,2023,HUL,Haas F1 Team,20.0,128.679,29.077,53.081,46.521,MEDIUM,20.0,1.0,5813.421,,11.0,14,False,True,78.0,2.34,305.0,166.0,,295.0
Singapore,2023,HUL,Haas F1 Team,21.0,,68.123,62.195,45.562,HARD,1.0,2.0,,5848.905,15.0,4,False,True,76.4,2.292,172.0,142.0,221.0,295.0
Singapore,2023,HUL,Haas F1 Team,22.0,136.853,42.259,60.745,33.849,HARD,2.0,2.0,,,15.0,41,False,True,74.8,2.244,239.0,220.0,244.0,243.0
Singapore,2023,HUL,Haas F1 Team,23.0,103.093,29.496,43.996,29.601,HARD,3.0,2.0,,,15.0,1,True,True,73.2,2.196,295.0,261.0,243.0,285.0
Singapore,2023,HUL,Haas F1 Team,24.0,103.044,30.479,43.819,28.746,HARD,4.0,2.0,,,14.0,1,True,True,71.6,2.148,293.0,261.0,242.0,291.0
Singapore,2023,HUL,Haas F1 Team,25.0,101.165,29.186,43.637,28.342,HARD,5.0,2.0,,,14.0,1,True,True,70.0,2.1,303.0,264.0,245.0,281.0
Singapore,2023,HUL,Haas F1 Team,26.0,100.93,29.067,43.365,28.498,HARD,6.0,2.0,,,14.0,1,True,True,68.4,2.052,314.0,271.0,245.0,296.0
Singapore,2023,HUL,Haas F1 Team,27.0,100.425,28.978,43.131,28.316,HARD,7.0,2.0,,,14.0,1,True,True,66.8,2.004,307.0,273.0,246.0,297.0
Singapore,2023,HUL,Haas F1 Team,28.0,101.78,29.135,44.158,28.487,HARD,8.0,2.0,,,14.0,1,True,True,65.2,1.956,304.0,262.0,243.0,298.0
Singapore,2023,HUL,Haas F1 Team,29.0,101.57,29.413,43.607,28.55,HARD,9.0,2.0,,,14.0,1,True,True,63.6,1.908,298.0,263.0,242.0,287.0
Singapore,2023,HUL,Haas F1 Team,30.0,100.692,29.38,43.344,27.968,HARD,10.0,2.0,,,14.0,1,True,True,62.0,1.86,300.0,268.0,247.0,287.0
Singapore,2023,HUL,Haas F1 Team,31.0,100.076,28.909,43.188,27.979,HARD,11.0,2.0,,,14.0,1,True,True,60.4,1.812,312.0,276.0,247.0,294.0
Singapore,2023,HUL,Haas F1 Team,32.0,101.038,29.062,43.558,28.418,HARD,12.0,2.0,,,14.0,1,True,True,58.8,1.764,310.0,262.0,242.0,299.0
Singapore,2023,HUL,Haas F1 Team,33.0,100.694,29.301,43.141,28.252,HARD,13.0,2.0,,,14.0,1,True,True,57.2,1.716,296.0,264.0,243.0,284.0
Singapore,2023,HUL,Haas F1 Team,34.0,100.644,29.199,43.251,28.194,HARD,14.0,2.0,,,14.0,1,True,True,55.6,1.668,299.0,267.0,244.0,287.0
Singapore,2023,HUL,Haas F1 Team,35.0,101.622,29.282,43.954,28.386,HARD,15.0,2.0,,,14.0,1,True,True,54.0,1.62,300.0,268.0,243.0,287.0
Singapore,2023,HUL,Haas F1 Team,36.0,101.128,29.319,43.398,28.411,HARD,16.0,2.0,,,13.0,1,True,True,52.4,1.572,303.0,273.0,245.0,288.0
Singapore,2023,HUL,Haas F1 Team,37.0,100.482,29.019,43.221,28.242,HARD,17.0,2.0,,,13.0,1,True,True,50.8,1.524,314.0,274.0,246.0,298.0
Singapore,2023,HUL,Haas F1 Team,38.0,101.051,28.84,44.083,28.128,HARD,18.0,2.0,,,13.0,1,True,True,49.2,1.476,315.0,275.0,248.0,299.0
Singapore,2023,HUL,Haas F1 Team,39.0,102.01,28.71,44.559,28.741,HARD,19.0,2.0,,,12.0,1,True,True,47.6,1.428,322.0,270.0,245.0,299.0
Singapore,2023,HUL,Haas F1 Team,40.0,101.257,29.106,43.59,28.561,HARD,20.0,2.0,,,12.0,1,True,True,46.0,1.38,312.0,271.0,246.0,299.0
Singapore,2023,HUL,Haas F1 Team,41.0,100.687,28.883,43.475,28.329,HARD,21.0,2.0,,,11.0,1,True,True,44.4,1.332,312.0,265.0,244.0,298.0
Singapore,2023,HUL,Haas F1 Team,42.0,100.523,29.163,43.162,28.198,HARD,22.0,2.0,,,11.0,1,True,True,42.8,1.284,299.0,265.0,245.0,288.0
Singapore,2023,HUL,Haas F1 Team,43.0,113.224,29.166,44.99,39.068,HARD,23.0,2.0,,,10.0,126,False,True,41.2,1.236,298.0,101.0,192.0,283.0
Singapore,2023,HUL,Haas F1 Team,44.0,136.653,40.744,58.273,37.636,HARD,24.0,2.0,,,10.0,6,False,True,39.6,1.188,148.0,197.0,182.0,187.0
Singapore,2023,HUL,Haas F1 Team,45.0,111.986,40.319,43.655,28.012,HARD,25.0,2.0,,,9.0,671,False,True,38.0,1.14,257.0,262.0,245.0,187.0
Singapore,2023,HUL,Haas F1 Team,46.0,100.005,29.119,42.875,28.011,HARD,26.0,2.0,,,9.0,1,True,True,36.4,1.092,296.0,266.0,245.0,286.0
Singapore,2023,HUL,Haas F1 Team,47.0,99.971,28.996,42.983,27.992,HARD,27.0,2.0,,,9.0,12,True,True,34.8,1.044,296.0,265.0,243.0,287.0
Singapore,2023,HUL,Haas F1 Team,48.0,100.789,29.063,42.918,28.808,HARD,28.0,2.0,,,10.0,1,True,True,33.2,0.996,296.0,264.0,240.0,286.0
Singapore,2023,HUL,Haas F1 Team,49.0,100.65,29.227,43.343,28.08,HARD,29.0,2.0,,,10.0,1,True,True,31.6,0.948,297.0,266.0,243.0,286.0
Singapore,2023,HUL,Haas F1 Team,50.0,99.923,29.103,42.925,27.895,HARD,30.0,2.0,,,10.0,1,True,True,30.0,0.9,294.0,265.0,245.0,285.0
Singapore,2023,HUL,Haas F1 Team,51.0,100.729,29.112,43.325,28.292,HARD,31.0,2.0,,,10.0,1,True,True,28.4,0.852,294.0,266.0,244.0,286.0
Singapore,2023,HUL,Haas F1 Team,52.0,100.946,29.128,43.266,28.552,HARD,32.0,2.0,,,10.0,12,True,True,26.8,0.804,294.0,266.0,243.0,284.0
Singapore,2023,HUL,Haas F1 Team,53.0,103.808,29.057,46.229,28.522,HARD,33.0,2.0,,,12.0,21,True,True,25.2,0.756,296.0,262.0,242.0,283.0
Singapore,2023,HUL,Haas F1 Team,54.0,101.918,29.426,44.035,28.457,HARD,34.0,2.0,,,12.0,1,True,True,23.6,0.708,293.0,262.0,243.0,284.0
Singapore,2023,HUL,Haas F1 Team,55.0,101.16,29.316,43.511,28.333,HARD,35.0,2.0,,,12.0,1,True,True,22.0,0.66,290.0,261.0,242.0,282.0
Singapore,2023,HUL,Haas F1 Team,56.0,101.285,29.326,43.672,28.287,HARD,36.0,2.0,,,12.0,1,True,True,20.4,0.612,291.0,266.0,243.0,283.0
Singapore,2023,HUL,Haas F1 Team,57.0,101.41,29.198,43.865,28.347,HARD,37.0,2.0,,,12.0,1,True,True,18.8,0.564,288.0,266.0,243.0,281.0
Singapore,2023,HUL,Haas F1 Team,58.0,102.177,29.332,44.423,28.422,HARD,38.0,2.0,,,11.0,12,True,True,17.2,0.516,288.0,261.0,244.0,280.0
Singapore,2023,HUL,Haas F1 Team,59.0,101.538,29.232,43.856,28.45,HARD,39.0,2.0,,,11.0,1,True,True,15.6,0.468,294.0,265.0,241.0,285.0
Singapore,2023,HUL,Haas F1 Team,60.0,104.766,31.104,44.972,28.69,HARD,40.0,2.0,,,13.0,1,True,True,14.0,0.42,309.0,265.0,242.0,282.0
Singapore,2023,HUL,Haas F1 Team,61.0,103.503,29.465,44.007,30.031,HARD,41.0,2.0,,,14.0,12,True,True,12.4,0.372,297.0,263.0,243.0,287.0
Singapore,2023,HUL,Haas F1 Team,62.0,103.728,29.397,45.322,29.009,HARD,42.0,2.0,,,13.0,2,True,True,10.8,0.324,297.0,266.0,227.0,300.0
Singapore,2023,OCO,Alpine,1.0,107.795,,45.011,28.591,MEDIUM,1.0,1.0,,,7.0,12,False,True,108.4,3.252,292.0,262.0,243.0,215.0
Singapore,2023,OCO,Alpine,2.0,102.401,29.763,43.941,28.697,MEDIUM,2.0,1.0,,,7.0,12,True,True,106.8,3.204,283.0,250.0,243.0,275.0
Singapore,2023,OCO,Alpine,3.0,101.196,29.277,43.371,28.548,MEDIUM,3.0,1.0,,,7.0,1,True,True,105.2,3.156,298.0,269.0,244.0,275.0
Singapore,2023,OCO,Alpine,4.0,101.375,29.381,43.437,28.557,MEDIUM,4.0,1.0,,,7.0,1,True,True,103.6,3.108,297.0,262.0,242.0,286.0
Singapore,2023,OCO,Alpine,5.0,101.329,29.399,43.551,28.379,MEDIUM,5.0,1.0,,,7.0,1,True,True,102.0,3.06,297.0,265.0,245.0,288.0
Singapore,2023,OCO,Alpine,6.0,100.908,29.166,43.306,28.436,MEDIUM,6.0,1.0,,,7.0,1,True,True,100.4,3.012,293.0,257.0,244.0,290.0
Singapore,2023,OCO,Alpine,7.0,100.732,29.161,43.281,28.29,MEDIUM,7.0,1.0,,,7.0,1,True,True,98.8,2.964,293.0,263.0,244.0,287.0
Singapore,2023,OCO,Alpine,8.0,100.339,29.114,42.991,28.234,MEDIUM,8.0,1.0,,,7.0,1,True,True,97.2,2.916,294.0,265.0,244.0,289.0
Singapore,2023,OCO,Alpine,9.0,100.343,29.059,43.002,28.282,MEDIUM,9.0,1.0,,,7.0,1,True,True,95.6,2.868,300.0,264.0,244.0,289.0
Singapore,2023,OCO,Alpine,10.0,100.689,29.193,43.144,28.352,MEDIUM,10.0,1.0,,,7.0,1,True,True,94.0,2.82,294.0,266.0,244.0,289.0
Singapore,2023,OCO,Alpine,11.0,100.085,29.109,43.039,27.937,MEDIUM,11.0,1.0,,,7.0,1,True,True,92.4,2.772,293.0,260.0,245.0,287.0
Singapore,2023,OCO,Alpine,12.0,100.388,29.134,42.975,28.279,MEDIUM,12.0,1.0,,,7.0,1,True,True,90.8,2.724,292.0,265.0,245.0,288.0
Singapore,2023,OCO,Alpine,13.0,100.562,29.216,43.112,28.234,MEDIUM,13.0,1.0,,,7.0,1,True,True,89.2,2.676,294.0,264.0,246.0,289.0
Singapore,2023,OCO,Alpine,14.0,100.247,29.171,43.14,27.936,MEDIUM,14.0,1.0,,,7.0,1,True,True,87.6,2.628,294.0,259.0,246.0,289.0
Singapore,2023,OCO,Alpine,15.0,100.353,29.129,43.154,28.07,MEDIUM,15.0,1.0,,,7.0,1,True,True,86.0,2.58,296.0,259.0,244.0,290.0
Singapore,2023,OCO,Alpine,16.0,100.387,29.311,43.083,27.993,MEDIUM,16.0,1.0,,,7.0,1,True,True,84.4,2.532,288.0,259.0,245.0,282.0
Singapore,2023,OCO,Alpine,17.0,100.575,29.296,43.139,28.14,MEDIUM,17.0,1.0,,,7.0,1,True,True,82.8,2.484,288.0,259.0,243.0,281.0
Singapore,2023,OCO,Alpine,18.0,100.423,29.346,43.028,28.049,MEDIUM,18.0,1.0,,,7.0,1,True,True,81.2,2.436,289.0,259.0,244.0,280.0
Singapore,2023,OCO,Alpine,19.0,100.49,29.282,43.045,28.163,MEDIUM,19.0,1.0,,,7.0,12,True,True,79.6,2.388,288.0,259.0,245.0,280.0
Singapore,2023,OCO,Alpine,20.0,125.887,29.392,51.665,44.83,MEDIUM,20.0,1.0,5803.172,,8.0,14,False,True,78.0,2.34,288.0,163.0,,280.0
Singapore,2023,OCO,Alpine,21.0,,63.645,68.03,44.663,HARD,1.0,2.0,,5832.906,9.0,4,False,True,76.4,2.292,162.0,182.0,200.0,280.0
Singapore,2023,OCO,Alpine,22.0,143.293,43.831,59.107,40.355,HARD,2.0,2.0,,,9.0,41,False,True,74.8,2.244,236.0,189.0,246.0,206.0
Singapore,2023,OCO,Alpine,23.0,103.254,29.478,44.62,29.156,HARD,3.0,2.0,,,9.0,1,True,True,73.2,2.196,282.0,263.0,243.0,287.0
Singapore,2023,OCO,Alpine,24.0,103.091,30.054,44.422,28.615,HARD,4.0,2.0,,,9.0,1,True,True,71.6,2.148,283.0,264.0,245.0,278.0
Singapore,2023,OCO,Alpine,25.0,100.895,29.075,43.408,28.412,HARD,5.0,2.0,,,9.0,1,True,True,70.0,2.1,299.0,266.0,246.0,283.0
Singapore,2023,OCO,Alpine,26.0,100.885,28.715,44.005,28.165,HARD,6.0,2.0,,,9.0,1,True,True,68.4,2.052,296.0,269.0,248.0,291.0
Singapore,2023,OCO,Alpine,27.0,100.376,28.965,43.284,28.127,HARD,7.0,2.0,,,9.0,1,True,True,66.8,2.004,303.0,269.0,249.0,293.0
Singapore,2023,OCO,Alpine,28.0,101.755,29.001,44.245,28.509,HARD,8.0,2.0,,,9.0,1,True,True,65.2,1.956,300.0,267.0,247.0,292.0
Singapore,2023,OCO,Alpine,29.0,101.534,28.758,44.482,28.294,HARD,9.0,2.0,,,9.0,1,True,True,63.6,1.908,323.0,267.0,248.0,292.0
Singapore,2023,OCO,Alpine,30.0,100.04,28.945,43.126,27.969,HARD,10.0,2.0,,,9.0,1,True,True,62.0,1.86,298.0,266.0,249.0,291.0
Singapore,2023,OCO,Alpine,31.0,100.043,29.005,42.959,28.079,HARD,11.0,2.0,,,9.0,1,True,True,60.4,1.812,298.0,268.0,246.0,291.0
Singapore,2023,OCO,Alpine,32.0,100.362,29.109,43.168,28.085,HARD,12.0,2.0,,,9.0,1,True,True,58.8,1.764,293.0,268.0,248.0,292.0
Singapore,2023,OCO,Alpine,33.0,99.93,28.957,43.029,27.944,HARD,13.0,2.0,,,9.0,1,True,True,57.2,1.716,293.0,269.0,246.0,292.0
Singapore,2023,OCO,Alpine,34.0,100.303,29.053,43.079,28.171,HARD,14.0,2.0,,,9.0,1,True,True,55.6,1.668,292.0,268.0,248.0,284.0
Singapore,2023,OCO,Alpine,35.0,100.541,29.092,43.328,28.121,HARD,15.0,2.0,,,9.0,1,True,True,54.0,1.62,297.0,270.0,248.0,294.0
Singapore,2023,OCO,Alpine,36.0,101.211,29.002,43.737,28.472,HARD,16.0,2.0,,,9.0,1,True,True,52.4,1.572,303.0,268.0,248.0,294.0
Singapore,2023,OCO,Alpine,37.0,102.599,29.107,45.169,28.323,HARD,17.0,2.0,,,8.0,1,True,True,50.8,1.524,294.0,268.0,248.0,295.0
Singapore,2023,OCO,Alpine,38.0,101.319,29.312,43.674,28.333,HARD,18.0,2.0,,,8.0,1,True,True,49.2,1.476,296.0,268.0,249.0,292.0
Singapore,2023,OCO,Alpine,39.0,100.875,29.125,43.817,27.933,HARD,19.0,2.0,,,7.0,1,True,True,47.6,1.428,308.0,258.0,248.0,292.0
Singapore,2023,OCO,Alpine,40.0,99.931,29.04,42.982,27.909,HARD,20.0,2.0,,,7.0,1,True,True,46.0,1.38,284.0,258.0,249.0,280.0
Singapore,2023,OCO,Alpine,41.0,100.064,29.084,42.962,28.018,HARD,21.0,2.0,,,6.0,1,True,True,44.4,1.332,283.0,258.0,247.0,280.0
Singapore,2023,OCO,Alpine,42.0,99.995,29.075,42.846,28.074,HARD,22.0,2.0,,,6.0,1,True,True,42.8,1.284,284.0,258.0,216.0,280.0
Singapore,2023,OCO,Alpine,43.0,,,,,HARD,23.0,2.0,,,,126,False,True,41.2,1.236,,,,
Singapore,2023,NOR,McLaren,1.0,106.415,,44.349,28.439,MEDIUM,1.0,1.0,,,5.0,12,False,True,108.4,3.252,280.0,264.0,239.0,201.0
Singapore,2023,NOR,McLaren,2.0,101.826,29.585,43.945,28.296,MEDIUM,2.0,1.0,,,5.0,12,True,True,106.8,3.204,286.0,264.0,245.0,285.0
Singapore,2023,NOR,McLaren,3.0,101.124,29.106,43.583,28.435,MEDIUM,3.0,1.0,,,5.0,1,True,True,105.2,3.156,293.0,273.0,243.0,276.0
Singapore,2023,NOR,McLaren,4.0,101.678,29.17,43.643,28.865,MEDIUM,4.0,1.0,,,4.0,1,True,True,103.6,3.108,292.0,273.0,247.0,291.0
Singapore,2023,NOR,McLaren,5.0,100.285,29.252,42.811,28.222,MEDIUM,5.0,1.0,,,4.0,1,True,True,102.0,3.06,279.0,257.0,244.0,279.0
Singapore,2023,NOR,McLaren,6.0,99.992,29.381,42.659,27.952,MEDIUM,6.0,1.0,,,4.0,1,True,True,100.4,3.012,275.0,257.0,243.0,276.0
Singapore,2023,NOR,McLaren,7.0,99.972,29.227,42.587,28.158,MEDIUM,7.0,1.0,,,4.0,1,True,True,98.8,2.964,273.0,263.0,243.0,285.0
Singapore,2023,NOR,McLaren,8.0,100.301,29.356,42.773,28.172,MEDIUM,8.0,1.0,,,4.0,1,True,True,97.2,2.916,276.0,263.0,245.0,284.0
Singapore,2023,NOR,McLaren,9.0,100.13,29.284,42.752,28.094,MEDIUM,9.0,1.0,,,4.0,1,True,True,95.6,2.868,277.0,263.0,244.0,286.0
Singapore,2023,NOR,McLaren,10.0,99.974,29.159,42.708,28.107,MEDIUM,10.0,1.0,,,4.0,1,True,True,94.0,2.82,275.0,264.0,245.0,286.0
Singapore,2023,NOR,McLaren,11.0,100.355,29.404,42.912,28.039,MEDIUM,11.0,1.0,,,4.0,1,True,True,92.4,2.772,274.0,263.0,244.0,285.0
Singapore,2023,NOR,McLaren,12.0,100.466,29.442,43.004,28.02,MEDIUM,12.0,1.0,,,4.0,1,True,True,90.8,2.724,286.0,262.0,246.0,274.0
Singapore,2023,NOR,McLaren,13.0,100.372,29.334,42.962,28.076,MEDIUM,13.0,1.0,,,4.0,1,True,True,89.2,2.676,277.0,263.0,245.0,284.0
Singapore,2023,NOR,McLaren,14.0,100.421,29.233,42.914,28.274,MEDIUM,14.0,1.0,,,4.0,1,True,True,87.6,2.628,281.0,263.0,246.0,285.0
Singapore,2023,NOR,McLaren,15.0,100.247,28.89,43.203,28.154,MEDIUM,15.0,1.0,,,4.0,1,True,True,86.0,2.58,287.0,267.0,243.0,290.0
Singapore,2023,NOR,McLaren,16.0,100.342,29.325,43.123,27.894,MEDIUM,16.0,1.0,,,4.0,1,True,True,84.4,2.532,282.0,265.0,245.0,296.0
Singapore,2023,NOR,McLaren,17.0,100.024,29.204,42.904,27.916,MEDIUM,17.0,1.0,,,4.0,1,True,True,82.8,2.484,280.0,264.0,246.0,287.0
Singapore,2023,NOR,McLaren,18.0,99.693,29.255,42.625,27.813,MEDIUM,18.0,1.0,,,4.0,1,True,True,81.2,2.436,284.0,264.0,246.0,285.0
Singapore,2023,NOR,McLaren,19.0,99.88,29.119,42.794,27.967,MEDIUM,19.0,1.0,,,4.0,12,True,True,79.6,2.388,283.0,265.0,244.0,285.0
Singapore,2023,NOR,McLaren,20.0,121.158,29.192,48.976,42.99,MEDIUM,20.0,1.0,5791.281,,4.0,14,False,True,78.0,2.34,290.0,171.0,,287.0
Singapore,2023,NOR,McLaren,21.0,,66.319,69.87,45.122,HARD,1.0,2.0,,5820.75,5.0,4,False,True,76.4,2.292,85.0,165.0,114.0,287.0
Singapore,2023,NOR,McLaren,22.0,148.267,44.366,59.901,44.0,HARD,2.0,2.0,,,5.0,41,False,True,74.8,2.244,228.0,165.0,244.0,231.0
Singapore,2023,NOR,McLaren,23.0,102.789,29.34,44.449,29.0,HARD,3.0,2.0,,,4.0,1,True,True,73.2,2.196,297.0,269.0,244.0,286.0
Singapore,2023,NOR,McLaren,24.0,100.32,29.515,42.757,28.048,HARD,4.0,2.0,,,3.0,1,True,True,71.6,2.148,288.0,273.0,245.0,277.0
Singapore,2023,NOR,McLaren,25.0,100.24,29.092,42.849,28.299,HARD,5.0,2.0,,,3.0,1,True,True,70.0,2.1,283.0,263.0,240.0,276.0
Singapore,2023,NOR,McLaren,26.0,99.484,29.22,42.244,28.02,HARD,6.0,2.0,,,3.0,1,True,True,68.4,2.052,282.0,262.0,243.0,285.0
Singapore,2023,NOR,McLaren,27.0,99.406,29.037,42.218,28.151,HARD,7.0,2.0,,,3.0,1,True,True,66.8,2.004,281.0,265.0,242.0,284.0
Singapore,2023,NOR,McLaren,28.0,100.267,29.005,42.994,28.268,HARD,8.0,2.0,,,3.0,1,True,True,65.2,1.956,270.0,266.0,243.0,286.0
Singapore,2023,NOR,McLaren,29.0,100.097,29.109,42.798,28.19,HARD,9.0,2.0,,,3.0,1,True,True,63.6,1.908,274.0,264.0,244.0,281.0
Singapore,2023,NOR,McLaren,30.0,99.736,29.07,42.852,27.814,HARD,10.0,2.0,,,3.0,1,True,True,62.0,1.86,277.0,271.0,248.0,282.0
Singapore,2023,NOR,McLaren,31.0,99.367,28.609,42.715,28.043,HARD,11.0,2.0,,,3.0,1,True,True,60.4,1.812,287.0,274.0,249.0,289.0
Singapore,2023,NOR,McLaren,32.0,99.291,28.588,42.707,27.996,HARD,12.0,2.0,,,3.0,1,True,True,58.8,1.764,298.0,276.0,249.0,298.0
Singapore,2023,NOR,McLaren,33.0,99.663,28.629,43.15,27.884,HARD,13.0,2.0,,,3.0,1,True,True,57.2,1.716,288.0,269.0,248.0,293.0
Singapore,2023,NOR,McLaren,34.0,100.06,29.058,42.986,28.016,HARD,14.0,2.0,,,3.0,1,True,True,55.6,1.668,277.0,264.0,246.0,285.0
Singapore,2023,NOR,McLaren,35.0,99.701,28.836,43.027,27.838,HARD,15.0,2.0,,,3.0,1,True,True,54.0,1.62,285.0,273.0,249.0,288.0
Singapore,2023,NOR,McLaren,36.0,99.462,28.668,42.955,27.839,HARD,16.0,2.0,,,3.0,1,True,True,52.4,1.572,298.0,273.0,248.0,292.0
Singapore,2023,NOR,McLaren,37.0,99.838,28.727,43.204,27.907,HARD,17.0,2.0,,,3.0,1,True,True,50.8,1.524,286.0,274.0,247.0,293.0
Singapore,2023,NOR,McLaren,38.0,99.72,28.743,43.017,27.96,HARD,18.0,2.0,,,3.0,1,True,True,49.2,1.476,281.0,271.0,249.0,291.0
Singapore,2023,NOR,McLaren,39.0,99.271,28.872,42.701,27.698,HARD,19.0,2.0,,,3.0,1,True,True,47.6,1.428,287.0,269.0,249.0,293.0
Singapore,2023,NOR,McLaren,40.0,99.346,28.9,42.66,27.786,HARD,20.0,2.0,,,3.0,1,True,True,46.0,1.38,282.0,268.0,247.0,290.0
Singapore,2023,NOR,McLaren,41.0,99.662,28.828,43.002,27.832,HARD,21.0,2.0,,,3.0,1,True,True,44.4,1.332,284.0,273.0,250.0,290.0
Singapore,2023,NOR,McLaren,42.0,99.606,28.539,43.082,27.985,HARD,22.0,2.0,,,3.0,1,True,True,42.8,1.284,290.0,273.0,247.0,302.0
Singapore,2023,NOR,McLaren,43.0,99.56,28.698,43.016,27.846,HARD,23.0,2.0,,,3.0,12,True,True,41.2,1.236,303.0,278.0,245.0,293.0
Singapore,2023,NOR,McLaren,44.0,138.86,43.068,57.474,38.318,HARD,24.0,2.0,,,2.0,26,False,True,39.6,1.188,191.0,179.0,195.0,174.0
Singapore,2023,NOR,McLaren,45.0,120.748,40.028,53.052,27.668,HARD,25.0,2.0,,,2.0,671,False,True,38.0,1.14,225.0,268.0,250.0,242.0
Singapore,2023,NOR,McLaren,46.0,98.046,28.63,41.946,27.47,HARD,26.0,2.0,,,2.0,1,True,True,36.4,1.092,294.0,267.0,250.0,288.0
Singapore,2023,NOR,McLaren,47.0,98.157,28.735,41.953,27.469,HARD,27.0,2.0,,,2.0,12,True,True,34.8,1.044,294.0,267.0,250.0,288.0
Singapore,2023,NOR,McLaren,48.0,98.049,28.533,42.103,27.413,HARD,28.0,2.0,,,2.0,1,True,True,33.2,0.996,294.0,267.0,251.0,289.0
Singapore,2023,NOR,McLaren,49.0,98.173,28.599,42.125,27.449,HARD,29.0,2.0,,,2.0,1,True,True,31.6,0.948,291.0,268.0,250.0,283.0
Singapore,2023,NOR,McLaren,50.0,98.148,28.612,42.099,27.437,HARD,30.0,2.0,,,2.0,1,True,True,30.0,0.9,294.0,268.0,250.0,284.0
Singapore,2023,NOR,McLaren,51.0,98.124,28.645,42.127,27.352,HARD,31.0,2.0,,,2.0,1,True,True,28.4,0.852,293.0,268.0,251.0,289.0
Singapore,2023,NOR,McLaren,52.0,98.25,28.643,42.184,27.423,HARD,32.0,2.0,,,2.0,1,True,True,26.8,0.804,293.0,268.0,251.0,287.0
Singapore,2023,NOR,McLaren,53.0,98.392,28.627,42.363,27.402,HARD,33.0,2.0,,,2.0,12,True,True,25.2,0.756,295.0,268.0,252.0,287.0
Singapore,2023,NOR,McLaren,54.0,98.423,28.527,42.573,27.323,HARD,34.0,2.0,,,2.0,1,True,True,23.6,0.708,294.0,268.0,250.0,290.0
Singapore,2023,NOR,McLaren,55.0,98.492,28.668,42.352,27.472,HARD,35.0,2.0,,,2.0,1,True,True,22.0,0.66,294.0,268.0,251.0,288.0
Singapore,2023,NOR,McLaren,56.0,98.473,28.621,42.432,27.42,HARD,36.0,2.0,,,2.0,1,True,True,20.4,0.612,295.0,269.0,251.0,290.0
Singapore,2023,NOR,McLaren,57.0,98.617,28.586,42.495,27.536,HARD,37.0,2.0,,,2.0,1,True,True,18.8,0.564,296.0,268.0,252.0,290.0
Singapore,2023,NOR,McLaren,58.0,99.16,28.336,42.982,27.842,HARD,38.0,2.0,,,2.0,1,True,True,17.2,0.516,302.0,277.0,251.0,301.0
Singapore,2023,NOR,McLaren,59.0,100.416,28.455,43.419,28.542,HARD,39.0,2.0,,,2.0,12,True,True,15.6,0.468,311.0,276.0,251.0,300.0
Singapore,2023,NOR,McLaren,60.0,99.396,28.601,43.047,27.748,HARD,40.0,2.0,,,2.0,1,True,True,14.0,0.42,312.0,276.0,252.0,286.0
Singapore,2023,NOR,McLaren,61.0,99.51,28.374,43.062,28.074,HARD,41.0,2.0,,,2.0,1,True,True,12.4,0.372,312.0,277.0,251.0,301.0
Singapore,2023,NOR,McLaren,62.0,99.677,28.523,43.224,27.93,HARD,42.0,2.0,,,2.0,12,True,True,10.8,0.324,313.0,278.0,248.0,289.0
Singapore,2023,LAW,AlphaTauri,1.0,110.934,,46.612,28.877,MEDIUM,1.0,1.0,,,12.0,12,False,True,108.4,3.252,304.0,265.0,240.0,220.0
Singapore,2023,LAW,AlphaTauri,2.0,102.139,29.845,43.334,28.96,MEDIUM,2.0,1.0,,,12.0,12,True,True,106.8,3.204,277.0,260.0,244.0,277.0
Singapore,2023,LAW,AlphaTauri,3.0,101.514,29.54,43.252,28.722,MEDIUM,3.0,1.0,,,12.0,1,True,True,105.2,3.156,298.0,264.0,244.0,282.0
Singapore,2023,LAW,AlphaTauri,4.0,101.359,29.356,43.333,28.67,MEDIUM,4.0,1.0,,,12.0,1,True,True,103.6,3.108,289.0,265.0,243.0,288.0
Singapore,2023,LAW,AlphaTauri,5.0,101.351,29.275,43.469,28.607,MEDIUM,5.0,1.0,,,12.0,1,True,True,102.0,3.06,296.0,256.0,243.0,291.0
Singapore,2023,LAW,AlphaTauri,6.0,101.933,29.171,43.905,28.857,MEDIUM,6.0,1.0,,,12.0,1,True,True,100.4,3.012,302.0,254.0,243.0,287.0
Singapore,2023,LAW,AlphaTauri,7.0,101.468,29.56,43.396,28.512,MEDIUM,7.0,1.0,,,12.0,1,True,True,98.8,2.964,278.0,255.0,244.0,287.0
Singapore,2023,LAW,AlphaTauri,8.0,100.893,29.314,42.915,28.664,MEDIUM,8.0,1.0,,,12.0,1,True,True,97.2,2.916,291.0,260.0,243.0,287.0
Singapore,2023,LAW,AlphaTauri,9.0,100.886,29.484,42.967,28.435,MEDIUM,9.0,1.0,,,12.0,1,True,True,95.6,2.868,285.0,257.0,238.0,288.0
Singapore,2023,LAW,AlphaTauri,10.0,100.598,29.639,42.707,28.252,MEDIUM,10.0,1.0,,,12.0,1,True,True,94.0,2.82,287.0,258.0,243.0,283.0
Singapore,2023,LAW,AlphaTauri,11.0,100.824,29.601,42.936,28.287,MEDIUM,11.0,1.0,,,12.0,1,True,True,92.4,2.772,282.0,259.0,242.0,279.0
Singapore,2023,LAW,AlphaTauri,12.0,100.454,29.514,42.736,28.204,MEDIUM,12.0,1.0,,,12.0,1,True,True,90.8,2.724,280.0,258.0,243.0,278.0
Singapore,2023,LAW,AlphaTauri,13.0,100.642,29.525,42.945,28.172,MEDIUM,13.0,1.0,,,12.0,1,True,True,89.2,2.676,280.0,257.0,243.0,279.0
Singapore,2023,LAW,AlphaTauri,14.0,100.676,29.55,42.796,28.33,MEDIUM,14.0,1.0,,,12.0,1,True,True,87.6,2.628,280.0,253.0,242.0,281.0
Singapore,2023,LAW,AlphaTauri,15.0,100.728,29.487,42.997,28.244,MEDIUM,15.0,1.0,,,12.0,1,True,True,86.0,2.58,283.0,259.0,243.0,281.0
Singapore,2023,LAW,AlphaTauri,16.0,100.941,29.503,42.97,28.468,MEDIUM,16.0,1.0,,,12.0,1,True,True,84.4,2.532,281.0,259.0,243.0,282.0
Singapore,2023,LAW,AlphaTauri,17.0,100.94,29.501,43.058,28.381,MEDIUM,17.0,1.0,,,12.0,1,True,True,82.8,2.484,292.0,255.0,243.0,278.0
Singapore,2023,LAW,AlphaTauri,18.0,101.119,29.476,43.197,28.446,MEDIUM,18.0,1.0,,,12.0,1,True,True,81.2,2.436,288.0,259.0,243.0,279.0
Singapore,2023,LAW,AlphaTauri,19.0,101.286,29.739,43.098,28.449,MEDIUM,19.0,1.0,,,12.0,12,True,True,79.6,2.388,292.0,258.0,242.0,277.0
Singapore,2023,LAW,AlphaTauri,20.0,128.455,29.62,53.854,44.981,MEDIUM,20.0,1.0,5815.796,,13.0,14,False,True,78.0,2.34,284.0,191.0,,279.0
Singapore,2023,LAW,AlphaTauri,21.0,,62.401,64.41,45.217,HARD,1.0,2.0,,5848.124,14.0,4,False,True,76.4,2.292,163.0,129.0,215.0,279.0
Singapore,2023,LAW,AlphaTauri,22.0,137.713,42.385,59.777,35.551,HARD,2.0,2.0,,,14.0,41,False,True,74.8,2.244,191.0,225.0,242.0,237.0
Singapore,2023,LAW,AlphaTauri,23.0,103.523,29.432,44.199,29.892,HARD,3.0,2.0,,,14.0,1,True,True,73.2,2.196,279.0,268.0,233.0,280.0
Singapore,2023,LAW,AlphaTauri,24.0,102.294,30.071,43.461,28.762,HARD,4.0,2.0,,,13.0,1,True,True,71.6,2.148,279.0,246.0,243.0,280.0
Singapore,2023,LAW,AlphaTauri,25.0,101.399,29.399,43.255,28.745,HARD,5.0,2.0,,,13.0,1,True,True,70.0,2.1,293.0,260.0,243.0,277.0
Singapore,2023,LAW,AlphaTauri,26.0,100.971,29.468,42.817,28.686,HARD,6.0,2.0,,,13.0,1,True,True,68.4,2.052,294.0,259.0,246.0,288.0
Singapore,2023,LAW,AlphaTauri,27.0,100.231,29.288,42.682,28.261,HARD,7.0,2.0,,,13.0,1,True,True,66.8,2.004,295.0,259.0,247.0,289.0
Singapore,2023,LAW,AlphaTauri,28.0,101.5,29.121,43.635,28.744,HARD,8.0,2.0,,,13.0,1,True,True,65.2,1.956,295.0,265.0,246.0,289.0
Singapore,2023,LAW,AlphaTauri,29.0,101.515,29.267,43.707,28.541,HARD,9.0,2.0,,,13.0,1,True,True,63.6,1.908,297.0,268.0,245.0,292.0
Singapore,2023,LAW,AlphaTauri,30.0,100.999,29.329,43.399,28.271,HARD,10.0,2.0,,,13.0,1,True,True,62.0,1.86,290.0,269.0,246.0,288.0
Singapore,2023,LAW,AlphaTauri,31.0,100.44,29.43,42.897,28.113,HARD,11.0,2.0,,,13.0,1,True,True,60.4,1.812,290.0,259.0,243.0,288.0
Singapore,2023,LAW,AlphaTauri,32.0,100.055,29.303,42.614,28.138,HARD,12.0,2.0,,,13.0,1,True,True,58.8,1.764,296.0,261.0,242.0,284.0
Singapore,2023,LAW,AlphaTauri,33.0,100.334,29.354,42.705,28.275,HARD,13.0,2.0,,,13.0,1,True,True,57.2,1.716,279.0,255.0,243.0,279.0
Singapore,2023,LAW,AlphaTauri,34.0,100.953,29.431,43.135,28.387,HARD,14.0,2.0,,,13.0,1,True,True,55.6,1.668,282.0,259.0,244.0,282.0
Singapore,2023,LAW,AlphaTauri,35.0,102.148,29.289,43.976,28.883,HARD,15.0,2.0,,,13.0,1,True,True,54.0,1.62,290.0,266.0,244.0,282.0
Singapore,2023,LAW,AlphaTauri,36.0,101.1,29.486,43.391,28.223,HARD,16.0,2.0,,,12.0,1,True,True,52.4,1.572,305.0,270.0,243.0,285.0
Singapore,2023,LAW,AlphaTauri,37.0,100.797,29.462,43.046,28.289,HARD,17.0,2.0,,,12.0,1,True,True,50.8,1.524,285.0,258.0,238.0,282.0
Singapore,2023,LAW,AlphaTauri,38.0,101.106,29.418,43.526,28.162,HARD,18.0,2.0,,,12.0,1,True,True,49.2,1.476,293.0,261.0,243.0,284.0
Singapore,2023,LAW,AlphaTauri,39.0,101.845,29.299,43.801,28.745,HARD,19.0,2.0,,,11.0,1,True,True,47.6,1.428,296.0,258.0,243.0,281.0
Singapore,2023,LAW,AlphaTauri,40.0,101.182,29.304,43.522,28.356,HARD,20.0,2.0,,,11.0,1,True,True,46.0,1.38,295.0,260.0,244.0,292.0
Singapore,2023,LAW,AlphaTauri,41.0,100.315,29.342,42.916,28.057,HARD,21.0,2.0,,,10.0,1,True,True,44.4,1.332,281.0,261.0,244.0,281.0
Singapore,2023,LAW,AlphaTauri,42.0,100.181,29.261,42.875,28.045,HARD,22.0,2.0,,,10.0,1,True,True,42.8,1.284,287.0,261.0,244.0,282.0
Singapore,2023,LAW,AlphaTauri,43.0,111.885,29.314,43.611,38.96,HARD,23.0,2.0,,,9.0,126,False,True,41.2,1.236,286.0,132.0,209.0,282.0
Singapore,2023,LAW,AlphaTauri,44.0,138.528,41.896,57.379,39.253,HARD,24.0,2.0,,,8.0,6,False,True,39.6,1.188,159.0,223.0,199.0,158.0
Singapore,2023,LAW,AlphaTauri,45.0,110.881,39.814,43.141,27.926,HARD,25.0,2.0,,,8.0,671,False,True,38.0,1.14,192.0,262.0,243.0,201.0
Singapore,2023,LAW,AlphaTauri,46.0,99.132,29.102,42.299,27.731,HARD,26.0,2.0,,,8.0,1,True,True,36.4,1.092,289.0,264.0,245.0,283.0
Singapore,2023,LAW,AlphaTauri,47.0,99.028,28.975,42.289,27.764,HARD,27.0,2.0,,,8.0,12,True,True,34.8,1.044,291.0,264.0,245.0,282.0
Singapore,2023,LAW,AlphaTauri,48.0,99.386,29.063,42.405,27.918,HARD,28.0,2.0,,,8.0,1,True,True,33.2,0.996,286.0,261.0,245.0,280.0
Singapore,2023,LAW,AlphaTauri,49.0,99.783,29.077,42.746,27.96,HARD,29.0,2.0,,,8.0,1,True,True,31.6,0.948,284.0,261.0,245.0,281.0
Singapore,2023,LAW,AlphaTauri,50.0,101.093,29.259,42.613,29.221,HARD,30.0,2.0,,,9.0,1,True,True,30.0,0.9,285.0,264.0,245.0,281.0
Singapore,2023,LAW,AlphaTauri,51.0,100.801,29.599,43.139,28.063,HARD,31.0,2.0,,,9.0,1,True,True,28.4,0.852,284.0,260.0,244.0,291.0
Singapore,2023,LAW,AlphaTauri,52.0,99.95,29.196,42.691,28.063,HARD,32.0,2.0,,,9.0,1,True,True,26.8,0.804,282.0,260.0,244.0,279.0
Singapore,2023,LAW,AlphaTauri,53.0,99.996,29.18,42.95,27.866,HARD,33.0,2.0,,,9.0,12,True,True,25.2,0.756,285.0,261.0,246.0,280.0
Singapore,2023,LAW,AlphaTauri,54.0,99.884,29.178,42.755,27.951,HARD,34.0,2.0,,,9.0,1,True,True,23.6,0.708,285.0,261.0,245.0,279.0
Singapore,2023,LAW,AlphaTauri,55.0,99.803,29.176,42.605,28.022,HARD,35.0,2.0,,,9.0,1,True,True,22.0,0.66,285.0,260.0,246.0,279.0
Singapore,2023,LAW,AlphaTauri,56.0,99.962,29.091,42.838,28.033,HARD,36.0,2.0,,,9.0,1,True,True,20.4,0.612,285.0,260.0,247.0,280.0
Singapore,2023,LAW,AlphaTauri,57.0,101.698,29.084,44.099,28.515,HARD,37.0,2.0,,,9.0,1,True,True,18.8,0.564,291.0,260.0,247.0,280.0
Singapore,2023,LAW,AlphaTauri,58.0,101.423,29.155,43.893,28.375,HARD,38.0,2.0,,,9.0,12,True,True,17.2,0.516,291.0,260.0,246.0,278.0
Singapore,2023,LAW,AlphaTauri,59.0,101.91,29.167,44.502,28.241,HARD,39.0,2.0,,,9.0,1,True,True,15.6,0.468,290.0,260.0,247.0,278.0
Singapore,2023,LAW,AlphaTauri,60.0,103.089,29.154,45.526,28.409,HARD,40.0,2.0,,,10.0,1,True,True,14.0,0.42,288.0,260.0,246.0,279.0
Singapore,2023,LAW,AlphaTauri,61.0,101.007,29.378,43.266,28.363,HARD,41.0,2.0,,,10.0,12,True,True,12.4,0.372,289.0,263.0,245.0,284.0
Singapore,2023,LAW,AlphaTauri,62.0,102.328,29.513,44.445,28.37,HARD,42.0,2.0,,,9.0,2,True,True,10.8,0.324,278.0,264.0,245.0,283.0
Singapore,2023,HAM,Mercedes,1.0,105.023,,42.982,28.538,MEDIUM,1.0,1.0,,,3.0,12,False,True,108.4,3.252,284.0,254.0,243.0,204.0
Singapore,2023,HAM,Mercedes,2.0,102.587,29.485,44.938,28.164,MEDIUM,2.0,1.0,,,4.0,12,True,True,106.8,3.204,266.0,256.0,245.0,266.0
Singapore,2023,HAM,Mercedes,3.0,101.088,29.309,43.484,28.295,MEDIUM,3.0,1.0,,,4.0,1,True,True,105.2,3.156,293.0,253.0,243.0,267.0
Singapore,2023,HAM,Mercedes,4.0,102.861,29.32,43.99,29.551,MEDIUM,4.0,1.0,,,5.0,1,True,True,103.6,3.108,282.0,239.0,242.0,276.0
Singapore,2023,HAM,Mercedes,5.0,100.978,29.145,43.709,28.124,MEDIUM,5.0,1.0,,,5.0,1,True,True,102.0,3.06,290.0,251.0,242.0,295.0
Singapore,2023,HAM,Mercedes,6.0,100.126,29.602,42.597,27.927,MEDIUM,6.0,1.0,,,5.0,1,True,True,100.4,3.012,276.0,260.0,242.0,276.0
Singapore,2023,HAM,Mercedes,7.0,99.918,29.355,42.67,27.893,MEDIUM,7.0,1.0,,,5.0,1,True,True,98.8,2.964,279.0,243.0,247.0,277.0
Singapore,2023,HAM,Mercedes,8.0,100.166,29.251,42.903,28.012,MEDIUM,8.0,1.0,,,5.0,1,True,True,97.2,2.916,275.0,244.0,246.0,279.0
Singapore,2023,HAM,Mercedes,9.0,100.312,29.301,43.078,27.933,MEDIUM,9.0,1.0,,,5.0,1,True,True,95.6,2.868,288.0,241.0,247.0,274.0
Singapore,2023,HAM,Mercedes,10.0,100.144,29.373,42.869,27.902,MEDIUM,10.0,1.0,,,5.0,1,True,True,94.0,2.82,272.0,251.0,243.0,282.0
Singapore,2023,HAM,Mercedes,11.0,100.241,29.415,42.792,28.034,MEDIUM,11.0,1.0,,,5.0,1,True,True,92.4,2.772,283.0,253.0,245.0,277.0
Singapore,2023,HAM,Mercedes,12.0,100.218,29.288,42.99,27.94,MEDIUM,12.0,1.0,,,5.0,1,True,True,90.8,2.724,279.0,252.0,246.0,279.0
Singapore,2023,HAM,Mercedes,13.0,100.081,29.272,42.725,28.084,MEDIUM,13.0,1.0,,,5.0,1,True,True,89.2,2.676,285.0,266.0,246.0,286.0
Singapore,2023,HAM,Mercedes,14.0,100.273,28.851,43.246,28.176,MEDIUM,14.0,1.0,,,5.0,1,True,True,87.6,2.628,300.0,263.0,246.0,292.0
Singapore,2023,HAM,Mercedes,15.0,100.394,29.079,43.228,28.087,MEDIUM,15.0,1.0,,,5.0,1,True,True,86.0,2.58,283.0,262.0,246.0,285.0
Singapore,2023,HAM,Mercedes,16.0,100.785,29.3,43.415,28.07,MEDIUM,16.0,1.0,,,5.0,1,True,True,84.4,2.532,278.0,255.0,244.0,289.0
Singapore,2023,HAM,Mercedes,17.0,100.38,29.606,42.758,28.016,MEDIUM,17.0,1.0,,,5.0,1,True,True,82.8,2.484,270.0,252.0,244.0,267.0
Singapore,2023,HAM,Mercedes,18.0,100.364,29.494,42.942,27.928,MEDIUM,18.0,1.0,,,5.0,1,True,True,81.2,2.436,287.0,254.0,244.0,275.0
Singapore,2023,HAM,Mercedes,19.0,99.394,29.252,42.416,27.726,MEDIUM,19.0,1.0,,,5.0,12,True,True,79.6,2.388,283.0,261.0,244.0,280.0
Singapore,2023,HAM,Mercedes,20.0,121.815,29.22,49.936,42.659,MEDIUM,20.0,1.0,5793.75,,5.0,14,False,True,78.0,2.34,284.0,194.0,,283.0
Singapore,2023,HAM,Mercedes,21.0,,66.298,71.817,43.711,HARD,1.0,2.0,,5826.359,7.0,4,False,True,76.4,2.292,117.0,163.0,178.0,283.0
Singapore,2023,HAM,Mercedes,22.0,146.231,45.362,59.337,41.532,HARD,2.0,2.0,,,7.0,41,False,True,74.8,2.244,256.0,204.0,245.0,208.0
Singapore,2023,HAM,Mercedes,23.0,103.08,29.495,43.75,29.835,HARD,3.0,2.0,,,6.0,1,True,True,73.2,2.196,292.0,272.0,246.0,286.0
Singapore,2023,HAM,Mercedes,24.0,100.957,29.715,43.282,27.96,HARD,4.0,2.0,,,5.0,1,True,True,71.6,2.148,299.0,257.0,247.0,290.0
Singapore,2023,HAM,Mercedes,25.0,100.442,29.46,42.916,28.066,HARD,5.0,2.0,,,5.0,1,True,True,70.0,2.1,270.0,258.0,248.0,282.0
Singapore,2023,HAM,Mercedes,26.0,99.954,29.008,42.906,28.04,HARD,6.0,2.0,,,5.0,1,True,True,68.4,2.052,292.0,271.0,248.0,284.0
Singapore,2023,HAM,Mercedes,27.0,99.226,28.825,42.51,27.891,HARD,7.0,2.0,,,4.0,1,True,True,66.8,2.004,311.0,254.0,245.0,294.0
Singapore,2023,HAM,Mercedes,28.0,99.679,29.423,42.461,27.795,HARD,8.0,2.0,,,4.0,1,True,True,65.2,1.956,272.0,250.0,245.0,269.0
Singapore,2023,HAM,Mercedes,29.0,99.52,29.248,42.475,27.797,HARD,9.0,2.0,,,4.0,1,True,True,63.6,1.908,268.0,255.0,246.0,275.0
Singapore,2023,HAM,Mercedes,30.0,99.142,28.956,42.289,27.897,HARD,10.0,2.0,,,4.0,1,True,True,62.0,1.86,277.0,272.0,250.0,278.0
Singapore,2023,HAM,Mercedes,31.0,99.32,28.814,42.534,27.972,HARD,11.0,2.0,,,4.0,1,True,True,60.4,1.812,302.0,273.0,249.0,293.0
Singapore,2023,HAM,Mercedes,32.0,99.186,28.704,42.558,27.924,HARD,12.0,2.0,,,4.0,1,True,True,58.8,1.764,289.0,274.0,250.0,293.0
Singapore,2023,HAM,Mercedes,33.0,100.62,28.953,43.806,27.861,HARD,13.0,2.0,,,4.0,1,True,True,57.2,1.716,271.0,250.0,246.0,298.0
Singapore,2023,HAM,Mercedes,34.0,99.545,29.241,42.585,27.719,HARD,14.0,2.0,,,4.0,1,True,True,55.6,1.668,273.0,260.0,246.0,279.0
Singapore,2023,HAM,Mercedes,35.0,99.51,29.135,42.618,27.757,HARD,15.0,2.0,,,4.0,1,True,True,54.0,1.62,274.0,263.0,250.0,280.0
Singapore,2023,HAM,Mercedes,36.0,99.362,28.995,42.63,27.737,HARD,16.0,2.0,,,4.0,1,True,True,52.4,1.572,294.0,260.0,248.0,285.0
Singapore,2023,HAM,Mercedes,37.0,99.959,28.963,42.994,28.002,HARD,17.0,2.0,,,4.0,1,True,True,50.8,1.524,285.0,271.0,245.0,278.0
Singapore,2023,HAM,Mercedes,38.0,99.86,29.104,42.682,28.074,HARD,18.0,2.0,,,4.0,1,True,True,49.2,1.476,288.0,275.0,249.0,283.0
Singapore,2023,HAM,Mercedes,39.0,99.264,28.909,42.537,27.818,HARD,19.0,2.0,,,4.0,1,True,True,47.6,1.428,298.0,268.0,248.0,289.0
Singapore,2023,HAM,Mercedes,40.0,99.472,28.67,42.813,27.989,HARD,20.0,2.0,,,4.0,1,True,True,46.0,1.38,302.0,265.0,247.0,300.0
Singapore,2023,HAM,Mercedes,41.0,99.698,29.077,42.71,27.911,HARD,21.0,2.0,,,4.0,1,True,True,44.4,1.332,281.0,258.0,247.0,288.0
Singapore,2023,HAM,Mercedes,42.0,99.686,29.128,42.912,27.646,HARD,22.0,2.0,,,4.0,1,True,True,42.8,1.284,283.0,257.0,248.0,288.0
Singapore,2023,HAM,Mercedes,43.0,99.291,28.987,42.643,27.661,HARD,23.0,2.0,,,4.0,126,False,True,41.2,1.236,283.0,269.0,246.0,289.0
Singapore,2023,HAM,Mercedes,44.0,145.716,43.283,57.74,44.693,HARD,24.0,2.0,8364.205,,5.0,6,False,True,39.6,1.188,220.0,159.0,,120.0
Singapore,2023,HAM,Mercedes,45.0,133.606,61.73,44.813,27.063,MEDIUM,1.0,3.0,,8397.767,5.0,671,False,True,38.0,1.14,166.0,267.0,248.0,120.0
Singapore,2023,HAM,Mercedes,46.0,96.953,28.692,41.25,27.011,MEDIUM,2.0,3.0,,,5.0,1,True,True,36.4,1.092,279.0,263.0,249.0,285.0
Singapore,2023,HAM,Mercedes,47.0,95.867,28.21,40.658,26.999,MEDIUM,3.0,3.0,,,5.0,12,True,True,34.8,1.044,289.0,263.0,248.0,282.0
Singapore,2023,HAM,Mercedes,48.0,96.122,28.497,40.721,26.904,MEDIUM,4.0,3.0,,,5.0,1,True,True,33.2,0.996,291.0,266.0,249.0,285.0
Singapore,2023,HAM,Mercedes,49.0,96.22,28.271,40.864,27.085,MEDIUM,5.0,3.0,,,5.0,1,True,True,31.6,0.948,293.0,265.0,249.0,285.0
Singapore,2023,HAM,Mercedes,50.0,96.462,28.384,40.949,27.129,MEDIUM,6.0,3.0,,,5.0,1,True,True,30.0,0.9,290.0,254.0,249.0,284.0
Singapore,2023,HAM,Mercedes,51.0,96.479,28.478,40.899,27.102,MEDIUM,7.0,3.0,,,5.0,1,True,True,28.4,0.852,291.0,257.0,249.0,286.0
Singapore,2023,HAM,Mercedes,52.0,96.555,28.412,41.18,26.963,MEDIUM,8.0,3.0,,,5.0,1,True,True,26.8,0.804,292.0,261.0,249.0,282.0
Singapore,2023,HAM,Mercedes,53.0,97.698,28.311,41.463,27.924,MEDIUM,9.0,3.0,,,5.0,12,True,True,25.2,0.756,295.0,269.0,246.0,288.0
Singapore,2023,HAM,Mercedes,54.0,97.924,28.85,41.778,27.296,MEDIUM,10.0,3.0,,,4.0,1,True,True,23.6,0.708,314.0,265.0,249.0,305.0
Singapore,2023,HAM,Mercedes,55.0,97.221,28.475,41.57,27.176,MEDIUM,11.0,3.0,,,4.0,1,True,True,22.0,0.66,287.0,262.0,250.0,283.0
Singapore,2023,HAM,Mercedes,56.0,96.411,28.315,41.097,26.999,MEDIUM,12.0,3.0,,,4.0,1,True,True,20.4,0.612,294.0,268.0,248.0,284.0
Singapore,2023,HAM,Mercedes,57.0,97.111,28.385,41.477,27.249,MEDIUM,13.0,3.0,,,4.0,1,True,True,18.8,0.564,296.0,254.0,249.0,289.0
Singapore,2023,HAM,Mercedes,58.0,97.982,28.032,42.09,27.86,MEDIUM,14.0,3.0,,,4.0,1,True,True,17.2,0.516,315.0,278.0,251.0,290.0
Singapore,2023,HAM,Mercedes,59.0,100.167,28.586,42.99,28.591,MEDIUM,15.0,3.0,,,4.0,12,True,True,15.6,0.468,316.0,281.0,245.0,306.0
Singapore,2023,HAM,Mercedes,60.0,99.772,28.574,43.307,27.891,MEDIUM,16.0,3.0,,,4.0,1,True,True,14.0,0.42,321.0,279.0,249.0,302.0
Singapore,2023,HAM,Mercedes,61.0,99.096,28.304,42.634,28.158,MEDIUM,17.0,3.0,,,4.0,1,True,True,12.4,0.372,318.0,281.0,249.0,305.0
Singapore,2023,HAM,Mercedes,62.0,99.347,28.765,42.817,27.765,MEDIUM,18.0,3.0,,,3.0,12,True,True,10.8,0.324,317.0,279.0,231.0,304.0
Singapore,2023,SAI,Ferrari,1.0,103.309,,43.449,28.577,MEDIUM,1.0,1.0,,,1.0,12,False,True,108.4,3.252,286.0,254.0,242.0,187.0
Singapore,2023,SAI,Ferrari,2.0,101.383,29.636,43.26,28.487,MEDIUM,2.0,1.0,,,1.0,12,True,True,106.8,3.204,280.0,253.0,242.0,275.0
Singapore,2023,SAI,Ferrari,3.0,100.962,29.601,42.876,28.485,MEDIUM,3.0,1.0,,,1.0,1,True,True,105.2,3.156,273.0,254.0,241.0,276.0
Singapore,2023,SAI,Ferrari,4.0,100.58,29.39,42.937,28.253,MEDIUM,4.0,1.0,,,1.0,1,True,True,103.6,3.108,280.0,256.0,243.0,277.0
Singapore,2023,SAI,Ferrari,5.0,100.551,29.513,42.812,28.226,MEDIUM,5.0,1.0,,,1.0,1,True,True,102.0,3.06,279.0,257.0,242.0,278.0
Singapore,2023,SAI,Ferrari,6.0,100.113,29.234,42.807,28.072,MEDIUM,6.0,1.0,,,1.0,1,True,True,100.4,3.012,277.0,257.0,241.0,277.0
Singapore,2023,SAI,Ferrari,7.0,100.178,29.413,42.648,28.117,MEDIUM,7.0,1.0,,,1.0,1,True,True,98.8,2.964,280.0,256.0,243.0,276.0
Singapore,2023,SAI,Ferrari,8.0,100.503,29.665,42.727,28.111,MEDIUM,8.0,1.0,,,1.0,1,True,True,97.2,2.916,280.0,256.0,243.0,277.0
Singapore,2023,SAI,Ferrari,9.0,99.626,29.093,42.628,27.905,MEDIUM,9.0,1.0,,,1.0,1,True,True,95.6,2.868,281.0,257.0,245.0,278.0
Singapore,2023,SAI,Ferrari,10.0,100.369,29.376,42.736,28.257,MEDIUM,10.0,1.0,,,1.0,1,True,True,94.0,2.82,284.0,257.0,242.0,277.0
Singapore,2023,SAI,Ferrari,11.0,100.297,29.343,42.732,28.222,MEDIUM,11.0,1.0,,,1.0,1,True,True,92.4,2.772,280.0,257.0,243.0,279.0
Singapore,2023,SAI,Ferrari,12.0,100.53,29.35,43.167,28.013,MEDIUM,12.0,1.0,,,1.0,1,True,True,90.8,2.724,282.0,257.0,242.0,279.0
Singapore,2023,SAI,Ferrari,13.0,100.356,29.381,42.839,28.136,MEDIUM,13.0,1.0,,,1.0,1,True,True,89.2,2.676,283.0,257.0,243.0,277.0
Singapore,2023,SAI,Ferrari,14.0,100.398,29.195,43.068,28.135,MEDIUM,14.0,1.0,,,1.0,1,True,True,87.6,2.628,281.0,257.0,243.0,279.0
Singapore,2023,SAI,Ferrari,15.0,99.937,29.135,42.821,27.981,MEDIUM,15.0,1.0,,,1.0,1,True,True,86.0,2.58,284.0,257.0,243.0,278.0
Singapore,2023,SAI,Ferrari,16.0,99.398,29.071,42.454,27.873,MEDIUM,16.0,1.0,,,1.0,1,True,True,84.4,2.532,284.0,258.0,243.0,278.0
Singapore,2023,SAI,Ferrari,17.0,99.448,29.112,42.522,27.814,MEDIUM,17.0,1.0,,,1.0,1,True,True,82.8,2.484,284.0,257.0,243.0,277.0
Singapore,2023,SAI,Ferrari,18.0,98.992,28.994,42.104,27.894,MEDIUM,18.0,1.0,,,1.0,1,True,True,81.2,2.436,285.0,258.0,244.0,279.0
Singapore,2023,SAI,Ferrari,19.0,99.029,28.968,42.318,27.743,MEDIUM,19.0,1.0,,,1.0,12,True,True,79.6,2.388,285.0,258.0,244.0,279.0
Singapore,2023,SAI,Ferrari,20.0,116.824,29.117,42.347,45.36,MEDIUM,20.0,1.0,5779.344,,1.0,14,False,True,78.0,2.34,286.0,255.0,,280.0
Singapore,2023,SAI,Ferrari,21.0,,72.794,70.138,45.639,HARD,1.0,2.0,,5808.875,1.0,4,False,True,76.4,2.292,118.0,142.0,162.0,280.0
Singapore,2023,SAI,Ferrari,22.0,,44.446,60.392,45.971,HARD,2.0,2.0,,,1.0,41,False,True,74.8,2.244,162.0,171.0,243.0,150.0
Singapore,2023,SAI,Ferrari,23.0,102.423,29.279,44.506,28.638,HARD,3.0,2.0,,,1.0,1,True,True,73.2,2.196,280.0,256.0,243.0,282.0
Singapore,2023,SAI,Ferrari,24.0,99.792,29.392,42.448,27.952,HARD,4.0,2.0,,,1.0,1,True,True,71.6,2.148,285.0,260.0,245.0,277.0
Singapore,2023,SAI,Ferrari,25.0,99.726,28.996,42.788,27.942,HARD,5.0,2.0,,,1.0,1,True,True,70.0,2.1,281.0,258.0,248.0,277.0
Singapore,2023,SAI,Ferrari,26.0,99.185,28.813,42.511,27.861,HARD,6.0,2.0,,,1.0,1,True,True,68.4,2.052,284.0,258.0,246.0,279.0
Singapore,2023,SAI,Ferrari,27.0,99.835,28.726,42.992,28.117,HARD,7.0,2.0,,,1.0,1,True,True,66.8,2.004,286.0,257.0,245.0,278.0
Singapore,2023,SAI,Ferrari,28.0,101.23,29.305,43.69,28.235,HARD,8.0,2.0,,,1.0,1,True,True,65.2,1.956,281.0,255.0,241.0,277.0
Singapore,2023,SAI,Ferrari,29.0,100.225,29.072,43.055,28.098,HARD,9.0,2.0,,,1.0,1,True,True,63.6,1.908,286.0,260.0,244.0,282.0
Singapore,2023,SAI,Ferrari,30.0,100.217,29.173,43.055,27.989,HARD,10.0,2.0,,,1.0,1,True,True,62.0,1.86,282.0,259.0,245.0,280.0
Singapore,2023,SAI,Ferrari,31.0,99.633,29.017,42.62,27.996,HARD,11.0,2.0,,,1.0,1,True,True,60.4,1.812,285.0,258.0,245.0,278.0
Singapore,2023,SAI,Ferrari,32.0,99.184,28.74,42.283,28.161,HARD,12.0,2.0,,,1.0,1,True,True,58.8,1.764,283.0,259.0,245.0,280.0
Singapore,2023,SAI,Ferrari,33.0,99.235,28.977,42.256,28.002,HARD,13.0,2.0,,,1.0,1,True,True,57.2,1.716,283.0,258.0,245.0,278.0
Singapore,2023,SAI,Ferrari,34.0,100.025,29.108,42.824,28.093,HARD,14.0,2.0,,,1.0,1,True,True,55.6,1.668,281.0,258.0,243.0,280.0
Singapore,2023,SAI,Ferrari,35.0,99.97,29.236,42.782,27.952,HARD,15.0,2.0,,,1.0,1,True,True,54.0,1.62,283.0,260.0,244.0,280.0
Singapore,2023,SAI,Ferrari,36.0,99.544,28.988,42.621,27.935,HARD,16.0,2.0,,,1.0,1,True,True,52.4,1.572,284.0,259.0,245.0,279.0
Singapore,2023,SAI,Ferrari,37.0,99.884,28.987,42.846,28.051,HARD,17.0,2.0,,,1.0,1,True,True,50.8,1.524,283.0,259.0,243.0,281.0
Singapore,2023,SAI,Ferrari,38.0,99.519,28.945,42.576,27.998,HARD,18.0,2.0,,,1.0,1,True,True,49.2,1.476,285.0,260.0,245.0,281.0
Singapore,2023,SAI,Ferrari,39.0,99.253,29.069,42.265,27.919,HARD,19.0,2.0,,,1.0,1,True,True,47.6,1.428,284.0,258.0,245.0,278.0
Singapore,2023,SAI,Ferrari,40.0,99.393,28.937,42.541,27.915,HARD,20.0,2.0,,,1.0,1,True,True,46.0,1.38,285.0,261.0,249.0,282.0
Singapore,2023,SAI,Ferrari,41.0,99.798,28.899,42.891,28.008,HARD,21.0,2.0,,,1.0,1,True,True,44.4,1.332,278.0,260.0,246.0,281.0
Singapore,2023,SAI,Ferrari,42.0,99.939,28.853,42.883,28.203,HARD,22.0,2.0,,,1.0,1,True,True,42.8,1.284,286.0,261.0,247.0,281.0
Singapore,2023,SAI,Ferrari,43.0,99.248,28.694,42.565,27.989,HARD,23.0,2.0,,,1.0,12,True,True,41.2,1.236,291.0,260.0,244.0,281.0
Singapore,2023,SAI,Ferrari,44.0,138.57,43.527,57.157,37.886,HARD,24.0,2.0,,,1.0,26,False,True,39.6,1.188,218.0,131.0,205.0,256.0
Singapore,2023,SAI,Ferrari,45.0,121.324,41.202,52.433,27.689,HARD,25.0,2.0,,,1.0,671,False,True,38.0,1.14,239.0,265.0,250.0,248.0
Singapore,2023,SAI,Ferrari,46.0,97.913,28.677,41.798,27.438,HARD,26.0,2.0,,,1.0,1,True,True,36.4,1.092,287.0,262.0,247.0,282.0
Singapore,2023,SAI,Ferrari,47.0,97.666,28.676,41.569,27.421,HARD,27.0,2.0,,,1.0,12,True,True,34.8,1.044,287.0,262.0,249.0,282.0
Singapore,2023,SAI,Ferrari,48.0,98.2,28.586,42.039,27.575,HARD,28.0,2.0,,,1.0,1,True,True,33.2,0.996,288.0,262.0,247.0,283.0
Singapore,2023,SAI,Ferrari,49.0,98.221,28.768,42.059,27.394,HARD,29.0,2.0,,,1.0,1,True,True,31.6,0.948,288.0,263.0,250.0,282.0
Singapore,2023,SAI,Ferrari,50.0,98.637,28.678,41.94,28.019,HARD,30.0,2.0,,,1.0,1,True,True,30.0,0.9,289.0,262.0,249.0,283.0
Singapore,2023,SAI,Ferrari,51.0,98.04,28.708,41.883,27.449,HARD,31.0,2.0,,,1.0,1,True,True,28.4,0.852,290.0,263.0,250.0,284.0
Singapore,2023,SAI,Ferrari,52.0,98.218,28.57,42.08,27.568,HARD,32.0,2.0,,,1.0,1,True,True,26.8,0.804,292.0,264.0,249.0,286.0
Singapore,2023,SAI,Ferrari,53.0,98.327,28.695,42.101,27.531,HARD,33.0,2.0,,,1.0,12,True,True,25.2,0.756,289.0,262.0,250.0,283.0
Singapore,2023,SAI,Ferrari,54.0,98.707,28.734,42.441,27.532,HARD,34.0,2.0,,,1.0,1,True,True,23.6,0.708,290.0,263.0,248.0,285.0
Singapore,2023,SAI,Ferrari,55.0,98.541,28.682,42.326,27.533,HARD,35.0,2.0,,,1.0,1,True,True,22.0,0.66,291.0,264.0,249.0,285.0
Singapore,2023,SAI,Ferrari,56.0,98.52,28.839,42.219,27.462,HARD,36.0,2.0,,,1.0,1,True,True,20.4,0.612,290.0,263.0,249.0,284.0
Singapore,2023,SAI,Ferrari,57.0,98.909,28.755,42.398,27.756,HARD,37.0,2.0,,,1.0,1,True,True,18.8,0.564,291.0,264.0,250.0,285.0
Singapore,2023,SAI,Ferrari,58.0,99.337,28.752,42.837,27.748,HARD,38.0,2.0,,,1.0,1,True,True,17.2,0.516,291.0,265.0,250.0,286.0
Singapore,2023,SAI,Ferrari,59.0,99.575,28.826,42.862,27.887,HARD,39.0,2.0,,,1.0,12,True,True,15.6,0.468,294.0,263.0,248.0,284.0
Singapore,2023,SAI,Ferrari,60.0,100.042,29.474,42.858,27.71,HARD,40.0,2.0,,,1.0,1,True,True,14.0,0.42,289.0,262.0,250.0,283.0
Singapore,2023,SAI,Ferrari,61.0,99.292,28.813,42.79,27.689,HARD,41.0,2.0,,,1.0,1,True,True,12.4,0.372,295.0,263.0,250.0,284.0
Singapore,2023,SAI,Ferrari,62.0,99.958,29.012,43.101,27.845,HARD,42.0,2.0,,,1.0,12,True,True,10.8,0.324,294.0,262.0,249.0,284.0
Singapore,2023,RUS,Mercedes,1.0,105.772,,43.702,28.566,MEDIUM,1.0,1.0,,,4.0,12,False,True,108.4,3.252,291.0,264.0,242.0,190.0
Singapore,2023,RUS,Mercedes,2.0,101.103,29.58,43.105,28.418,MEDIUM,2.0,1.0,,,3.0,12,True,True,106.8,3.204,279.0,256.0,241.0,268.0
Singapore,2023,RUS,Mercedes,3.0,100.944,29.394,43.152,28.398,MEDIUM,3.0,1.0,,,3.0,1,True,True,105.2,3.156,270.0,252.0,243.0,276.0
Singapore,2023,RUS,Mercedes,4.0,101.086,29.417,43.147,28.522,MEDIUM,4.0,1.0,,,3.0,1,True,True,103.6,3.108,273.0,252.0,243.0,279.0
Singapore,2023,RUS,Mercedes,5.0,100.464,29.406,42.842,28.216,MEDIUM,5.0,1.0,,,3.0,1,True,True,102.0,3.06,280.0,260.0,243.0,282.0
Singapore,2023,RUS,Mercedes,6.0,100.221,29.376,42.721,28.124,MEDIUM,6.0,1.0,,,3.0,1,True,True,100.4,3.012,281.0,264.0,243.0,283.0
Singapore,2023,RUS,Mercedes,7.0,100.271,29.347,42.695,28.229,MEDIUM,7.0,1.0,,,3.0,1,True,True,98.8,2.964,284.0,262.0,244.0,283.0
Singapore,2023,RUS,Mercedes,8.0,100.464,29.389,42.774,28.301,MEDIUM,8.0,1.0,,,3.0,1,True,True,97.2,2.916,288.0,259.0,244.0,282.0
Singapore,2023,RUS,Mercedes,9.0,100.039,29.341,42.557,28.141,MEDIUM,9.0,1.0,,,3.0,1,True,True,95.6,2.868,283.0,262.0,244.0,284.0
Singapore,2023,RUS,Mercedes,10.0,100.093,29.189,42.5,28.404,MEDIUM,10.0,1.0,,,3.0,1,True,True,94.0,2.82,275.0,259.0,244.0,283.0
Singapore,2023,RUS,Mercedes,11.0,100.595,29.512,42.899,28.184,MEDIUM,11.0,1.0,,,3.0,1,True,True,92.4,2.772,286.0,261.0,242.0,278.0
Singapore,2023,RUS,Mercedes,12.0,100.463,29.458,42.728,28.277,MEDIUM,12.0,1.0,,,3.0,1,True,True,90.8,2.724,278.0,262.0,245.0,282.0
Singapore,2023,RUS,Mercedes,13.0,100.344,29.391,42.717,28.236,MEDIUM,13.0,1.0,,,3.0,1,True,True,89.2,2.676,279.0,262.0,245.0,283.0
Singapore,2023,RUS,Mercedes,14.0,100.758,29.417,43.177,28.164,MEDIUM,14.0,1.0,,,3.0,1,True,True,87.6,2.628,282.0,263.0,246.0,282.0
Singapore,2023,RUS,Mercedes,15.0,99.965,28.95,42.813,28.202,MEDIUM,15.0,1.0,,,3.0,1,True,True,86.0,2.58,284.0,263.0,244.0,284.0
Singapore,2023,RUS,Mercedes,16.0,100.062,29.368,42.731,27.963,MEDIUM,16.0,1.0,,,3.0,1,True,True,84.4,2.532,274.0,261.0,244.0,280.0
Singapore,2023,RUS,Mercedes,17.0,100.029,29.336,42.605,28.088,MEDIUM,17.0,1.0,,,3.0,1,True,True,82.8,2.484,283.0,263.0,244.0,281.0
Singapore,2023,RUS,Mercedes,18.0,99.686,29.27,42.476,27.94,MEDIUM,18.0,1.0,,,3.0,1,True,True,81.2,2.436,286.0,262.0,245.0,283.0
Singapore,2023,RUS,Mercedes,19.0,99.996,29.308,42.664,28.024,MEDIUM,19.0,1.0,,,3.0,12,True,True,79.6,2.388,290.0,263.0,245.0,282.0
Singapore,2023,RUS,Mercedes,20.0,120.405,29.233,48.46,42.712,MEDIUM,20.0,1.0,5789.437,,3.0,14,False,True,78.0,2.34,287.0,180.0,,282.0
Singapore,2023,RUS,Mercedes,21.0,,66.178,69.762,45.309,HARD,1.0,2.0,,5819.406,3.0,4,False,True,76.4,2.292,106.0,129.0,107.0,282.0
Singapore,2023,RUS,Mercedes,22.0,149.337,44.297,60.28,44.76,HARD,2.0,2.0,,,3.0,41,False,True,74.8,2.244,194.0,115.0,240.0,215.0
Singapore,2023,RUS,Mercedes,23.0,102.341,29.296,44.36,28.685,HARD,3.0,2.0,,,2.0,1,True,True,73.2,2.196,297.0,269.0,246.0,273.0
Singapore,2023,RUS,Mercedes,24.0,99.501,29.232,42.292,27.977,HARD,4.0,2.0,,,2.0,1,True,True,71.6,2.148,284.0,261.0,248.0,279.0
Singapore,2023,RUS,Mercedes,25.0,99.56,28.84,42.813,27.907,HARD,5.0,2.0,,,2.0,1,True,True,70.0,2.1,275.0,272.0,250.0,284.0
Singapore,2023,RUS,Mercedes,26.0,99.173,28.592,42.694,27.887,HARD,6.0,2.0,,,2.0,1,True,True,68.4,2.052,290.0,274.0,249.0,294.0
Singapore,2023,RUS,Mercedes,27.0,100.205,28.727,42.937,28.541,HARD,7.0,2.0,,,2.0,1,True,True,66.8,2.004,281.0,265.0,243.0,292.0
Singapore,2023,RUS,Mercedes,28.0,101.181,29.46,43.326,28.395,HARD,8.0,2.0,,,2.0,1,True,True,65.2,1.956,275.0,256.0,245.0,264.0
Singapore,2023,RUS,Mercedes,29.0,100.413,29.44,42.745,28.228,HARD,9.0,2.0,,,2.0,1,True,True,63.6,1.908,276.0,255.0,246.0,274.0
Singapore,2023,RUS,Mercedes,30.0,100.067,29.274,42.92,27.873,HARD,10.0,2.0,,,2.0,1,True,True,62.0,1.86,279.0,259.0,246.0,276.0
Singapore,2023,RUS,Mercedes,31.0,99.458,28.914,42.502,28.042,HARD,11.0,2.0,,,2.0,1,True,True,60.4,1.812,294.0,272.0,251.0,282.0
Singapore,2023,RUS,Mercedes,32.0,99.319,28.621,42.485,28.213,HARD,12.0,2.0,,,2.0,1,True,True,58.8,1.764,290.0,261.0,245.0,298.0
Singapore,2023,RUS,Mercedes,33.0,99.348,28.741,42.412,28.195,HARD,13.0,2.0,,,2.0,1,True,True,57.2,1.716,302.0,271.0,247.0,285.0
Singapore,2023,RUS,Mercedes,34.0,99.961,29.075,42.779,28.107,HARD,14.0,2.0,,,2.0,1,True,True,55.6,1.668,275.0,259.0,245.0,283.0
Singapore,2023,RUS,Mercedes,35.0,99.986,28.945,42.866,28.175,HARD,15.0,2.0,,,2.0,1,True,True,54.0,1.62,278.0,260.0,244.0,276.0
Singapore,2023,RUS,Mercedes,36.0,99.474,28.621,42.724,28.129,HARD,16.0,2.0,,,2.0,1,True,True,52.4,1.572,309.0,264.0,247.0,285.0
Singapore,2023,RUS,Mercedes,37.0,99.776,28.756,42.961,28.059,HARD,17.0,2.0,,,2.0,1,True,True,50.8,1.524,281.0,269.0,245.0,286.0
Singapore,2023,RUS,Mercedes,38.0,99.635,28.744,42.826,28.065,HARD,18.0,2.0,,,2.0,1,True,True,49.2,1.476,288.0,271.0,248.0,284.0
Singapore,2023,RUS,Mercedes,39.0,99.169,28.686,42.493,27.99,HARD,19.0,2.0,,,2.0,1,True,True,47.6,1.428,292.0,274.0,249.0,285.0
Singapore,2023,RUS,Mercedes,40.0,99.322,28.522,42.813,27.987,HARD,20.0,2.0,,,2.0,1,True,True,46.0,1.38,293.0,272.0,249.0,295.0
Singapore,2023,RUS,Mercedes,41.0,99.803,28.822,42.92,28.061,HARD,21.0,2.0,,,2.0,1,True,True,44.4,1.332,283.0,273.0,247.0,286.0
Singapore,2023,RUS,Mercedes,42.0,99.845,28.713,43.052,28.08,HARD,22.0,2.0,,,2.0,1,True,True,42.8,1.284,273.0,271.0,250.0,297.0
Singapore,2023,RUS,Mercedes,43.0,99.482,28.521,42.876,28.085,HARD,23.0,2.0,,,2.0,12,True,True,41.2,1.236,303.0,273.0,247.0,299.0
Singapore,2023,RUS,Mercedes,44.0,144.887,42.981,57.21,44.696,HARD,24.0,2.0,8361.923,,4.0,26,False,True,39.6,1.188,213.0,152.0,,245.0
Singapore,2023,RUS,Mercedes,45.0,131.669,58.172,46.108,27.389,MEDIUM,1.0,3.0,,8391.97,4.0,671,False,True,38.0,1.14,223.0,266.0,247.0,245.0
Singapore,2023,RUS,Mercedes,46.0,96.273,28.276,40.83,27.167,MEDIUM,2.0,3.0,,,4.0,1,True,True,36.4,1.092,287.0,265.0,251.0,284.0
Singapore,2023,RUS,Mercedes,47.0,96.419,28.255,41.023,27.141,MEDIUM,3.0,3.0,,,4.0,12,True,True,34.8,1.044,289.0,266.0,248.0,285.0
Singapore,2023,RUS,Mercedes,48.0,96.649,28.363,41.14,27.146,MEDIUM,4.0,3.0,,,4.0,1,True,True,33.2,0.996,287.0,266.0,249.0,285.0
Singapore,2023,RUS,Mercedes,49.0,96.569,28.359,41.104,27.106,MEDIUM,5.0,3.0,,,4.0,1,True,True,31.6,0.948,288.0,267.0,249.0,282.0
Singapore,2023,RUS,Mercedes,50.0,97.006,28.327,41.395,27.284,MEDIUM,6.0,3.0,,,4.0,1,True,True,30.0,0.9,292.0,267.0,250.0,283.0
Singapore,2023,RUS,Mercedes,51.0,96.757,28.426,41.19,27.141,MEDIUM,7.0,3.0,,,4.0,1,True,True,28.4,0.852,292.0,268.0,248.0,288.0
Singapore,2023,RUS,Mercedes,52.0,97.414,28.67,41.495,27.249,MEDIUM,8.0,3.0,,,4.0,1,True,True,26.8,0.804,291.0,268.0,253.0,283.0
Singapore,2023,RUS,Mercedes,53.0,98.567,28.273,42.181,28.113,MEDIUM,9.0,3.0,,,3.0,12,True,True,25.2,0.756,306.0,280.0,248.0,301.0
Singapore,2023,RUS,Mercedes,54.0,97.396,28.788,41.444,27.164,MEDIUM,10.0,3.0,,,3.0,1,True,True,23.6,0.708,287.0,264.0,249.0,285.0
Singapore,2023,RUS,Mercedes,55.0,96.937,28.464,41.308,27.165,MEDIUM,11.0,3.0,,,3.0,1,True,True,22.0,0.66,292.0,267.0,248.0,284.0
Singapore,2023,RUS,Mercedes,56.0,97.029,28.413,41.34,27.276,MEDIUM,12.0,3.0,,,3.0,1,True,True,20.4,0.612,291.0,268.0,248.0,287.0
Singapore,2023,RUS,Mercedes,57.0,97.246,28.37,41.49,27.386,MEDIUM,13.0,3.0,,,3.0,1,True,True,18.8,0.564,293.0,267.0,250.0,286.0
Singapore,2023,RUS,Mercedes,58.0,98.686,28.482,42.141,28.063,MEDIUM,14.0,3.0,,,3.0,1,True,True,17.2,0.516,298.0,278.0,252.0,290.0
Singapore,2023,RUS,Mercedes,59.0,100.239,28.407,42.98,28.852,MEDIUM,15.0,3.0,,,3.0,12,True,True,15.6,0.468,303.0,283.0,249.0,301.0
Singapore,2023,RUS,Mercedes,60.0,99.51,28.62,42.958,27.932,MEDIUM,16.0,3.0,,,3.0,1,True,True,14.0,0.42,316.0,280.0,251.0,299.0
Singapore,2023,RUS,Mercedes,61.0,99.314,28.321,42.912,28.081,MEDIUM,17.0,3.0,,,3.0,1,True,True,12.4,0.372,305.0,280.0,253.0,300.0
Singapore,2023,RUS,Mercedes,62.0,,,,,MEDIUM,18.0,3.0,,,,12,False,True,10.8,0.324,,,,
Singapore,2023,BOT,Alfa Romeo,1.0,114.714,,47.958,29.043,HARD,1.0,1.0,,,17.0,12,False,True,108.4,3.252,282.0,259.0,237.0,237.0
Singapore,2023,BOT,Alfa Romeo,2.0,102.182,29.788,43.493,28.901,HARD,2.0,1.0,,,17.0,21,True,True,106.8,3.204,288.0,258.0,240.0,278.0
Singapore,2023,BOT,Alfa Romeo,3.0,103.036,30.254,43.674,29.108,HARD,3.0,1.0,,,17.0,1,True,True,105.2,3.156,287.0,257.0,238.0,277.0
Singapore,2023,BOT,Alfa Romeo,4.0,101.766,29.856,43.382,28.528,HARD,4.0,1.0,,,17.0,1,True,True,103.6,3.108,285.0,255.0,240.0,275.0
Singapore,2023,BOT,Alfa Romeo,5.0,101.757,29.824,43.296,28.637,HARD,5.0,1.0,,,17.0,1,True,True,102.0,3.06,284.0,255.0,238.0,275.0
Singapore,2023,BOT,Alfa Romeo,6.0,101.27,29.491,43.291,28.488,HARD,6.0,1.0,,,17.0,1,True,True,100.4,3.012,289.0,260.0,238.0,279.0
Singapore,2023,BOT,Alfa Romeo,7.0,102.397,29.97,43.671,28.756,HARD,7.0,1.0,,,17.0,1,True,True,98.8,2.964,286.0,256.0,238.0,277.0
Singapore,2023,BOT,Alfa Romeo,8.0,102.153,29.892,43.685,28.576,HARD,8.0,1.0,,,17.0,1,True,True,97.2,2.916,286.0,256.0,240.0,277.0
Singapore,2023,BOT,Alfa Romeo,9.0,101.303,29.627,43.201,28.475,HARD,9.0,1.0,,,17.0,1,True,True,95.6,2.868,285.0,257.0,239.0,277.0
Singapore,2023,BOT,Alfa Romeo,10.0,101.23,29.545,43.298,28.387,HARD,10.0,1.0,,,17.0,1,True,True,94.0,2.82,286.0,256.0,240.0,276.0
Singapore,2023,BOT,Alfa Romeo,11.0,101.376,29.755,43.166,28.455,HARD,11.0,1.0,,,17.0,1,True,True,92.4,2.772,287.0,256.0,241.0,278.0
Singapore,2023,BOT,Alfa Romeo,12.0,101.063,29.576,43.178,28.309,HARD,12.0,1.0,,,17.0,1,True,True,90.8,2.724,286.0,257.0,240.0,278.0
Singapore,2023,BOT,Alfa Romeo,13.0,101.194,29.646,43.251,28.297,HARD,13.0,1.0,,,17.0,1,True,True,89.2,2.676,285.0,255.0,241.0,276.0
Singapore,2023,BOT,Alfa Romeo,14.0,100.955,29.642,42.952,28.361,HARD,14.0,1.0,,,17.0,1,True,True,87.6,2.628,287.0,257.0,240.0,278.0
Singapore,2023,BOT,Alfa Romeo,15.0,100.793,29.546,42.96,28.287,HARD,15.0,1.0,,,17.0,1,True,True,86.0,2.58,285.0,256.0,240.0,277.0
Singapore,2023,BOT,Alfa Romeo,16.0,100.925,29.661,43.053,28.211,HARD,16.0,1.0,,,17.0,1,True,True,84.4,2.532,284.0,255.0,241.0,276.0
Singapore,2023,BOT,Alfa Romeo,17.0,100.809,29.56,43.086,28.163,HARD,17.0,1.0,,,17.0,1,True,True,82.8,2.484,285.0,256.0,243.0,276.0
Singapore,2023,BOT,Alfa Romeo,18.0,100.904,29.402,43.214,28.288,HARD,18.0,1.0,,,17.0,1,True,True,81.2,2.436,286.0,257.0,242.0,278.0
Singapore,2023,BOT,Alfa Romeo,19.0,101.786,29.533,43.964,28.289,HARD,19.0,1.0,,,16.0,12,True,True,79.6,2.388,286.0,256.0,242.0,277.0
Singapore,2023,BOT,Alfa Romeo,20.0,124.66,29.608,57.914,37.138,HARD,20.0,1.0,,,16.0,14,False,True,78.0,2.34,284.0,194.0,204.0,276.0
Singapore,2023,BOT,Alfa Romeo,21.0,,45.491,68.216,44.366,HARD,21.0,1.0,,,10.0,4,False,True,76.4,2.292,128.0,198.0,217.0,200.0
Singapore,2023,BOT,Alfa Romeo,22.0,142.499,44.189,58.916,39.394,HARD,22.0,1.0,,,10.0,41,False,True,74.8,2.244,235.0,209.0,242.0,200.0
Singapore,2023,BOT,Alfa Romeo,23.0,105.486,29.593,44.546,31.347,HARD,23.0,1.0,,,13.0,1,True,True,73.2,2.196,293.0,264.0,230.0,283.0
Singapore,2023,BOT,Alfa Romeo,24.0,106.415,31.828,45.915,28.672,HARD,24.0,1.0,,,17.0,1,True,True,71.6,2.148,295.0,259.0,241.0,277.0
Singapore,2023,BOT,Alfa Romeo,25.0,101.759,29.751,43.469,28.539,HARD,25.0,1.0,,,17.0,1,True,True,70.0,2.1,290.0,259.0,240.0,279.0
Singapore,2023,BOT,Alfa Romeo,26.0,101.366,29.44,43.568,28.358,HARD,26.0,1.0,,,17.0,1,True,True,68.4,2.052,288.0,259.0,242.0,278.0
Singapore,2023,BOT,Alfa Romeo,27.0,101.288,29.525,43.49,28.273,HARD,27.0,1.0,,,17.0,1,True,True,66.8,2.004,288.0,258.0,243.0,279.0
Singapore,2023,BOT,Alfa Romeo,28.0,101.288,29.457,43.497,28.334,HARD,28.0,1.0,,,17.0,1,True,True,65.2,1.956,287.0,258.0,242.0,278.0
Singapore,2023,BOT,Alfa Romeo,29.0,101.478,29.514,43.572,28.392,HARD,29.0,1.0,,,17.0,1,True,True,63.6,1.908,288.0,257.0,241.0,278.0
Singapore,2023,BOT,Alfa Romeo,30.0,101.369,29.466,43.576,28.327,HARD,30.0,1.0,,,17.0,1,True,True,62.0,1.86,288.0,258.0,240.0,278.0
Singapore,2023,BOT,Alfa Romeo,31.0,100.907,29.465,43.15,28.292,HARD,31.0,1.0,,,17.0,1,True,True,60.4,1.812,288.0,258.0,240.0,277.0
Singapore,2023,BOT,Alfa Romeo,32.0,101.162,29.451,43.474,28.237,HARD,32.0,1.0,,,17.0,1,True,True,58.8,1.764,287.0,257.0,242.0,278.0
Singapore,2023,BOT,Alfa Romeo,33.0,101.06,29.334,43.383,28.343,HARD,33.0,1.0,,,17.0,1,True,True,57.2,1.716,287.0,257.0,240.0,279.0
Singapore,2023,BOT,Alfa Romeo,34.0,101.088,29.436,43.271,28.381,HARD,34.0,1.0,,,17.0,1,True,True,55.6,1.668,287.0,258.0,243.0,278.0
Singapore,2023,BOT,Alfa Romeo,35.0,100.808,29.311,43.303,28.194,HARD,35.0,1.0,,,17.0,1,True,True,54.0,1.62,289.0,260.0,241.0,281.0
Singapore,2023,BOT,Alfa Romeo,36.0,101.628,29.393,43.56,28.675,HARD,36.0,1.0,,,17.0,1,True,True,52.4,1.572,287.0,260.0,240.0,280.0
Singapore,2023,BOT,Alfa Romeo,37.0,102.375,29.617,44.278,28.48,HARD,37.0,1.0,,,17.0,1,True,True,50.8,1.524,288.0,258.0,240.0,280.0
Singapore,2023,BOT,Alfa Romeo,38.0,102.282,29.63,43.958,28.694,HARD,38.0,1.0,,,17.0,1,True,True,49.2,1.476,287.0,259.0,239.0,280.0
Singapore,2023,BOT,Alfa Romeo,39.0,102.059,29.425,43.945,28.689,HARD,39.0,1.0,,,17.0,1,True,True,47.6,1.428,288.0,258.0,237.0,279.0
Singapore,2023,BOT,Alfa Romeo,40.0,110.101,29.473,44.245,36.383,HARD,40.0,1.0,7967.35,,16.0,1,False,True,46.0,1.38,289.0,259.0,,280.0
Singapore,2023,BOT,Alfa Romeo,41.0,120.751,50.701,42.218,27.832,MEDIUM,1.0,2.0,,7997.85,18.0,1,False,True,44.4,1.332,282.0,257.0,244.0,280.0
Singapore,2023,BOT,Alfa Romeo,42.0,98.392,28.862,41.764,27.766,MEDIUM,2.0,2.0,,,18.0,12,True,True,42.8,1.284,282.0,257.0,246.0,277.0
Singapore,2023,BOT,Alfa Romeo,43.0,126.949,30.903,58.738,37.308,MEDIUM,3.0,2.0,,,17.0,26,False,True,41.2,1.236,281.0,170.0,200.0,232.0
Singapore,2023,BOT,Alfa Romeo,44.0,134.405,41.867,58.178,34.36,MEDIUM,4.0,2.0,,,16.0,671,False,True,39.6,1.188,183.0,150.0,241.0,203.0
Singapore,2023,BOT,Alfa Romeo,45.0,99.08,29.11,42.28,27.69,MEDIUM,5.0,2.0,,,16.0,1,True,True,38.0,1.14,288.0,264.0,244.0,280.0
Singapore,2023,BOT,Alfa Romeo,46.0,98.979,28.812,42.016,28.151,MEDIUM,6.0,2.0,,,15.0,12,True,True,36.4,1.092,285.0,259.0,243.0,279.0
Singapore,2023,BOT,Alfa Romeo,47.0,98.729,28.989,42.115,27.625,MEDIUM,7.0,2.0,,,15.0,1,True,True,34.8,1.044,282.0,257.0,246.0,277.0
Singapore,2023,BOT,Alfa Romeo,48.0,98.573,28.874,41.974,27.725,MEDIUM,8.0,2.0,,,15.0,1,True,True,33.2,0.996,283.0,258.0,246.0,278.0
Singapore,2023,BOT,Alfa Romeo,49.0,98.525,29.055,41.796,27.674,MEDIUM,9.0,2.0,,,15.0,1,True,True,31.6,0.948,283.0,258.0,245.0,277.0
Singapore,2023,BOT,Alfa Romeo,50.0,98.092,28.799,41.705,27.588,MEDIUM,10.0,2.0,,,15.0,1,True,True,30.0,0.9,284.0,259.0,246.0,278.0
Singapore,2023,BOT,Alfa Romeo,51.0,98.075,28.693,41.797,27.585,MEDIUM,11.0,2.0,,,15.0,1,True,True,28.4,0.852,286.0,260.0,246.0,280.0
Singapore,2023,BOT,Alfa Romeo,52.0,,,,,MEDIUM,12.0,2.0,,,,12,False,True,26.8,0.804,,,,
Singapore,2023,PIA,McLaren,1.0,111.927,,46.249,28.945,MEDIUM,1.0,1.0,,,14.0,12,False,True,108.4,3.252,286.0,264.0,244.0,246.0
Singapore,2023,PIA,McLaren,2.0,102.06,29.766,43.68,28.614,MEDIUM,2.0,1.0,,,14.0,12,True,True,106.8,3.204,289.0,266.0,246.0,285.0
Singapore,2023,PIA,McLaren,3.0,101.909,29.247,44.236,28.426,MEDIUM,3.0,1.0,,,14.0,1,True,True,105.2,3.156,323.0,273.0,246.0,282.0
Singapore,2023,PIA,McLaren,4.0,101.37,29.326,43.599,28.445,MEDIUM,4.0,1.0,,,14.0,1,True,True,103.6,3.108,308.0,269.0,247.0,295.0
Singapore,2023,PIA,McLaren,5.0,101.241,29.361,43.286,28.594,MEDIUM,5.0,1.0,,,14.0,1,True,True,102.0,3.06,303.0,270.0,247.0,291.0
Singapore,2023,PIA,McLaren,6.0,102.673,29.32,43.586,29.767,MEDIUM,6.0,1.0,,,14.0,1,True,True,100.4,3.012,309.0,277.0,240.0,295.0
Singapore,2023,PIA,McLaren,7.0,102.309,30.054,44.108,28.147,MEDIUM,7.0,1.0,,,14.0,1,True,True,98.8,2.964,310.0,259.0,242.0,295.0
Singapore,2023,PIA,McLaren,8.0,101.091,29.683,43.086,28.322,MEDIUM,8.0,1.0,,,14.0,1,True,True,97.2,2.916,294.0,260.0,244.0,284.0
Singapore,2023,PIA,McLaren,9.0,100.474,29.479,42.86,28.135,MEDIUM,9.0,1.0,,,14.0,1,True,True,95.6,2.868,295.0,264.0,244.0,285.0
Singapore,2023,PIA,McLaren,10.0,100.528,29.333,43.038,28.157,MEDIUM,10.0,1.0,,,14.0,1,True,True,94.0,2.82,293.0,263.0,244.0,285.0
Singapore,2023,PIA,McLaren,11.0,100.678,29.277,43.163,28.238,MEDIUM,11.0,1.0,,,14.0,1,True,True,92.4,2.772,295.0,264.0,244.0,285.0
Singapore,2023,PIA,McLaren,12.0,100.563,29.248,43.119,28.196,MEDIUM,12.0,1.0,,,14.0,1,True,True,90.8,2.724,297.0,264.0,240.0,287.0
Singapore,2023,PIA,McLaren,13.0,101.119,29.567,43.319,28.233,MEDIUM,13.0,1.0,,,14.0,1,True,True,89.2,2.676,295.0,264.0,245.0,286.0
Singapore,2023,PIA,McLaren,14.0,100.307,29.374,42.834,28.099,MEDIUM,14.0,1.0,,,14.0,1,True,True,87.6,2.628,294.0,264.0,244.0,286.0
Singapore,2023,PIA,McLaren,15.0,100.709,29.463,42.946,28.3,MEDIUM,15.0,1.0,,,14.0,1,True,True,86.0,2.58,292.0,264.0,242.0,283.0
Singapore,2023,PIA,McLaren,16.0,100.6,29.355,43.048,28.197,MEDIUM,16.0,1.0,,,14.0,1,True,True,84.4,2.532,291.0,264.0,244.0,284.0
Singapore,2023,PIA,McLaren,17.0,100.846,29.348,43.244,28.254,MEDIUM,17.0,1.0,,,14.0,1,True,True,82.8,2.484,292.0,265.0,243.0,285.0
Singapore,2023,PIA,McLaren,18.0,100.895,29.415,43.306,28.174,MEDIUM,18.0,1.0,,,14.0,1,True,True,81.2,2.436,292.0,264.0,243.0,286.0
Singapore,2023,PIA,McLaren,19.0,101.322,29.445,43.515,28.362,MEDIUM,19.0,1.0,,,14.0,12,True,True,79.6,2.388,292.0,265.0,242.0,287.0
Singapore,2023,PIA,McLaren,20.0,128.998,29.39,55.107,44.501,MEDIUM,20.0,1.0,5818.187,,14.0,14,False,True,78.0,2.34,293.0,185.0,,286.0
Singapore,2023,PIA,McLaren,21.0,,58.563,63.933,45.268,HARD,1.0,2.0,,5847.452,13.0,4,False,True,76.4,2.292,149.0,161.0,229.0,286.0
Singapore,2023,PIA,McLaren,22.0,138.79,42.58,59.912,36.298,HARD,2.0,2.0,,,13.0,41,False,True,74.8,2.244,253.0,232.0,243.0,275.0
Singapore,2023,PIA,McLaren,23.0,103.549,29.336,44.625,29.588,HARD,3.0,2.0,,,12.0,1,True,True,73.2,2.196,293.0,270.0,238.0,288.0
Singapore,2023,PIA,McLaren,24.0,102.238,29.647,43.952,28.639,HARD,4.0,2.0,,,12.0,1,True,True,71.6,2.148,295.0,265.0,244.0,282.0
Singapore,2023,PIA,McLaren,25.0,101.272,29.271,43.498,28.503,HARD,5.0,2.0,,,12.0,1,True,True,70.0,2.1,312.0,274.0,246.0,286.0
Singapore,2023,PIA,McLaren,26.0,100.802,28.919,43.22,28.663,HARD,6.0,2.0,,,12.0,1,True,True,68.4,2.052,308.0,276.0,247.0,295.0
Singapore,2023,PIA,McLaren,27.0,100.529,28.838,43.227,28.464,HARD,7.0,2.0,,,12.0,1,True,True,66.8,2.004,311.0,276.0,247.0,298.0
Singapore,2023,PIA,McLaren,28.0,101.47,28.824,43.566,29.08,HARD,8.0,2.0,,,12.0,1,True,True,65.2,1.956,310.0,283.0,246.0,298.0
Singapore,2023,PIA,McLaren,29.0,101.749,29.184,43.521,29.044,HARD,9.0,2.0,,,12.0,1,True,True,63.6,1.908,311.0,283.0,244.0,296.0
Singapore,2023,PIA,McLaren,30.0,100.553,29.239,43.234,28.08,HARD,10.0,2.0,,,12.0,1,True,True,62.0,1.86,304.0,271.0,247.0,294.0
Singapore,2023,PIA,McLaren,31.0,100.033,28.85,43.088,28.095,HARD,11.0,2.0,,,12.0,1,True,True,60.4,1.812,304.0,271.0,247.0,294.0
Singapore,2023,PIA,McLaren,32.0,100.104,28.908,43.042,28.154,HARD,12.0,2.0,,,12.0,1,True,True,58.8,1.764,309.0,274.0,249.0,293.0
Singapore,2023,PIA,McLaren,33.0,100.237,29.093,42.993,28.151,HARD,13.0,2.0,,,12.0,1,True,True,57.2,1.716,306.0,275.0,247.0,299.0
Singapore,2023,PIA,McLaren,34.0,101.598,29.281,43.655,28.662,HARD,14.0,2.0,,,12.0,1,True,True,55.6,1.668,290.0,275.0,245.0,297.0
Singapore,2023,PIA,McLaren,35.0,102.204,29.272,44.319,28.613,HARD,15.0,2.0,,,12.0,1,True,True,54.0,1.62,294.0,274.0,246.0,285.0
Singapore,2023,PIA,McLaren,36.0,100.587,28.991,43.659,27.937,HARD,16.0,2.0,,,11.0,1,True,True,52.4,1.572,310.0,274.0,246.0,300.0
Singapore,2023,PIA,McLaren,37.0,100.368,29.168,42.988,28.212,HARD,17.0,2.0,,,11.0,1,True,True,50.8,1.524,292.0,267.0,245.0,285.0
Singapore,2023,PIA,McLaren,38.0,100.858,29.245,43.177,28.436,HARD,18.0,2.0,,,11.0,1,True,True,49.2,1.476,293.0,276.0,246.0,288.0
Singapore,2023,PIA,McLaren,39.0,102.986,29.002,44.677,29.307,HARD,19.0,2.0,,,10.0,1,True,True,47.6,1.428,308.0,275.0,246.0,294.0
Singapore,2023,PIA,McLaren,40.0,100.299,29.013,43.246,28.04,HARD,20.0,2.0,,,10.0,1,True,True,46.0,1.38,300.0,267.0,246.0,298.0
Singapore,2023,PIA,McLaren,41.0,99.982,29.055,42.923,28.004,HARD,21.0,2.0,,,9.0,1,True,True,44.4,1.332,291.0,266.0,247.0,286.0
Singapore,2023,PIA,McLaren,42.0,99.783,29.022,42.856,27.905,HARD,22.0,2.0,,,9.0,1,True,True,42.8,1.284,292.0,268.0,247.0,288.0
Singapore,2023,PIA,McLaren,43.0,112.356,29.214,43.203,39.939,HARD,23.0,2.0,,,8.0,126,False,True,41.2,1.236,292.0,269.0,223.0,289.0
Singapore,2023,PIA,McLaren,44.0,136.298,41.184,58.034,37.08,HARD,24.0,2.0,,,7.0,6,False,True,39.6,1.188,141.0,218.0,221.0,199.0
Singapore,2023,PIA,McLaren,45.0,112.685,41.296,43.57,27.819,HARD,25.0,2.0,,,7.0,671,False,True,38.0,1.14,137.0,267.0,249.0,180.0
Singapore,2023,PIA,McLaren,46.0,98.492,28.878,42.07,27.544,HARD,26.0,2.0,,,7.0,1,True,True,36.4,1.092,289.0,267.0,249.0,287.0
Singapore,2023,PIA,McLaren,47.0,98.889,28.714,42.433,27.742,HARD,27.0,2.0,,,7.0,12,True,True,34.8,1.044,289.0,266.0,248.0,286.0
Singapore,2023,PIA,McLaren,48.0,98.647,28.721,42.281,27.645,HARD,28.0,2.0,,,7.0,1,True,True,33.2,0.996,290.0,267.0,248.0,283.0
Singapore,2023,PIA,McLaren,49.0,99.008,28.678,42.505,27.825,HARD,29.0,2.0,,,7.0,1,True,True,31.6,0.948,289.0,266.0,248.0,284.0
Singapore,2023,PIA,McLaren,50.0,98.832,28.69,42.423,27.719,HARD,30.0,2.0,,,7.0,1,True,True,30.0,0.9,289.0,266.0,250.0,285.0
Singapore,2023,PIA,McLaren,51.0,98.656,28.68,42.445,27.531,HARD,31.0,2.0,,,7.0,1,True,True,28.4,0.852,289.0,267.0,248.0,284.0
Singapore,2023,PIA,McLaren,52.0,98.793,28.84,42.352,27.601,HARD,32.0,2.0,,,7.0,1,True,True,26.8,0.804,290.0,265.0,249.0,284.0
Singapore,2023,PIA,McLaren,53.0,98.773,28.638,42.393,27.742,HARD,33.0,2.0,,,7.0,12,True,True,25.2,0.756,289.0,267.0,248.0,285.0
Singapore,2023,PIA,McLaren,54.0,100.546,28.821,42.635,29.09,HARD,34.0,2.0,,,8.0,1,True,True,23.6,0.708,290.0,267.0,248.0,283.0
Singapore,2023,PIA,McLaren,55.0,100.108,28.9,43.142,28.066,HARD,35.0,2.0,,,8.0,1,True,True,22.0,0.66,291.0,267.0,247.0,299.0
Singapore,2023,PIA,McLaren,56.0,99.141,28.875,42.442,27.824,HARD,36.0,2.0,,,8.0,1,True,True,20.4,0.612,290.0,268.0,249.0,283.0
Singapore,2023,PIA,McLaren,57.0,99.14,28.778,42.589,27.773,HARD,37.0,2.0,,,8.0,1,True,True,18.8,0.564,290.0,268.0,248.0,284.0
Singapore,2023,PIA,McLaren,58.0,99.516,28.76,42.758,27.998,HARD,38.0,2.0,,,8.0,12,True,True,17.2,0.516,290.0,268.0,248.0,285.0
Singapore,2023,PIA,McLaren,59.0,99.428,28.846,42.82,27.762,HARD,39.0,2.0,,,8.0,21,True,True,15.6,0.468,291.0,268.0,248.0,287.0
Singapore,2023,PIA,McLaren,60.0,99.189,28.727,42.662,27.8,HARD,40.0,2.0,,,8.0,1,True,True,14.0,0.42,290.0,267.0,248.0,285.0
Singapore,2023,PIA,McLaren,61.0,99.616,28.891,42.782,27.943,HARD,41.0,2.0,,,8.0,1,True,True,12.4,0.372,291.0,267.0,250.0,284.0
Singapore,2023,PIA,McLaren,62.0,101.41,28.724,44.596,28.09,HARD,42.0,2.0,,,7.0,12,True,True,10.8,0.324,291.0,269.0,244.0,284.0
