Race,Season,Driver,Team,LapNumber,LapTime_s,Compound,TyreLife,Stint,PitInTime_s,PitOutTime_s,Position,TrackStatus,FuelLoad_kg,FuelCorrection_s,IsAccurate,DegRate_s_lap,TotalLaps,LapsRemaining,SafetyCar,RedFlag,IsPitLap
Singapore,2023,VER,Red Bull Racing,1.0,109.827,HARD,1.0,1.0,,,10.0,12,108.4,3.252,False,0.0936,62.0,61.0,0,0,0
Singapore,2023,VER,Red Bull Racing,2.0,101.596,HARD,2.0,1.0,,,9.0,12,106.8,3.204,True,0.0936,62.0,60.0,0,0,0
Singapore,2023,VER,Red Bull Racing,3.0,101.51,HARD,3.0,1.0,,,9.0,1,105.2,3.156,True,0.0936,62.0,59.0,0,0,0
Singapore,2023,VER,Red Bull Racing,4.0,101.143,HARD,4.0,1.0,,,9.0,1,103.6,3.108,True,0.0936,62.0,58.0,0,0,0
Singapore,2023,VER,Red Bull Racing,5.0,101.308,HARD,5.0,1.0,,,9.0,1,102.0,3.06,True,0.0936,62.0,57.0,0,0,0
Singapore,2023,VER,Red Bull Racing,6.0,101.313,HARD,6.0,1.0,,,8.0,1,100.4,3.012,True,0.0936,62.0,56.0,0,0,0
Singapore,2023,VER,Red Bull Racing,7.0,100.423,HARD,7.0,1.0,,,8.0,1,98.8,2.964,True,0.0936,62.0,55.0,0,0,0
Singapore,2023,VER,Red Bull Racing,8.0,100.177,HARD,8.0,1.0,,,8.0,1,97.2,2.916,True,0.0936,62.0,54.0,0,0,0
Singapore,2023,VER,Red Bull Racing,9.0,100.264,HARD,9.0,1.0,,,8.0,1,95.6,2.868,True,0.0936,62.0,53.0,0,0,0
Singapore,2023,VER,Red Bull Racing,10.0,100.408,HARD,10.0,1.0,,,8.0,1,94.0,2.82,True,0.0936,62.0,52.0,0,0,0
Singapore,2023,VER,Red Bull Racing,11.0,100.423,HARD,11.0,1.0,,,8.0,1,92.4,2.772,True,0.0936,62.0,51.0,0,0,0
Singapore,2023,VER,Red Bull Racing,12.0,100.602,HARD,12.0,1.0,,,8.0,1,90.8,2.724,True,0.0936,62.0,50.0,0,0,0
Singapore,2023,VER,Red Bull Racing,13.0,100.693,HARD,13.0,1.0,,,8.0,1,89.2,2.676,True,0.0936,62.0,49.0,0,0,0
Singapore,2023,VER,Red Bull Racing,14.0,100.633,HARD,14.0,1.0,,,8.0,1,87.6,2.628,True,0.0936,62.0,48.0,0,0,0
Singapore,2023,VER,Red Bull Racing,15.0,100.206,HARD,15.0,1.0,,,8.0,1,86.0,2.58,True,0.0936,62.0,47.0,0,0,0
Singapore,2023,VER,Red Bull Racing,16.0,100.39,HARD,16.0,1.0,,,8.0,1,84.4,2.532,True,0.0936,62.0,46.0,0,0,0
Singapore,2023,VER,Red Bull Racing,17.0,100.481,HARD,17.0,1.0,,,8.0,1,82.8,2.484,True,0.0936,62.0,45.0,0,0,0
Singapore,2023,VER,Red Bull Racing,18.0,100.464,HARD,18.0,1.0,,,8.0,1,81.2,2.436,True,0.0936,62.0,44.0,0,0,0
Singapore,2023,VER,Red Bull Racing,19.0,100.746,HARD,19.0,1.0,,,8.0,12,79.6,2.388,True,0.0936,62.0,43.0,0,0,0
Singapore,2023,VER,Red Bull Racing,20.0,118.294,HARD,20.0,1.0,,,6.0,14,78.0,2.34,False,0.0936,62.0,42.0,0,0,0
Singapore,2023,VER,Red Bull Racing,21.0,,HARD,21.0,1.0,,,2.0,4,76.4,2.292,False,0.0936,62.0,41.0,1,0,0
Singapore,2023,VER,Red Bull Racing,22.0,149.966,HARD,22.0,1.0,,,2.0,41,74.8,2.244,False,0.0936,62.0,40.0,0,0,0
Singapore,2023,VER,Red Bull Racing,23.0,103.346,HARD,23.0,1.0,,,3.0,1,73.2,2.196,True,0.0936,62.0,39.0,0,0,0
Singapore,2023,VER,Red Bull Racing,24.0,101.971,HARD,24.0,1.0,,,4.0,1,71.6,2.148,True,0.0936,62.0,38.0,0,0,0
Singapore,2023,VER,Red Bull Racing,25.0,100.7,HARD,25.0,1.0,,,4.0,1,70.0,2.1,True,0.0936,62.0,37.0,0,0,0
Singapore,2023,VER,Red Bull Racing,26.0,100.244,HARD,26.0,1.0,,,4.0,1,68.4,2.052,True,0.0936,62.0,36.0,0,0,0
Singapore,2023,VER,Red Bull Racing,27.0,101.18,HARD,27.0,1.0,,,5.0,1,66.8,2.004,True,0.0936,62.0,35.0,0,0,0
Singapore,2023,VER,Red Bull Racing,28.0,101.431,HARD,28.0,1.0,,,6.0,1,65.2,1.956,True,0.0936,62.0,34.0,0,0,0
Singapore,2023,VER,Red Bull Racing,29.0,100.437,HARD,29.0,1.0,,,6.0,1,63.6,1.908,True,0.0936,62.0,33.0,0,0,0
Singapore,2023,VER,Red Bull Racing,30.0,100.326,HARD,30.0,1.0,,,6.0,1,62.0,1.86,True,0.0936,62.0,32.0,0,0,0
Singapore,2023,VER,Red Bull Racing,31.0,100.247,HARD,31.0,1.0,,,6.0,1,60.4,1.812,True,0.0936,62.0,31.0,0,0,0
Singapore,2023,VER,Red Bull Racing,32.0,100.033,HARD,32.0,1.0,,,6.0,1,58.8,1.764,True,0.0936,62.0,30.0,0,0,0
Singapore,2023,VER,Red Bull Racing,33.0,100.087,HARD,33.0,1.0,,,6.0,1,57.2,1.716,True,0.0936,62.0,29.0,0,0,0
Singapore,2023,VER,Red Bull Racing,34.0,100.378,HARD,34.0,1.0,,,6.0,1,55.6,1.668,True,0.0936,62.0,28.0,0,0,0
Singapore,2023,VER,Red Bull Racing,35.0,100.266,HARD,35.0,1.0,,,6.0,1,54.0,1.62,True,0.0936,62.0,27.0,0,0,0
Singapore,2023,VER,Red Bull Racing,36.0,100.372,HARD,36.0,1.0,,,6.0,1,52.4,1.572,True,0.0936,62.0,26.0,0,0,0
Singapore,2023,VER,Red Bull Racing,37.0,100.224,HARD,37.0,1.0,,,6.0,1,50.8,1.524,True,0.0936,62.0,25.0,0,0,0
Singapore,2023,VER,Red Bull Racing,38.0,100.61,HARD,38.0,1.0,,,6.0,1,49.2,1.476,True,0.0936,62.0,24.0,0,0,0
Singapore,2023,VER,Red Bull Racing,39.0,101.173,HARD,39.0,1.0,,,6.0,1,47.6,1.428,True,0.0936,62.0,23.0,0,0,0
Singapore,2023,VER,Red Bull Racing,40.0,108.808,HARD,40.0,1.0,7941.491,,6.0,1,46.0,1.38,False,0.0936,62.0,22.0,0,0,1
Singapore,2023,VER,Red Bull Racing,41.0,119.248,MEDIUM,1.0,2.0,,7971.162,15.0,1,44.4,1.332,False,-0.1362,62.0,21.0,0,0,0
Singapore,2023,VER,Red Bull Racing,42.0,97.713,MEDIUM,2.0,2.0,,,15.0,1,42.8,1.284,True,-0.1362,62.0,20.0,0,0,0
Singapore,2023,VER,Red Bull Racing,43.0,116.357,MEDIUM,3.0,2.0,,,13.0,126,41.2,1.236,False,-0.1362,62.0,19.0,0,0,0
Singapore,2023,VER,Red Bull Racing,44.0,137.522,MEDIUM,4.0,2.0,,,12.0,6,39.6,1.188,False,-0.1362,62.0,18.0,1,0,0
Singapore,2023,VER,Red Bull Racing,45.0,104.939,MEDIUM,5.0,2.0,,,11.0,671,38.0,1.14,False,-0.1362,62.0,17.0,0,0,0
Singapore,2023,VER,Red Bull Racing,46.0,97.57,MEDIUM,6.0,2.0,,,11.0,1,36.4,1.092,True,-0.1362,62.0,16.0,0,0,0
Singapore,2023,VER,Red Bull Racing,47.0,98.09,MEDIUM,7.0,2.0,,,10.0,12,34.8,1.044,True,-0.1362,62.0,15.0,0,0,0
Singapore,2023,VER,Red Bull Racing,48.0,98.333,MEDIUM,8.0,2.0,,,9.0,1,33.2,0.996,True,-0.1362,62.0,14.0,0,0,0
Singapore,2023,VER,Red Bull Racing,49.0,97.085,MEDIUM,9.0,2.0,,,9.0,1,31.6,0.948,True,-0.1362,62.0,13.0,0,0,0
Singapore,2023,VER,Red Bull Racing,50.0,99.006,MEDIUM,10.0,2.0,,,8.0,1,30.0,0.9,True,-0.1362,62.0,12.0,0,0,0
Singapore,2023,VER,Red Bull Racing,51.0,97.144,MEDIUM,11.0,2.0,,,8.0,1,28.4,0.852,True,-0.1362,62.0,11.0,0,0,0
Singapore,2023,VER,Red Bull Racing,52.0,96.835,MEDIUM,12.0,2.0,,,8.0,1,26.8,0.804,True,-0.1362,62.0,10.0,0,0,0
Singapore,2023,VER,Red Bull Racing,53.0,97.132,MEDIUM,13.0,2.0,,,8.0,12,25.2,0.756,True,-0.1362,62.0,9.0,0,0,0
Singapore,2023,VER,Red Bull Racing,54.0,98.196,MEDIUM,14.0,2.0,,,7.0,1,23.6,0.708,True,-0.1362,62.0,8.0,0,0,0
Singapore,2023,VER,Red Bull Racing,55.0,96.899,MEDIUM,15.0,2.0,,,7.0,1,22.0,0.66,True,-0.1362,62.0,7.0,0,0,0
Singapore,2023,VER,Red Bull Racing,56.0,97.519,MEDIUM,16.0,2.0,,,7.0,1,20.4,0.612,True,-0.1362,62.0,6.0,0,0,0
Singapore,2023,VER,Red Bull Racing,57.0,99.299,MEDIUM,17.0,2.0,,,6.0,1,18.8,0.564,True,-0.1362,62.0,5.0,0,0,0
Singapore,2023,VER,Red Bull Racing,58.0,96.912,MEDIUM,18.0,2.0,,,6.0,12,17.2,0.516,True,-0.1362,62.0,4.0,0,0,0
Singapore,2023,VER,Red Bull Racing,59.0,96.748,MEDIUM,19.0,2.0,,,6.0,21,15.6,0.468,True,-0.1362,62.0,3.0,0,0,0
Singapore,2023,VER,Red Bull Racing,60.0,96.758,MEDIUM,20.0,2.0,,,6.0,1,14.0,0.42,True,-0.1362,62.0,2.0,0,0,0
Singapore,2023,VER,Red Bull Racing,61.0,96.575,MEDIUM,21.0,2.0,,,6.0,1,12.4,0.372,True,-0.1362,62.0,1.0,0,0,0
Singapore,2023,VER,Red Bull Racing,62.0,98.197,MEDIUM,22.0,2.0,,,5.0,12,10.8,0.324,True,-0.1362,62.0,0.0,0,0,0
Singapore,2023,GAS,Alpine,1.0,110.115,MEDIUM,1.0,1.0,,,11.0,12,108.4,3.252,False,-0.2201,62.0,61.0,0,0,0
Singapore,2023,GAS,Alpine,2.0,102.353,MEDIUM,2.0,1.0,,,11.0,12,106.8,3.204,True,-0.2201,62.0,60.0,0,0,0
Singapore,2023,GAS,Alpine,3.0,101.442,MEDIUM,3.0,1.0,,,11.0,1,105.2,3.156,True,-0.2201,62.0,59.0,0,0,0
Singapore,2023,GAS,Alpine,4.0,101.334,MEDIUM,4.0,1.0,,,11.0,1,103.6,3.108,True,-0.2201,62.0,58.0,0,0,0
Singapore,2023,GAS,Alpine,5.0,101.292,MEDIUM,5.0,1.0,,,11.0,1,102.0,3.06,True,-0.2201,62.0,57.0,0,0,0
Singapore,2023,GAS,Alpine,6.0,101.829,MEDIUM,6.0,1.0,,,11.0,1,100.4,3.012,True,-0.2201,62.0,56.0,0,0,0
Singapore,2023,GAS,Alpine,7.0,101.399,MEDIUM,7.0,1.0,,,11.0,1,98.8,2.964,True,-0.2201,62.0,55.0,0,0,0
Singapore,2023,GAS,Alpine,8.0,100.677,MEDIUM,8.0,1.0,,,11.0,1,97.2,2.916,True,-0.2201,62.0,54.0,0,0,0
Singapore,2023,GAS,Alpine,9.0,101.063,MEDIUM,9.0,1.0,,,11.0,1,95.6,2.868,True,-0.2201,62.0,53.0,0,0,0
Singapore,2023,GAS,Alpine,10.0,100.378,MEDIUM,10.0,1.0,,,11.0,1,94.0,2.82,True,-0.2201,62.0,52.0,0,0,0
Singapore,2023,GAS,Alpine,11.0,100.728,MEDIUM,11.0,1.0,,,11.0,1,92.4,2.772,True,-0.2201,62.0,51.0,0,0,0
Singapore,2023,GAS,Alpine,12.0,100.439,MEDIUM,12.0,1.0,,,11.0,1,90.8,2.724,True,-0.2201,62.0,50.0,0,0,0
Singapore,2023,GAS,Alpine,13.0,100.829,MEDIUM,13.0,1.0,,,11.0,1,89.2,2.676,True,-0.2201,62.0,49.0,0,0,0
Singapore,2023,GAS,Alpine,14.0,100.627,MEDIUM,14.0,1.0,,,11.0,1,87.6,2.628,True,-0.2201,62.0,48.0,0,0,0
Singapore,2023,GAS,Alpine,15.0,100.602,MEDIUM,15.0,1.0,,,11.0,1,86.0,2.58,True,-0.2201,62.0,47.0,0,0,0
Singapore,2023,GAS,Alpine,16.0,100.929,MEDIUM,16.0,1.0,,,11.0,1,84.4,2.532,True,-0.2201,62.0,46.0,0,0,0
Singapore,2023,GAS,Alpine,17.0,100.673,MEDIUM,17.0,1.0,,,11.0,1,82.8,2.484,True,-0.2201,62.0,45.0,0,0,0
Singapore,2023,GAS,Alpine,18.0,100.866,MEDIUM,18.0,1.0,,,11.0,1,81.2,2.436,True,-0.2201,62.0,44.0,0,0,0
Singapore,2023,GAS,Alpine,19.0,101.061,MEDIUM,19.0,1.0,,,11.0,12,79.6,2.388,True,-0.2201,62.0,43.0,0,0,0
Singapore,2023,GAS,Alpine,20.0,128.721,MEDIUM,20.0,1.0,5814.015,,12.0,14,78.0,2.34,False,-0.2201,62.0,42.0,0,0,1
Singapore,2023,GAS,Alpine,21.0,,HARD,1.0,2.0,,5845.812,12.0,4,76.4,2.292,False,-0.384,62.0,41.0,1,0,0
Singapore,2023,GAS,Alpine,22.0,140.73,HARD,2.0,2.0,,,12.0,41,74.8,2.244,False,-0.384,62.0,40.0,0,0,0
Singapore,2023,GAS,Alpine,23.0,103.344,HARD,3.0,2.0,,,11.0,1,73.2,2.196,True,-0.384,62.0,39.0,0,0,0
Singapore,2023,GAS,Alpine,24.0,102.407,HARD,4.0,2.0,,,11.0,1,71.6,2.148,True,-0.384,62.0,38.0,0,0,0
Singapore,2023,GAS,Alpine,25.0,101.048,HARD,5.0,2.0,,,11.0,1,70.0,2.1,True,-0.384,62.0,37.0,0,0,0
Singapore,2023,GAS,Alpine,26.0,100.92,HARD,6.0,2.0,,,11.0,1,68.4,2.052,True,-0.384,62.0,36.0,0,0,0
Singapore,2023,GAS,Alpine,27.0,100.396,HARD,7.0,2.0,,,11.0,1,66.8,2.004,True,-0.384,62.0,35.0,0,0,0
Singapore,2023,GAS,Alpine,28.0,101.536,HARD,8.0,2.0,,,11.0,1,65.2,1.956,True,-0.384,62.0,34.0,0,0,0
Singapore,2023,GAS,Alpine,29.0,101.706,HARD,9.0,2.0,,,11.0,1,63.6,1.908,True,-0.384,62.0,33.0,0,0,0
Singapore,2023,GAS,Alpine,30.0,100.28,HARD,10.0,2.0,,,11.0,1,62.0,1.86,True,-0.384,62.0,32.0,0,0,0
Singapore,2023,GAS,Alpine,31.0,99.974,HARD,11.0,2.0,,,11.0,1,60.4,1.812,True,-0.384,62.0,31.0,0,0,0
Singapore,2023,GAS,Alpine,32.0,100.406,HARD,12.0,2.0,,,11.0,1,58.8,1.764,True,-0.384,62.0,30.0,0,0,0
Singapore,2023,GAS,Alpine,33.0,100.154,HARD,13.0,2.0,,,11.0,1,57.2,1.716,True,-0.384,62.0,29.0,0,0,0
Singapore,2023,GAS,Alpine,34.0,101.321,HARD,14.0,2.0,,,11.0,1,55.6,1.668,True,-0.384,62.0,28.0,0,0,0
Singapore,2023,GAS,Alpine,35.0,102.563,HARD,15.0,2.0,,,11.0,1,54.0,1.62,True,-0.384,62.0,27.0,0,0,0
Singapore,2023,GAS,Alpine,36.0,99.965,HARD,16.0,2.0,,,10.0,1,52.4,1.572,True,-0.384,62.0,26.0,0,0,0
Singapore,2023,GAS,Alpine,37.0,100.508,HARD,17.0,2.0,,,10.0,1,50.8,1.524,True,-0.384,62.0,25.0,0,0,0
Singapore,2023,GAS,Alpine,38.0,101.261,HARD,18.0,2.0,,,10.0,1,49.2,1.476,True,-0.384,62.0,24.0,0,0,0
Singapore,2023,GAS,Alpine,39.0,102.86,HARD,19.0,2.0,,,9.0,1,47.6,1.428,True,-0.384,62.0,23.0,0,0,0
Singapore,2023,GAS,Alpine,40.0,99.885,HARD,20.0,2.0,,,9.0,1,46.0,1.38,True,-0.384,62.0,22.0,0,0,0
Singapore,2023,GAS,Alpine,41.0,99.934,HARD,21.0,2.0,,,8.0,1,44.4,1.332,True,-0.384,62.0,21.0,0,0,0
Singapore,2023,GAS,Alpine,42.0,99.835,HARD,22.0,2.0,,,8.0,1,42.8,1.284,True,-0.384,62.0,20.0,0,0,0
Singapore,2023,GAS,Alpine,43.0,110.491,HARD,23.0,2.0,,,7.0,126,41.2,1.236,False,-0.384,62.0,19.0,0,0,0
Singapore,2023,GAS,Alpine,44.0,137.976,HARD,24.0,2.0,,,6.0,6,39.6,1.188,False,-0.384,62.0,18.0,1,0,0
Singapore,2023,GAS,Alpine,45.0,111.238,HARD,25.0,2.0,,,6.0,671,38.0,1.14,False,-0.384,62.0,17.0,0,0,0
Singapore,2023,GAS,Alpine,46.0,98.277,HARD,26.0,2.0,,,6.0,1,36.4,1.092,True,-0.384,62.0,16.0,0,0,0
Singapore,2023,GAS,Alpine,47.0,98.568,HARD,27.0,2.0,,,6.0,12,34.8,1.044,True,-0.384,62.0,15.0,0,0,0
Singapore,2023,GAS,Alpine,48.0,98.548,HARD,28.0,2.0,,,6.0,1,33.2,0.996,True,-0.384,62.0,14.0,0,0,0
Singapore,2023,GAS,Alpine,49.0,98.634,HARD,29.0,2.0,,,6.0,1,31.6,0.948,True,-0.384,62.0,13.0,0,0,0
Singapore,2023,GAS,Alpine,50.0,98.688,HARD,30.0,2.0,,,6.0,1,30.0,0.9,True,-0.384,62.0,12.0,0,0,0
Singapore,2023,GAS,Alpine,51.0,98.525,HARD,31.0,2.0,,,6.0,1,28.4,0.852,True,-0.384,62.0,11.0,0,0,0
Singapore,2023,GAS,Alpine,52.0,98.755,HARD,32.0,2.0,,,6.0,1,26.8,0.804,True,-0.384,62.0,10.0,0,0,0
Singapore,2023,GAS,Alpine,53.0,98.718,HARD,33.0,2.0,,,6.0,12,25.2,0.756,True,-0.384,62.0,9.0,0,0,0
Singapore,2023,GAS,Alpine,54.0,98.844,HARD,34.0,2.0,,,6.0,1,23.6,0.708,True,-0.384,62.0,8.0,0,0,0
Singapore,2023,GAS,Alpine,55.0,99.373,HARD,35.0,2.0,,,6.0,1,22.0,0.66,True,-0.384,62.0,7.0,0,0,0
Singapore,2023,GAS,Alpine,56.0,99.292,HARD,36.0,2.0,,,6.0,1,20.4,0.612,True,-0.384,62.0,6.0,0,0,0
Singapore,2023,GAS,Alpine,57.0,100.874,HARD,37.0,2.0,,,7.0,1,18.8,0.564,True,-0.384,62.0,5.0,0,0,0
Singapore,2023,GAS,Alpine,58.0,99.658,HARD,38.0,2.0,,,7.0,12,17.2,0.516,True,-0.384,62.0,4.0,0,0,0
Singapore,2023,GAS,Alpine,59.0,99.709,HARD,39.0,2.0,,,7.0,21,15.6,0.468,True,-0.384,62.0,3.0,0,0,0
Singapore,2023,GAS,Alpine,60.0,99.62,HARD,40.0,2.0,,,7.0,1,14.0,0.42,True,-0.384,62.0,2.0,0,0,0
Singapore,2023,GAS,Alpine,61.0,99.711,HARD,41.0,2.0,,,7.0,1,12.4,0.372,True,-0.384,62.0,1.0,0,0,0
Singapore,2023,GAS,Alpine,62.0,102.273,HARD,42.0,2.0,,,6.0,12,10.8,0.324,True,-0.384,62.0,0.0,0,0,0
Singapore,2023,PER,Red Bull Racing,1.0,111.589,HARD,1.0,1.0,,,13.0,12,108.4,3.252,False,0.071,62.0,61.0,0,0,0
Singapore,2023,PER,Red Bull Racing,2.0,102.009,HARD,2.0,1.0,,,13.0,12,106.8,3.204,True,0.071,62.0,60.0,0,0,0
Singapore,2023,PER,Red Bull Racing,3.0,101.622,HARD,3.0,1.0,,,13.0,1,105.2,3.156,True,0.071,62.0,59.0,0,0,0
Singapore,2023,PER,Red Bull Racing,4.0,101.354,HARD,4.0,1.0,,,13.0,1,103.6,3.108,True,0.071,62.0,58.0,0,0,0
Singapore,2023,PER,Red Bull Racing,5.0,101.331,HARD,5.0,1.0,,,13.0,1,102.0,3.06,True,0.071,62.0,57.0,0,0,0
Singapore,2023,PER,Red Bull Racing,6.0,103.147,HARD,6.0,1.0,,,13.0,1,100.4,3.012,True,0.071,62.0,56.0,0,0,0
Singapore,2023,PER,Red Bull Racing,7.0,101.353,HARD,7.0,1.0,,,13.0,1,98.8,2.964,True,0.071,62.0,55.0,0,0,0
Singapore,2023,PER,Red Bull Racing,8.0,100.556,HARD,8.0,1.0,,,13.0,1,97.2,2.916,True,0.071,62.0,54.0,0,0,0
Singapore,2023,PER,Red Bull Racing,9.0,100.694,HARD,9.0,1.0,,,13.0,1,95.6,2.868,True,0.071,62.0,53.0,0,0,0
Singapore,2023,PER,Red Bull Racing,10.0,100.643,HARD,10.0,1.0,,,13.0,1,94.0,2.82,True,0.071,62.0,52.0,0,0,0
Singapore,2023,PER,Red Bull Racing,11.0,100.693,HARD,11.0,1.0,,,13.0,1,92.4,2.772,True,0.071,62.0,51.0,0,0,0
Singapore,2023,PER,Red Bull Racing,12.0,100.715,HARD,12.0,1.0,,,13.0,1,90.8,2.724,True,0.071,62.0,50.0,0,0,0
Singapore,2023,PER,Red Bull Racing,13.0,100.843,HARD,13.0,1.0,,,13.0,1,89.2,2.676,True,0.071,62.0,49.0,0,0,0
Singapore,2023,PER,Red Bull Racing,14.0,100.314,HARD,14.0,1.0,,,13.0,1,87.6,2.628,True,0.071,62.0,48.0,0,0,0
Singapore,2023,PER,Red Bull Racing,15.0,100.538,HARD,15.0,1.0,,,13.0,1,86.0,2.58,True,0.071,62.0,47.0,0,0,0
Singapore,2023,PER,Red Bull Racing,16.0,100.688,HARD,16.0,1.0,,,13.0,1,84.4,2.532,True,0.071,62.0,46.0,0,0,0
Singapore,2023,PER,Red Bull Racing,17.0,100.987,HARD,17.0,1.0,,,13.0,1,82.8,2.484,True,0.071,62.0,45.0,0,0,0
Singapore,2023,PER,Red Bull Racing,18.0,101.077,HARD,18.0,1.0,,,13.0,1,81.2,2.436,True,0.071,62.0,44.0,0,0,0
Singapore,2023,PER,Red Bull Racing,19.0,101.404,HARD,19.0,1.0,,,13.0,12,79.6,2.388,True,0.071,62.0,43.0,0,0,0
Singapore,2023,PER,Red Bull Racing,20.0,121.114,HARD,20.0,1.0,,,9.0,14,78.0,2.34,False,0.071,62.0,42.0,0,0,0
Singapore,2023,PER,Red Bull Racing,21.0,,HARD,21.0,1.0,,,4.0,4,76.4,2.292,False,0.071,62.0,41.0,1,0,0
Singapore,2023,PER,Red Bull Racing,22.0,148.562,HARD,22.0,1.0,,,4.0,41,74.8,2.244,False,0.071,62.0,40.0,0,0,0
Singapore,2023,PER,Red Bull Racing,23.0,104.195,HARD,23.0,1.0,,,5.0,1,73.2,2.196,True,0.071,62.0,39.0,0,0,0
Singapore,2023,PER,Red Bull Racing,24.0,102.735,HARD,24.0,1.0,,,6.0,1,71.6,2.148,True,0.071,62.0,38.0,0,0,0
Singapore,2023,PER,Red Bull Racing,25.0,101.532,HARD,25.0,1.0,,,7.0,1,70.0,2.1,True,0.071,62.0,37.0,0,0,0
Singapore,2023,PER,Red Bull Racing,26.0,100.595,HARD,26.0,1.0,,,7.0,1,68.4,2.052,True,0.071,62.0,36.0,0,0,0
Singapore,2023,PER,Red Bull Racing,27.0,100.5,HARD,27.0,1.0,,,7.0,1,66.8,2.004,True,0.071,62.0,35.0,0,0,0
Singapore,2023,PER,Red Bull Racing,28.0,101.833,HARD,28.0,1.0,,,7.0,1,65.2,1.956,True,0.071,62.0,34.0,0,0,0
Singapore,2023,PER,Red Bull Racing,29.0,100.29,HARD,29.0,1.0,,,7.0,1,63.6,1.908,True,0.071,62.0,33.0,0,0,0
Singapore,2023,PER,Red Bull Racing,30.0,100.319,HARD,30.0,1.0,,,7.0,1,62.0,1.86,True,0.071,62.0,32.0,0,0,0
Singapore,2023,PER,Red Bull Racing,31.0,100.205,HARD,31.0,1.0,,,7.0,1,60.4,1.812,True,0.071,62.0,31.0,0,0,0
Singapore,2023,PER,Red Bull Racing,32.0,100.254,HARD,32.0,1.0,,,7.0,1,58.8,1.764,True,0.071,62.0,30.0,0,0,0
Singapore,2023,PER,Red Bull Racing,33.0,100.355,HARD,33.0,1.0,,,7.0,1,57.2,1.716,True,0.071,62.0,29.0,0,0,0
Singapore,2023,PER,Red Bull Racing,34.0,100.822,HARD,34.0,1.0,,,7.0,1,55.6,1.668,True,0.071,62.0,28.0,0,0,0
Singapore,2023,PER,Red Bull Racing,35.0,100.326,HARD,35.0,1.0,,,7.0,1,54.0,1.62,True,0.071,62.0,27.0,0,0,0
Singapore,2023,PER,Red Bull Racing,36.0,101.489,HARD,36.0,1.0,,,7.0,1,52.4,1.572,True,0.071,62.0,26.0,0,0,0
Singapore,2023,PER,Red Bull Racing,37.0,103.171,HARD,37.0,1.0,,,7.0,1,50.8,1.524,True,0.071,62.0,25.0,0,0,0
Singapore,2023,PER,Red Bull Racing,38.0,101.321,HARD,38.0,1.0,,,7.0,1,49.2,1.476,True,0.071,62.0,24.0,0,0,0
Singapore,2023,PER,Red Bull Racing,39.0,113.087,HARD,39.0,1.0,7853.586,,15.0,1,47.6,1.428,False,0.071,62.0,23.0,0,0,1
Singapore,2023,PER,Red Bull Racing,40.0,119.337,MEDIUM,1.0,2.0,,7882.57,18.0,1,46.0,1.38,False,-0.1747,62.0,22.0,0,0,0
Singapore,2023,PER,Red Bull Racing,41.0,98.551,MEDIUM,2.0,2.0,,,17.0,1,44.4,1.332,True,-0.1747,62.0,21.0,0,0,0
Singapore,2023,PER,Red Bull Racing,42.0,98.709,MEDIUM,3.0,2.0,,,17.0,12,42.8,1.284,True,-0.1747,62.0,20.0,0,0,0
Singapore,2023,PER,Red Bull Racing,43.0,120.69,MEDIUM,4.0,2.0,,,15.0,26,41.2,1.236,False,-0.1747,62.0,19.0,0,0,0
Singapore,2023,PER,Red Bull Racing,44.0,137.392,MEDIUM,5.0,2.0,,,14.0,67,39.6,1.188,False,-0.1747,62.0,18.0,0,0,0
Singapore,2023,PER,Red Bull Racing,45.0,100.229,MEDIUM,6.0,2.0,,,13.0,71,38.0,1.14,False,-0.1747,62.0,17.0,0,0,0
Singapore,2023,PER,Red Bull Racing,46.0,97.541,MEDIUM,7.0,2.0,,,13.0,12,36.4,1.092,True,-0.1747,62.0,16.0,0,0,0
Singapore,2023,PER,Red Bull Racing,47.0,98.235,MEDIUM,8.0,2.0,,,13.0,21,34.8,1.044,True,-0.1747,62.0,15.0,0,0,0
Singapore,2023,PER,Red Bull Racing,48.0,98.351,MEDIUM,9.0,2.0,,,13.0,1,33.2,0.996,True,-0.1747,62.0,14.0,0,0,0
Singapore,2023,PER,Red Bull Racing,49.0,98.01,MEDIUM,10.0,2.0,,,13.0,1,31.6,0.948,True,-0.1747,62.0,13.0,0,0,0
Singapore,2023,PER,Red Bull Racing,50.0,97.799,MEDIUM,11.0,2.0,,,13.0,1,30.0,0.9,True,-0.1747,62.0,12.0,0,0,0
Singapore,2023,PER,Red Bull Racing,51.0,98.116,MEDIUM,12.0,2.0,,,13.0,1,28.4,0.852,True,-0.1747,62.0,11.0,0,0,0
Singapore,2023,PER,Red Bull Racing,52.0,99.858,MEDIUM,13.0,2.0,,,12.0,12,26.8,0.804,True,-0.1747,62.0,10.0,0,0,0
Singapore,2023,PER,Red Bull Racing,53.0,99.32,MEDIUM,14.0,2.0,,,11.0,21,25.2,0.756,True,-0.1747,62.0,9.0,0,0,0
Singapore,2023,PER,Red Bull Racing,54.0,98.386,MEDIUM,15.0,2.0,,,11.0,1,23.6,0.708,True,-0.1747,62.0,8.0,0,0,0
Singapore,2023,PER,Red Bull Racing,55.0,97.746,MEDIUM,16.0,2.0,,,11.0,1,22.0,0.66,True,-0.1747,62.0,7.0,0,0,0
Singapore,2023,PER,Red Bull Racing,56.0,98.016,MEDIUM,17.0,2.0,,,11.0,1,20.4,0.612,True,-0.1747,62.0,6.0,0,0,0
Singapore,2023,PER,Red Bull Racing,57.0,101.365,MEDIUM,18.0,2.0,,,11.0,1,18.8,0.564,True,-0.1747,62.0,5.0,0,0,0
Singapore,2023,PER,Red Bull Racing,58.0,100.912,MEDIUM,19.0,2.0,,,10.0,12,17.2,0.516,True,-0.1747,62.0,4.0,0,0,0
Singapore,2023,PER,Red Bull Racing,59.0,102.042,MEDIUM,20.0,2.0,,,10.0,1,15.6,0.468,True,-0.1747,62.0,3.0,0,0,0
Singapore,2023,PER,Red Bull Racing,60.0,99.147,MEDIUM,21.0,2.0,,,9.0,1,14.0,0.42,True,-0.1747,62.0,2.0,0,0,0
Singapore,2023,PER,Red Bull Racing,61.0,97.108,MEDIUM,22.0,2.0,,,9.0,12,12.4,0.372,True,-0.1747,62.0,1.0,0,0,0
Singapore,2023,PER,Red Bull Racing,62.0,98.189,MEDIUM,23.0,2.0,,,8.0,2,10.8,0.324,True,-0.1747,62.0,0.0,0,0,0
Singapore,2023,ALO,Aston Martin,1.0,107.377,MEDIUM,1.0,1.0,,,6.0,12,108.4,3.252,False,-0.1366,62.0,61.0,0,0,0
Singapore,2023,ALO,Aston Martin,2.0,102.255,MEDIUM,2.0,1.0,,,6.0,12,106.8,3.204,True,-0.1366,62.0,60.0,0,0,0
Singapore,2023,ALO,Aston Martin,3.0,101.349,MEDIUM,3.0,1.0,,,6.0,1,105.2,3.156,True,-0.1366,62.0,59.0,0,0,0
Singapore,2023,ALO,Aston Martin,4.0,101.356,MEDIUM,4.0,1.0,,,6.0,1,103.6,3.108,True,-0.1366,62.0,58.0,0,0,0
Singapore,2023,ALO,Aston Martin,5.0,101.194,MEDIUM,5.0,1.0,,,6.0,1,102.0,3.06,True,-0.1366,62.0,57.0,0,0,0
Singapore,2023,ALO,Aston Martin,6.0,100.686,MEDIUM,6.0,1.0,,,6.0,1,100.4,3.012,True,-0.1366,62.0,56.0,0,0,0
Singapore,2023,ALO,Aston Martin,7.0,100.774,MEDIUM,7.0,1.0,,,6.0,1,98.8,2.964,True,-0.1366,62.0,55.0,0,0,0
Singapore,2023,ALO,Aston Martin,8.0,100.21,MEDIUM,8.0,1.0,,,6.0,1,97.2,2.916,True,-0.1366,62.0,54.0,0,0,0
Singapore,2023,ALO,Aston Martin,9.0,100.422,MEDIUM,9.0,1.0,,,6.0,1,95.6,2.868,True,-0.1366,62.0,53.0,0,0,0
Singapore,2023,ALO,Aston Martin,10.0,100.555,MEDIUM,10.0,1.0,,,6.0,1,94.0,2.82,True,-0.1366,62.0,52.0,0,0,0
Singapore,2023,ALO,Aston Martin,11.0,100.147,MEDIUM,11.0,1.0,,,6.0,1,92.4,2.772,True,-0.1366,62.0,51.0,0,0,0
Singapore,2023,ALO,Aston Martin,12.0,100.383,MEDIUM,12.0,1.0,,,6.0,1,90.8,2.724,True,-0.1366,62.0,50.0,0,0,0
Singapore,2023,ALO,Aston Martin,13.0,100.554,MEDIUM,13.0,1.0,,,6.0,1,89.2,2.676,True,-0.1366,62.0,49.0,0,0,0
Singapore,2023,ALO,Aston Martin,14.0,100.18,MEDIUM,14.0,1.0,,,6.0,1,87.6,2.628,True,-0.1366,62.0,48.0,0,0,0
Singapore,2023,ALO,Aston Martin,15.0,100.095,MEDIUM,15.0,1.0,,,6.0,1,86.0,2.58,True,-0.1366,62.0,47.0,0,0,0
Singapore,2023,ALO,Aston Martin,16.0,100.238,MEDIUM,16.0,1.0,,,6.0,1,84.4,2.532,True,-0.1366,62.0,46.0,0,0,0
Singapore,2023,ALO,Aston Martin,17.0,100.499,MEDIUM,17.0,1.0,,,6.0,1,82.8,2.484,True,-0.1366,62.0,45.0,0,0,0
Singapore,2023,ALO,Aston Martin,18.0,100.316,MEDIUM,18.0,1.0,,,6.0,1,81.2,2.436,True,-0.1366,62.0,44.0,0,0,0
Singapore,2023,ALO,Aston Martin,19.0,100.346,MEDIUM,19.0,1.0,,,6.0,12,79.6,2.388,True,-0.1366,62.0,43.0,0,0,0
Singapore,2023,ALO,Aston Martin,20.0,124.3,MEDIUM,20.0,1.0,5799.984,,7.0,14,78.0,2.34,False,-0.1366,62.0,42.0,0,0,1
Singapore,2023,ALO,Aston Martin,21.0,,HARD,1.0,2.0,,5830.624,8.0,4,76.4,2.292,False,-0.264,62.0,41.0,1,0,0
Singapore,2023,ALO,Aston Martin,22.0,145.198,HARD,2.0,2.0,,,8.0,41,74.8,2.244,False,-0.264,62.0,40.0,0,0,0
Singapore,2023,ALO,Aston Martin,23.0,103.291,HARD,3.0,2.0,,,8.0,1,73.2,2.196,True,-0.264,62.0,39.0,0,0,0
Singapore,2023,ALO,Aston Martin,24.0,103.137,HARD,4.0,2.0,,,8.0,1,71.6,2.148,True,-0.264,62.0,38.0,0,0,0
Singapore,2023,ALO,Aston Martin,25.0,100.689,HARD,5.0,2.0,,,8.0,1,70.0,2.1,True,-0.264,62.0,37.0,0,0,0
Singapore,2023,ALO,Aston Martin,26.0,100.896,HARD,6.0,2.0,,,8.0,1,68.4,2.052,True,-0.264,62.0,36.0,0,0,0
Singapore,2023,ALO,Aston Martin,27.0,100.185,HARD,7.0,2.0,,,8.0,1,66.8,2.004,True,-0.264,62.0,35.0,0,0,0
Singapore,2023,ALO,Aston Martin,28.0,101.931,HARD,8.0,2.0,,,8.0,1,65.2,1.956,True,-0.264,62.0,34.0,0,0,0
Singapore,2023,ALO,Aston Martin,29.0,101.292,HARD,9.0,2.0,,,8.0,1,63.6,1.908,True,-0.264,62.0,33.0,0,0,0
Singapore,2023,ALO,Aston Martin,30.0,100.128,HARD,10.0,2.0,,,8.0,1,62.0,1.86,True,-0.264,62.0,32.0,0,0,0
Singapore,2023,ALO,Aston Martin,31.0,100.049,HARD,11.0,2.0,,,8.0,1,60.4,1.812,True,-0.264,62.0,31.0,0,0,0
Singapore,2023,ALO,Aston Martin,32.0,100.39,HARD,12.0,2.0,,,8.0,1,58.8,1.764,True,-0.264,62.0,30.0,0,0,0
Singapore,2023,ALO,Aston Martin,33.0,99.636,HARD,13.0,2.0,,,8.0,1,57.2,1.716,True,-0.264,62.0,29.0,0,0,0
Singapore,2023,ALO,Aston Martin,34.0,100.578,HARD,14.0,2.0,,,8.0,1,55.6,1.668,True,-0.264,62.0,28.0,0,0,0
Singapore,2023,ALO,Aston Martin,35.0,100.626,HARD,15.0,2.0,,,8.0,1,54.0,1.62,True,-0.264,62.0,27.0,0,0,0
Singapore,2023,ALO,Aston Martin,36.0,101.265,HARD,16.0,2.0,,,8.0,1,52.4,1.572,True,-0.264,62.0,26.0,0,0,0
Singapore,2023,ALO,Aston Martin,37.0,104.094,HARD,17.0,2.0,,,9.0,1,50.8,1.524,True,-0.264,62.0,25.0,0,0,0
Singapore,2023,ALO,Aston Martin,38.0,101.208,HARD,18.0,2.0,,,9.0,1,49.2,1.476,True,-0.264,62.0,24.0,0,0,0
Singapore,2023,ALO,Aston Martin,39.0,102.062,HARD,19.0,2.0,,,8.0,1,47.6,1.428,True,-0.264,62.0,23.0,0,0,0
Singapore,2023,ALO,Aston Martin,40.0,100.154,HARD,20.0,2.0,,,8.0,1,46.0,1.38,True,-0.264,62.0,22.0,0,0,0
Singapore,2023,ALO,Aston Martin,41.0,100.18,HARD,21.0,2.0,,,7.0,1,44.4,1.332,True,-0.264,62.0,21.0,0,0,0
Singapore,2023,ALO,Aston Martin,42.0,100.146,HARD,22.0,2.0,,,7.0,1,42.8,1.284,True,-0.264,62.0,20.0,0,0,0
Singapore,2023,ALO,Aston Martin,43.0,110.179,HARD,23.0,2.0,,,6.0,126,41.2,1.236,False,-0.264,62.0,19.0,0,0,0
Singapore,2023,ALO,Aston Martin,44.0,144.76,HARD,24.0,2.0,8399.298,,9.0,6,39.6,1.188,False,-0.264,62.0,18.0,1,0,1
Singapore,2023,ALO,Aston Martin,45.0,146.081,SOFT,3.0,3.0,,8451.891,15.0,671,38.0,1.14,False,-0.5358,62.0,17.0,0,0,0
Singapore,2023,ALO,Aston Martin,46.0,113.333,SOFT,4.0,3.0,,,17.0,12,36.4,1.092,True,-0.5358,62.0,16.0,0,0,0
Singapore,2023,ALO,Aston Martin,47.0,96.456,SOFT,5.0,3.0,,,17.0,1,34.8,1.044,True,-0.5358,62.0,15.0,0,0,0
Singapore,2023,ALO,Aston Martin,48.0,99.79,SOFT,6.0,3.0,,,17.0,1,33.2,0.996,True,-0.5358,62.0,14.0,0,0,0
Singapore,2023,ALO,Aston Martin,49.0,98.787,SOFT,7.0,3.0,,,17.0,1,31.6,0.948,True,-0.5358,62.0,13.0,0,0,0
Singapore,2023,ALO,Aston Martin,50.0,98.088,SOFT,8.0,3.0,,,17.0,1,30.0,0.9,True,-0.5358,62.0,12.0,0,0,0
Singapore,2023,ALO,Aston Martin,51.0,98.463,SOFT,9.0,3.0,,,17.0,1,28.4,0.852,True,-0.5358,62.0,11.0,0,0,0
Singapore,2023,ALO,Aston Martin,52.0,97.943,SOFT,10.0,3.0,,,16.0,12,26.8,0.804,True,-0.5358,62.0,10.0,0,0,0
Singapore,2023,ALO,Aston Martin,53.0,98.559,SOFT,11.0,3.0,,,16.0,1,25.2,0.756,True,-0.5358,62.0,9.0,0,0,0
Singapore,2023,ALO,Aston Martin,54.0,98.179,SOFT,12.0,3.0,,,16.0,1,23.6,0.708,True,-0.5358,62.0,8.0,0,0,0
Singapore,2023,ALO,Aston Martin,55.0,98.012,SOFT,13.0,3.0,,,16.0,1,22.0,0.66,True,-0.5358,62.0,7.0,0,0,0
Singapore,2023,ALO,Aston Martin,56.0,98.436,SOFT,14.0,3.0,,,16.0,1,20.4,0.612,True,-0.5358,62.0,6.0,0,0,0
Singapore,2023,ALO,Aston Martin,57.0,98.303,SOFT,15.0,3.0,,,16.0,1,18.8,0.564,True,-0.5358,62.0,5.0,0,0,0
Singapore,2023,ALO,Aston Martin,58.0,98.941,SOFT,16.0,3.0,,,16.0,12,17.2,0.516,True,-0.5358,62.0,4.0,0,0,0
Singapore,2023,ALO,Aston Martin,59.0,98.518,SOFT,17.0,3.0,,,16.0,1,15.6,0.468,True,-0.5358,62.0,3.0,0,0,0
Singapore,2023,ALO,Aston Martin,60.0,98.728,SOFT,18.0,3.0,,,16.0,1,14.0,0.42,True,-0.5358,62.0,2.0,0,0,0
Singapore,2023,ALO,Aston Martin,61.0,101.542,SOFT,19.0,3.0,,,16.0,12,12.4,0.372,True,-0.5358,62.0,1.0,0,0,0
Singapore,2023,ALO,Aston Martin,62.0,104.29,SOFT,20.0,3.0,,,15.0,2,10.8,0.324,True,-0.5358,62.0,0.0,0,0,0
Singapore,2023,LEC,Ferrari,1.0,104.544,SOFT,4.0,1.0,,,2.0,12,108.4,3.252,False,-0.0454,62.0,61.0,0,0,0
Singapore,2023,LEC,Ferrari,2.0,101.338,SOFT,5.0,1.0,,,2.0,12,106.8,3.204,True,-0.0454,62.0,60.0,0,0,0
Singapore,2023,LEC,Ferrari,3.0,100.752,SOFT,6.0,1.0,,,2.0,1,105.2,3.156,True,-0.0454,62.0,59.0,0,0,0
Singapore,2023,LEC,Ferrari,4.0,100.661,SOFT,7.0,1.0,,,2.0,1,103.6,3.108,True,-0.0454,62.0,58.0,0,0,0
Singapore,2023,LEC,Ferrari,5.0,100.328,SOFT,8.0,1.0,,,2.0,1,102.0,3.06,True,-0.0454,62.0,57.0,0,0,0
Singapore,2023,LEC,Ferrari,6.0,100.165,SOFT,9.0,1.0,,,2.0,1,100.4,3.012,True,-0.0454,62.0,56.0,0,0,0
Singapore,2023,LEC,Ferrari,7.0,100.279,SOFT,10.0,1.0,,,2.0,1,98.8,2.964,True,-0.0454,62.0,55.0,0,0,0
Singapore,2023,LEC,Ferrari,8.0,100.396,SOFT,11.0,1.0,,,2.0,1,97.2,2.916,True,-0.0454,62.0,54.0,0,0,0
Singapore,2023,LEC,Ferrari,9.0,99.646,SOFT,12.0,1.0,,,2.0,1,95.6,2.868,True,-0.0454,62.0,53.0,0,0,0
Singapore,2023,LEC,Ferrari,10.0,100.79,SOFT,13.0,1.0,,,2.0,1,94.0,2.82,True,-0.0454,62.0,52.0,0,0,0
Singapore,2023,LEC,Ferrari,11.0,100.403,SOFT,14.0,1.0,,,2.0,1,92.4,2.772,True,-0.0454,62.0,51.0,0,0,0
Singapore,2023,LEC,Ferrari,12.0,100.392,SOFT,15.0,1.0,,,2.0,1,90.8,2.724,True,-0.0454,62.0,50.0,0,0,0
Singapore,2023,LEC,Ferrari,13.0,100.154,SOFT,16.0,1.0,,,2.0,1,89.2,2.676,True,-0.0454,62.0,49.0,0,0,0
Singapore,2023,LEC,Ferrari,14.0,101.622,SOFT,17.0,1.0,,,2.0,1,87.6,2.628,True,-0.0454,62.0,48.0,0,0,0
Singapore,2023,LEC,Ferrari,15.0,99.613,SOFT,18.0,1.0,,,2.0,1,86.0,2.58,True,-0.0454,62.0,47.0,0,0,0
Singapore,2023,LEC,Ferrari,16.0,99.625,SOFT,19.0,1.0,,,2.0,1,84.4,2.532,True,-0.0454,62.0,46.0,0,0,0
Singapore,2023,LEC,Ferrari,17.0,99.8,SOFT,20.0,1.0,,,2.0,1,82.8,2.484,True,-0.0454,62.0,45.0,0,0,0
Singapore,2023,LEC,Ferrari,18.0,99.613,SOFT,21.0,1.0,,,2.0,1,81.2,2.436,True,-0.0454,62.0,44.0,0,0,0
Singapore,2023,LEC,Ferrari,19.0,100.236,SOFT,22.0,1.0,,,2.0,12,79.6,2.388,True,-0.0454,62.0,43.0,0,0,0
Singapore,2023,LEC,Ferrari,20.0,121.624,SOFT,23.0,1.0,5788.562,,2.0,14,78.0,2.34,False,-0.0454,62.0,42.0,0,0,1
Singapore,2023,LEC,Ferrari,21.0,,HARD,1.0,2.0,,5821.453,6.0,4,76.4,2.292,False,0.0676,62.0,41.0,1,0,0
Singapore,2023,LEC,Ferrari,22.0,147.929,HARD,2.0,2.0,,,6.0,41,74.8,2.244,False,0.0676,62.0,40.0,0,0,0
Singapore,2023,LEC,Ferrari,23.0,103.955,HARD,3.0,2.0,,,7.0,1,73.2,2.196,True,0.0676,62.0,39.0,0,0,0
Singapore,2023,LEC,Ferrari,24.0,102.668,HARD,4.0,2.0,,,7.0,1,71.6,2.148,True,0.0676,62.0,38.0,0,0,0
Singapore,2023,LEC,Ferrari,25.0,99.748,HARD,5.0,2.0,,,6.0,1,70.0,2.1,True,0.0676,62.0,37.0,0,0,0
Singapore,2023,LEC,Ferrari,26.0,99.892,HARD,6.0,2.0,,,6.0,1,68.4,2.052,True,0.0676,62.0,36.0,0,0,0
Singapore,2023,LEC,Ferrari,27.0,99.899,HARD,7.0,2.0,,,6.0,1,66.8,2.004,True,0.0676,62.0,35.0,0,0,0
Singapore,2023,LEC,Ferrari,28.0,99.562,HARD,8.0,2.0,,,5.0,1,65.2,1.956,True,0.0676,62.0,34.0,0,0,0
Singapore,2023,LEC,Ferrari,29.0,99.683,HARD,9.0,2.0,,,5.0,1,63.6,1.908,True,0.0676,62.0,33.0,0,0,0
Singapore,2023,LEC,Ferrari,30.0,99.208,HARD,10.0,2.0,,,5.0,1,62.0,1.86,True,0.0676,62.0,32.0,0,0,0
Singapore,2023,LEC,Ferrari,31.0,99.433,HARD,11.0,2.0,,,5.0,1,60.4,1.812,True,0.0676,62.0,31.0,0,0,0
Singapore,2023,LEC,Ferrari,32.0,99.391,HARD,12.0,2.0,,,5.0,1,58.8,1.764,True,0.0676,62.0,30.0,0,0,0
Singapore,2023,LEC,Ferrari,33.0,99.485,HARD,13.0,2.0,,,5.0,1,57.2,1.716,True,0.0676,62.0,29.0,0,0,0
Singapore,2023,LEC,Ferrari,34.0,99.518,HARD,14.0,2.0,,,5.0,1,55.6,1.668,True,0.0676,62.0,28.0,0,0,0
Singapore,2023,LEC,Ferrari,35.0,99.747,HARD,15.0,2.0,,,5.0,1,54.0,1.62,True,0.0676,62.0,27.0,0,0,0
Singapore,2023,LEC,Ferrari,36.0,99.443,HARD,16.0,2.0,,,5.0,1,52.4,1.572,True,0.0676,62.0,26.0,0,0,0
Singapore,2023,LEC,Ferrari,37.0,99.639,HARD,17.0,2.0,,,5.0,1,50.8,1.524,True,0.0676,62.0,25.0,0,0,0
Singapore,2023,LEC,Ferrari,38.0,99.946,HARD,18.0,2.0,,,5.0,1,49.2,1.476,True,0.0676,62.0,24.0,0,0,0
Singapore,2023,LEC,Ferrari,39.0,99.448,HARD,19.0,2.0,,,5.0,1,47.6,1.428,True,0.0676,62.0,23.0,0,0,0
Singapore,2023,LEC,Ferrari,40.0,99.557,HARD,20.0,2.0,,,5.0,1,46.0,1.38,True,0.0676,62.0,22.0,0,0,0
Singapore,2023,LEC,Ferrari,41.0,99.368,HARD,21.0,2.0,,,5.0,1,44.4,1.332,True,0.0676,62.0,21.0,0,0,0
Singapore,2023,LEC,Ferrari,42.0,99.888,HARD,22.0,2.0,,,5.0,1,42.8,1.284,True,0.0676,62.0,20.0,0,0,0
Singapore,2023,LEC,Ferrari,43.0,99.996,HARD,23.0,2.0,,,5.0,126,41.2,1.236,False,0.0676,62.0,19.0,0,0,0
Singapore,2023,LEC,Ferrari,44.0,138.447,HARD,24.0,2.0,,,3.0,6,39.6,1.188,False,0.0676,62.0,18.0,1,0,0
Singapore,2023,LEC,Ferrari,45.0,120.846,HARD,25.0,2.0,,,3.0,671,38.0,1.14,False,0.0676,62.0,17.0,0,0,0
Singapore,2023,LEC,Ferrari,46.0,98.275,HARD,26.0,2.0,,,3.0,1,36.4,1.092,True,0.0676,62.0,16.0,0,0,0
Singapore,2023,LEC,Ferrari,47.0,98.403,HARD,27.0,2.0,,,3.0,12,34.8,1.044,True,0.0676,62.0,15.0,0,0,0
Singapore,2023,LEC,Ferrari,48.0,98.496,HARD,28.0,2.0,,,3.0,1,33.2,0.996,True,0.0676,62.0,14.0,0,0,0
Singapore,2023,LEC,Ferrari,49.0,98.453,HARD,29.0,2.0,,,3.0,1,31.6,0.948,True,0.0676,62.0,13.0,0,0,0
Singapore,2023,LEC,Ferrari,50.0,98.439,HARD,30.0,2.0,,,3.0,1,30.0,0.9,True,0.0676,62.0,12.0,0,0,0
Singapore,2023,LEC,Ferrari,51.0,98.803,HARD,31.0,2.0,,,3.0,1,28.4,0.852,True,0.0676,62.0,11.0,0,0,0
Singapore,2023,LEC,Ferrari,52.0,98.848,HARD,32.0,2.0,,,3.0,1,26.8,0.804,True,0.0676,62.0,10.0,0,0,0
Singapore,2023,LEC,Ferrari,53.0,100.213,HARD,33.0,2.0,,,4.0,12,25.2,0.756,True,0.0676,62.0,9.0,0,0,0
Singapore,2023,LEC,Ferrari,54.0,101.831,HARD,34.0,2.0,,,5.0,1,23.6,0.708,True,0.0676,62.0,8.0,0,0,0
Singapore,2023,LEC,Ferrari,55.0,100.617,HARD,35.0,2.0,,,5.0,1,22.0,0.66,True,0.0676,62.0,7.0,0,0,0
Singapore,2023,LEC,Ferrari,56.0,100.298,HARD,36.0,2.0,,,5.0,1,20.4,0.612,True,0.0676,62.0,6.0,0,0,0
Singapore,2023,LEC,Ferrari,57.0,100.043,HARD,37.0,2.0,,,5.0,1,18.8,0.564,True,0.0676,62.0,5.0,0,0,0
Singapore,2023,LEC,Ferrari,58.0,100.222,HARD,38.0,2.0,,,5.0,1,17.2,0.516,True,0.0676,62.0,4.0,0,0,0
Singapore,2023,LEC,Ferrari,59.0,100.545,HARD,39.0,2.0,,,5.0,12,15.6,0.468,True,0.0676,62.0,3.0,0,0,0
Singapore,2023,LEC,Ferrari,60.0,100.105,HARD,40.0,2.0,,,5.0,1,14.0,0.42,True,0.0676,62.0,2.0,0,0,0
Singapore,2023,LEC,Ferrari,61.0,100.615,HARD,41.0,2.0,,,5.0,1,12.4,0.372,True,0.0676,62.0,1.0,0,0,0
Singapore,2023,LEC,Ferrari,62.0,100.946,HARD,42.0,2.0,,,4.0,12,10.8,0.324,True,0.0676,62.0,0.0,0,0,0
Singapore,2023,SAR,Williams,1.0,114.06,MEDIUM,1.0,1.0,,,16.0,12,108.4,3.252,False,-0.3322,62.0,61.0,0,0,0
Singapore,2023,SAR,Williams,2.0,101.983,MEDIUM,2.0,1.0,,,16.0,21,106.8,3.204,True,-0.3322,62.0,60.0,0,0,0
Singapore,2023,SAR,Williams,3.0,101.7,MEDIUM,3.0,1.0,,,16.0,1,105.2,3.156,True,-0.3322,62.0,59.0,0,0,0
Singapore,2023,SAR,Williams,4.0,101.875,MEDIUM,4.0,1.0,,,16.0,1,103.6,3.108,True,-0.3322,62.0,58.0,0,0,0
Singapore,2023,SAR,Williams,5.0,101.264,MEDIUM,5.0,1.0,,,16.0,1,102.0,3.06,True,-0.3322,62.0,57.0,0,0,0
Singapore,2023,SAR,Williams,6.0,101.636,MEDIUM,6.0,1.0,,,16.0,1,100.4,3.012,True,-0.3322,62.0,56.0,0,0,0
Singapore,2023,SAR,Williams,7.0,102.886,MEDIUM,7.0,1.0,,,16.0,1,98.8,2.964,True,-0.3322,62.0,55.0,0,0,0
Singapore,2023,SAR,Williams,8.0,101.683,MEDIUM,8.0,1.0,,,16.0,1,97.2,2.916,True,-0.3322,62.0,54.0,0,0,0
Singapore,2023,SAR,Williams,9.0,101.228,MEDIUM,9.0,1.0,,,16.0,1,95.6,2.868,True,-0.3322,62.0,53.0,0,0,0
Singapore,2023,SAR,Williams,10.0,100.739,MEDIUM,10.0,1.0,,,16.0,1,94.0,2.82,True,-0.3322,62.0,52.0,0,0,0
Singapore,2023,SAR,Williams,11.0,100.711,MEDIUM,11.0,1.0,,,16.0,1,92.4,2.772,True,-0.3322,62.0,51.0,0,0,0
Singapore,2023,SAR,Williams,12.0,100.554,MEDIUM,12.0,1.0,,,16.0,1,90.8,2.724,True,-0.3322,62.0,50.0,0,0,0
Singapore,2023,SAR,Williams,13.0,100.797,MEDIUM,13.0,1.0,,,16.0,1,89.2,2.676,True,-0.3322,62.0,49.0,0,0,0
Singapore,2023,SAR,Williams,14.0,100.983,MEDIUM,14.0,1.0,,,16.0,1,87.6,2.628,True,-0.3322,62.0,48.0,0,0,0
Singapore,2023,SAR,Williams,15.0,100.838,MEDIUM,15.0,1.0,,,16.0,1,86.0,2.58,True,-0.3322,62.0,47.0,0,0,0
Singapore,2023,SAR,Williams,16.0,100.965,MEDIUM,16.0,1.0,,,16.0,1,84.4,2.532,True,-0.3322,62.0,46.0,0,0,0
Singapore,2023,SAR,Williams,17.0,101.113,MEDIUM,17.0,1.0,,,16.0,1,82.8,2.484,True,-0.3322,62.0,45.0,0,0,0
Singapore,2023,SAR,Williams,18.0,101.57,MEDIUM,18.0,1.0,,,16.0,1,81.2,2.436,True,-0.3322,62.0,44.0,0,0,0
Singapore,2023,SAR,Williams,19.0,149.645,MEDIUM,19.0,1.0,5742.907,,18.0,124,79.6,2.388,False,-0.3322,62.0,43.0,0,0,1
Singapore,2023,SAR,Williams,20.0,,HARD,1.0,2.0,,5806.422,18.0,4,78.0,2.34,False,-0.2918,62.0,42.0,1,0,0
Singapore,2023,SAR,Williams,21.0,135.091,HARD,2.0,2.0,,,18.0,4,76.4,2.292,False,-0.2918,62.0,41.0,1,0,0
Singapore,2023,SAR,Williams,22.0,100.354,HARD,3.0,2.0,,,18.0,41,74.8,2.244,False,-0.2918,62.0,40.0,0,0,0
Singapore,2023,SAR,Williams,23.0,99.856,HARD,4.0,2.0,,,18.0,1,73.2,2.196,True,-0.2918,62.0,39.0,0,0,0
Singapore,2023,SAR,Williams,24.0,100.39,HARD,5.0,2.0,,,18.0,1,71.6,2.148,True,-0.2918,62.0,38.0,0,0,0
Singapore,2023,SAR,Williams,25.0,100.3,HARD,6.0,2.0,,,18.0,1,70.0,2.1,True,-0.2918,62.0,37.0,0,0,0
Singapore,2023,SAR,Williams,26.0,100.338,HARD,7.0,2.0,,,18.0,1,68.4,2.052,True,-0.2918,62.0,36.0,0,0,0
Singapore,2023,SAR,Williams,27.0,99.889,HARD,8.0,2.0,,,18.0,1,66.8,2.004,True,-0.2918,62.0,35.0,0,0,0
Singapore,2023,SAR,Williams,28.0,99.972,HARD,9.0,2.0,,,18.0,1,65.2,1.956,True,-0.2918,62.0,34.0,0,0,0
Singapore,2023,SAR,Williams,29.0,99.748,HARD,10.0,2.0,,,18.0,1,63.6,1.908,True,-0.2918,62.0,33.0,0,0,0
Singapore,2023,SAR,Williams,30.0,99.904,HARD,11.0,2.0,,,18.0,1,62.0,1.86,True,-0.2918,62.0,32.0,0,0,0
Singapore,2023,SAR,Williams,31.0,99.69,HARD,12.0,2.0,,,18.0,1,60.4,1.812,True,-0.2918,62.0,31.0,0,0,0
Singapore,2023,SAR,Williams,32.0,99.807,HARD,13.0,2.0,,,18.0,1,58.8,1.764,True,-0.2918,62.0,30.0,0,0,0
Singapore,2023,SAR,Williams,33.0,99.763,HARD,14.0,2.0,,,18.0,1,57.2,1.716,True,-0.2918,62.0,29.0,0,0,0
Singapore,2023,SAR,Williams,34.0,99.799,HARD,15.0,2.0,,,18.0,1,55.6,1.668,True,-0.2918,62.0,28.0,0,0,0
Singapore,2023,SAR,Williams,35.0,99.764,HARD,16.0,2.0,,,18.0,1,54.0,1.62,True,-0.2918,62.0,27.0,0,0,0
Singapore,2023,SAR,Williams,36.0,99.878,HARD,17.0,2.0,,,18.0,1,52.4,1.572,True,-0.2918,62.0,26.0,0,0,0
Singapore,2023,SAR,Williams,37.0,99.752,HARD,18.0,2.0,,,18.0,1,50.8,1.524,True,-0.2918,62.0,25.0,0,0,0
Singapore,2023,SAR,Williams,38.0,99.877,HARD,19.0,2.0,,,18.0,1,49.2,1.476,True,-0.2918,62.0,24.0,0,0,0
Singapore,2023,SAR,Williams,39.0,100.134,HARD,20.0,2.0,,,18.0,1,47.6,1.428,True,-0.2918,62.0,23.0,0,0,0
Singapore,2023,SAR,Williams,40.0,100.28,HARD,21.0,2.0,,,17.0,1,46.0,1.38,True,-0.2918,62.0,22.0,0,0,0
Singapore,2023,SAR,Williams,41.0,100.297,HARD,22.0,2.0,,,16.0,1,44.4,1.332,True,-0.2918,62.0,21.0,0,0,0
Singapore,2023,SAR,Williams,42.0,100.602,HARD,23.0,2.0,,,16.0,12,42.8,1.284,True,-0.2918,62.0,20.0,0,0,0
Singapore,2023,SAR,Williams,43.0,128.408,HARD,24.0,2.0,8297.659,,16.0,26,41.2,1.236,False,-0.2918,62.0,19.0,0,0,1
Singapore,2023,SAR,Williams,44.0,,MEDIUM,1.0,3.0,,8328.674,17.0,671,39.6,1.188,False,0.0003,62.0,18.0,0,0,0
Singapore,2023,SAR,Williams,45.0,98.531,MEDIUM,2.0,3.0,,,17.0,1,38.0,1.14,True,0.0003,62.0,17.0,0,0,0
Singapore,2023,SAR,Williams,46.0,98.784,MEDIUM,3.0,3.0,,,16.0,12,36.4,1.092,True,0.0003,62.0,16.0,0,0,0
Singapore,2023,SAR,Williams,47.0,98.589,MEDIUM,4.0,3.0,,,16.0,1,34.8,1.044,True,0.0003,62.0,15.0,0,0,0
Singapore,2023,SAR,Williams,48.0,98.711,MEDIUM,5.0,3.0,,,16.0,1,33.2,0.996,True,0.0003,62.0,14.0,0,0,0
Singapore,2023,SAR,Williams,49.0,98.69,MEDIUM,6.0,3.0,,,16.0,1,31.6,0.948,True,0.0003,62.0,13.0,0,0,0
Singapore,2023,SAR,Williams,50.0,98.657,MEDIUM,7.0,3.0,,,16.0,1,30.0,0.9,True,0.0003,62.0,12.0,0,0,0
Singapore,2023,SAR,Williams,51.0,98.62,MEDIUM,8.0,3.0,,,16.0,1,28.4,0.852,True,0.0003,62.0,11.0,0,0,0
Singapore,2023,SAR,Williams,52.0,98.812,MEDIUM,9.0,3.0,,,15.0,12,26.8,0.804,True,0.0003,62.0,10.0,0,0,0
Singapore,2023,SAR,Williams,53.0,98.983,MEDIUM,10.0,3.0,,,15.0,1,25.2,0.756,True,0.0003,62.0,9.0,0,0,0
Singapore,2023,SAR,Williams,54.0,98.933,MEDIUM,11.0,3.0,,,15.0,1,23.6,0.708,True,0.0003,62.0,8.0,0,0,0
Singapore,2023,SAR,Williams,55.0,98.858,MEDIUM,12.0,3.0,,,15.0,1,22.0,0.66,True,0.0003,62.0,7.0,0,0,0
Singapore,2023,SAR,Williams,56.0,98.881,MEDIUM,13.0,3.0,,,15.0,1,20.4,0.612,True,0.0003,62.0,6.0,0,0,0
Singapore,2023,SAR,Williams,57.0,99.171,MEDIUM,14.0,3.0,,,15.0,1,18.8,0.564,True,0.0003,62.0,5.0,0,0,0
Singapore,2023,SAR,Williams,58.0,100.767,MEDIUM,15.0,3.0,,,15.0,12,17.2,0.516,True,0.0003,62.0,4.0,0,0,0
Singapore,2023,SAR,Williams,59.0,99.374,MEDIUM,16.0,3.0,,,15.0,1,15.6,0.468,True,0.0003,62.0,3.0,0,0,0
Singapore,2023,SAR,Williams,60.0,99.786,MEDIUM,17.0,3.0,,,15.0,1,14.0,0.42,True,0.0003,62.0,2.0,0,0,0
Singapore,2023,SAR,Williams,61.0,101.938,MEDIUM,18.0,3.0,,,15.0,12,12.4,0.372,True,0.0003,62.0,1.0,0,0,0
Singapore,2023,SAR,Williams,62.0,103.955,MEDIUM,19.0,3.0,,,14.0,2,10.8,0.324,True,0.0003,62.0,0.0,0,0,0
Singapore,2023,MAG,Haas F1 Team,1.0,108.345,MEDIUM,1.0,1.0,,,8.0,12,108.4,3.252,False,-0.3437,62.0,61.0,0,0,0
Singapore,2023,MAG,Haas F1 Team,2.0,102.668,MEDIUM,2.0,1.0,,,8.0,12,106.8,3.204,True,-0.3437,62.0,60.0,0,0,0
Singapore,2023,MAG,Haas F1 Team,3.0,101.539,MEDIUM,3.0,1.0,,,8.0,1,105.2,3.156,True,-0.3437,62.0,59.0,0,0,0
Singapore,2023,MAG,Haas F1 Team,4.0,101.004,MEDIUM,4.0,1.0,,,8.0,1,103.6,3.108,True,-0.3437,62.0,58.0,0,0,0
Singapore,2023,MAG,Haas F1 Team,5.0,101.469,MEDIUM,5.0,1.0,,,8.0,1,102.0,3.06,True,-0.3437,62.0,57.0,0,0,0
Singapore,2023,MAG,Haas F1 Team,6.0,102.626,MEDIUM,6.0,1.0,,,9.0,1,100.4,3.012,True,-0.3437,62.0,56.0,0,0,0
Singapore,2023,MAG,Haas F1 Team,7.0,100.834,MEDIUM,7.0,1.0,,,9.0,1,98.8,2.964,True,-0.3437,62.0,55.0,0,0,0
Singapore,2023,MAG,Haas F1 Team,8.0,100.63,MEDIUM,8.0,1.0,,,9.0,1,97.2,2.916,True,-0.3437,62.0,54.0,0,0,0
Singapore,2023,MAG,Haas F1 Team,9.0,100.995,MEDIUM,9.0,1.0,,,9.0,1,95.6,2.868,True,-0.3437,62.0,53.0,0,0,0
Singapore,2023,MAG,Haas F1 Team,10.0,100.504,MEDIUM,10.0,1.0,,,9.0,1,94.0,2.82,True,-0.3437,62.0,52.0,0,0,0
Singapore,2023,MAG,Haas F1 Team,11.0,100.415,MEDIUM,11.0,1.0,,,9.0,1,92.4,2.772,True,-0.3437,62.0,51.0,0,0,0
Singapore,2023,MAG,Haas F1 Team,12.0,100.705,MEDIUM,12.0,1.0,,,9.0,1,90.8,2.724,True,-0.3437,62.0,50.0,0,0,0
Singapore,2023,MAG,Haas F1 Team,13.0,100.828,MEDIUM,13.0,1.0,,,9.0,1,89.2,2.676,True,-0.3437,62.0,49.0,0,0,0
Singapore,2023,MAG,Haas F1 Team,14.0,100.515,MEDIUM,14.0,1.0,,,9.0,1,87.6,2.628,True,-0.3437,62.0,48.0,0,0,0
Singapore,2023,MAG,Haas F1 Team,15.0,100.598,MEDIUM,15.0,1.0,,,9.0,1,86.0,2.58,True,-0.3437,62.0,47.0,0,0,0
Singapore,2023,MAG,Haas F1 Team,16.0,100.671,MEDIUM,16.0,1.0,,,9.0,1,84.4,2.532,True,-0.3437,62.0,46.0,0,0,0
Singapore,2023,MAG,Haas F1 Team,17.0,100.859,MEDIUM,17.0,1.0,,,9.0,1,82.8,2.484,True,-0.3437,62.0,45.0,0,0,0
Singapore,2023,MAG,Haas F1 Team,18.0,100.993,MEDIUM,18.0,1.0,,,9.0,1,81.2,2.436,True,-0.3437,62.0,44.0,0,0,0
Singapore,2023,MAG,Haas F1 Team,19.0,101.007,MEDIUM,19.0,1.0,,,9.0,12,79.6,2.388,True,-0.3437,62.0,43.0,0,0,0
Singapore,2023,MAG,Haas F1 Team,20.0,126.536,MEDIUM,20.0,1.0,5810.437,,10.0,14,78.0,2.34,False,-0.3437,62.0,42.0,0,0,1
Singapore,2023,MAG,Haas F1 Team,21.0,,HARD,1.0,2.0,,5841.874,11.0,4,76.4,2.292,False,0.1054,62.0,41.0,1,0,0
Singapore,2023,MAG,Haas F1 Team,22.0,141.983,HARD,2.0,2.0,,,11.0,41,74.8,2.244,False,0.1054,62.0,40.0,0,0,0
Singapore,2023,MAG,Haas F1 Team,23.0,103.438,HARD,3.0,2.0,,,10.0,1,73.2,2.196,True,0.1054,62.0,39.0,0,0,0
Singapore,2023,MAG,Haas F1 Team,24.0,102.343,HARD,4.0,2.0,,,10.0,1,71.6,2.148,True,0.1054,62.0,38.0,0,0,0
Singapore,2023,MAG,Haas F1 Team,25.0,101.109,HARD,5.0,2.0,,,10.0,1,70.0,2.1,True,0.1054,62.0,37.0,0,0,0
Singapore,2023,MAG,Haas F1 Team,26.0,100.851,HARD,6.0,2.0,,,10.0,1,68.4,2.052,True,0.1054,62.0,36.0,0,0,0
Singapore,2023,MAG,Haas F1 Team,27.0,100.481,HARD,7.0,2.0,,,10.0,1,66.8,2.004,True,0.1054,62.0,35.0,0,0,0
Singapore,2023,MAG,Haas F1 Team,28.0,101.579,HARD,8.0,2.0,,,10.0,1,65.2,1.956,True,0.1054,62.0,34.0,0,0,0
Singapore,2023,MAG,Haas F1 Team,29.0,101.565,HARD,9.0,2.0,,,10.0,1,63.6,1.908,True,0.1054,62.0,33.0,0,0,0
Singapore,2023,MAG,Haas F1 Team,30.0,100.224,HARD,10.0,2.0,,,10.0,1,62.0,1.86,True,0.1054,62.0,32.0,0,0,0
Singapore,2023,MAG,Haas F1 Team,31.0,100.03,HARD,11.0,2.0,,,10.0,1,60.4,1.812,True,0.1054,62.0,31.0,0,0,0
Singapore,2023,MAG,Haas F1 Team,32.0,100.464,HARD,12.0,2.0,,,10.0,1,58.8,1.764,True,0.1054,62.0,30.0,0,0,0
Singapore,2023,MAG,Haas F1 Team,33.0,100.096,HARD,13.0,2.0,,,10.0,1,57.2,1.716,True,0.1054,62.0,29.0,0,0,0
Singapore,2023,MAG,Haas F1 Team,34.0,101.291,HARD,14.0,2.0,,,10.0,1,55.6,1.668,True,0.1054,62.0,28.0,0,0,0
Singapore,2023,MAG,Haas F1 Team,35.0,102.612,HARD,15.0,2.0,,,10.0,1,54.0,1.62,True,0.1054,62.0,27.0,0,0,0
Singapore,2023,MAG,Haas F1 Team,36.0,108.13,HARD,16.0,2.0,,,16.0,1,52.4,1.572,True,0.1054,62.0,26.0,0,0,0
Singapore,2023,MAG,Haas F1 Team,37.0,102.352,HARD,17.0,2.0,,,16.0,1,50.8,1.524,True,0.1054,62.0,25.0,0,0,0
Singapore,2023,MAG,Haas F1 Team,38.0,101.591,HARD,18.0,2.0,,,16.0,1,49.2,1.476,True,0.1054,62.0,24.0,0,0,0
Singapore,2023,MAG,Haas F1 Team,39.0,101.934,HARD,19.0,2.0,,,16.0,1,47.6,1.428,True,0.1054,62.0,23.0,0,0,0
Singapore,2023,MAG,Haas F1 Team,40.0,101.757,HARD,20.0,2.0,,,15.0,1,46.0,1.38,True,0.1054,62.0,22.0,0,0,0
Singapore,2023,MAG,Haas F1 Team,41.0,101.307,HARD,21.0,2.0,,,14.0,1,44.4,1.332,True,0.1054,62.0,21.0,0,0,0
Singapore,2023,MAG,Haas F1 Team,42.0,100.956,HARD,22.0,2.0,,,14.0,1,42.8,1.284,True,0.1054,62.0,20.0,0,0,0
Singapore,2023,MAG,Haas F1 Team,43.0,126.002,HARD,23.0,2.0,8284.143,,14.0,126,41.2,1.236,False,0.1054,62.0,19.0,0,0,1
Singapore,2023,MAG,Haas F1 Team,44.0,,SOFT,4.0,3.0,,8317.096,15.0,671,39.6,1.188,False,-0.0597,62.0,18.0,0,0,0
Singapore,2023,MAG,Haas F1 Team,45.0,99.787,SOFT,5.0,3.0,,,14.0,1,38.0,1.14,True,-0.0597,62.0,17.0,0,0,0
Singapore,2023,MAG,Haas F1 Team,46.0,100.988,SOFT,6.0,3.0,,,14.0,12,36.4,1.092,True,-0.0597,62.0,16.0,0,0,0
Singapore,2023,MAG,Haas F1 Team,47.0,99.742,SOFT,7.0,3.0,,,14.0,1,34.8,1.044,True,-0.0597,62.0,15.0,0,0,0
Singapore,2023,MAG,Haas F1 Team,48.0,98.107,SOFT,8.0,3.0,,,14.0,1,33.2,0.996,True,-0.0597,62.0,14.0,0,0,0
Singapore,2023,MAG,Haas F1 Team,49.0,98.367,SOFT,9.0,3.0,,,14.0,1,31.6,0.948,True,-0.0597,62.0,13.0,0,0,0
Singapore,2023,MAG,Haas F1 Team,50.0,98.28,SOFT,10.0,3.0,,,14.0,1,30.0,0.9,True,-0.0597,62.0,12.0,0,0,0
Singapore,2023,MAG,Haas F1 Team,51.0,98.215,SOFT,11.0,3.0,,,14.0,1,28.4,0.852,True,-0.0597,62.0,11.0,0,0,0
Singapore,2023,MAG,Haas F1 Team,52.0,98.407,SOFT,12.0,3.0,,,14.0,12,26.8,0.804,True,-0.0597,62.0,10.0,0,0,0
Singapore,2023,MAG,Haas F1 Team,53.0,98.693,SOFT,13.0,3.0,,,14.0,1,25.2,0.756,True,-0.0597,62.0,9.0,0,0,0
Singapore,2023,MAG,Haas F1 Team,54.0,98.495,SOFT,14.0,3.0,,,14.0,1,23.6,0.708,True,-0.0597,62.0,8.0,0,0,0
Singapore,2023,MAG,Haas F1 Team,55.0,98.29,SOFT,15.0,3.0,,,14.0,1,22.0,0.66,True,-0.0597,62.0,7.0,0,0,0
Singapore,2023,MAG,Haas F1 Team,56.0,98.567,SOFT,16.0,3.0,,,14.0,1,20.4,0.612,True,-0.0597,62.0,6.0,0,0,0
Singapore,2023,MAG,Haas F1 Team,57.0,98.954,SOFT,17.0,3.0,,,14.0,1,18.8,0.564,True,-0.0597,62.0,5.0,0,0,0
Singapore,2023,MAG,Haas F1 Team,58.0,102.141,SOFT,18.0,3.0,,,13.0,12,17.2,0.516,True,-0.0597,62.0,4.0,0,0,0
Singapore,2023,MAG,Haas F1 Team,59.0,100.398,SOFT,19.0,3.0,,,12.0,1,15.6,0.468,True,-0.0597,62.0,3.0,0,0,0
Singapore,2023,MAG,Haas F1 Team,60.0,99.695,SOFT,20.0,3.0,,,11.0,1,14.0,0.42,True,-0.0597,62.0,2.0,0,0,0
Singapore,2023,MAG,Haas F1 Team,61.0,98.445,SOFT,21.0,3.0,,,11.0,12,12.4,0.372,True,-0.0597,62.0,1.0,0,0,0
Singapore,2023,MAG,Haas F1 Team,62.0,99.418,SOFT,22.0,3.0,,,10.0,2,10.8,0.324,True,-0.0597,62.0,0.0,0,0,0
Singapore,2023,TSU,AlphaTauri,1.0,,SOFT,1.0,1.0,,,,12,108.4,3.252,False,-0.822,1.0,0.0,0,0,0
Singapore,2023,ALB,Williams,1.0,113.077,MEDIUM,1.0,1.0,,,15.0,12,108.4,3.252,False,-0.3007,62.0,61.0,0,0,0
Singapore,2023,ALB,Williams,2.0,101.902,MEDIUM,2.0,1.0,,,15.0,12,106.8,3.204,True,-0.3007,62.0,60.0,0,0,0
Singapore,2023,ALB,Williams,3.0,101.783,MEDIUM,3.0,1.0,,,15.0,1,105.2,3.156,True,-0.3007,62.0,59.0,0,0,0
Singapore,2023,ALB,Williams,4.0,101.473,MEDIUM,4.0,1.0,,,15.0,1,103.6,3.108,True,-0.3007,62.0,58.0,0,0,0
Singapore,2023,ALB,Williams,5.0,101.361,MEDIUM,5.0,1.0,,,15.0,1,102.0,3.06,True,-0.3007,62.0,57.0,0,0,0
Singapore,2023,ALB,Williams,6.0,102.001,MEDIUM,6.0,1.0,,,15.0,1,100.4,3.012,True,-0.3007,62.0,56.0,0,0,0
Singapore,2023,ALB,Williams,7.0,103.107,MEDIUM,7.0,1.0,,,15.0,1,98.8,2.964,True,-0.3007,62.0,55.0,0,0,0
Singapore,2023,ALB,Williams,8.0,101.318,MEDIUM,8.0,1.0,,,15.0,1,97.2,2.916,True,-0.3007,62.0,54.0,0,0,0
Singapore,2023,ALB,Williams,9.0,100.869,MEDIUM,9.0,1.0,,,15.0,1,95.6,2.868,True,-0.3007,62.0,53.0,0,0,0
Singapore,2023,ALB,Williams,10.0,100.625,MEDIUM,10.0,1.0,,,15.0,1,94.0,2.82,True,-0.3007,62.0,52.0,0,0,0
Singapore,2023,ALB,Williams,11.0,100.363,MEDIUM,11.0,1.0,,,15.0,1,92.4,2.772,True,-0.3007,62.0,51.0,0,0,0
Singapore,2023,ALB,Williams,12.0,100.458,MEDIUM,12.0,1.0,,,15.0,1,90.8,2.724,True,-0.3007,62.0,50.0,0,0,0
Singapore,2023,ALB,Williams,13.0,100.755,MEDIUM,13.0,1.0,,,15.0,1,89.2,2.676,True,-0.3007,62.0,49.0,0,0,0
Singapore,2023,ALB,Williams,14.0,100.775,MEDIUM,14.0,1.0,,,15.0,1,87.6,2.628,True,-0.3007,62.0,48.0,0,0,0
Singapore,2023,ALB,Williams,15.0,100.638,MEDIUM,15.0,1.0,,,15.0,1,86.0,2.58,True,-0.3007,62.0,47.0,0,0,0
Singapore,2023,ALB,Williams,16.0,100.815,MEDIUM,16.0,1.0,,,15.0,1,84.4,2.532,True,-0.3007,62.0,46.0,0,0,0
Singapore,2023,ALB,Williams,17.0,100.689,MEDIUM,17.0,1.0,,,15.0,1,82.8,2.484,True,-0.3007,62.0,45.0,0,0,0
Singapore,2023,ALB,Williams,18.0,100.949,MEDIUM,18.0,1.0,,,15.0,1,81.2,2.436,True,-0.3007,62.0,44.0,0,0,0
Singapore,2023,ALB,Williams,19.0,101.174,MEDIUM,19.0,1.0,,,15.0,12,79.6,2.388,True,-0.3007,62.0,43.0,0,0,0
Singapore,2023,ALB,Williams,20.0,128.599,MEDIUM,20.0,1.0,5819.39,,15.0,14,78.0,2.34,False,-0.3007,62.0,42.0,0,0,1
Singapore,2023,ALB,Williams,21.0,,HARD,1.0,2.0,,5849.515,16.0,4,76.4,2.292,False,-0.3603,62.0,41.0,1,0,0
Singapore,2023,ALB,Williams,22.0,135.182,HARD,2.0,2.0,,,16.0,41,74.8,2.244,False,-0.3603,62.0,40.0,0,0,0
Singapore,2023,ALB,Williams,23.0,103.117,HARD,3.0,2.0,,,16.0,1,73.2,2.196,True,-0.3603,62.0,39.0,0,0,0
Singapore,2023,ALB,Williams,24.0,103.087,HARD,4.0,2.0,,,15.0,1,71.6,2.148,True,-0.3603,62.0,38.0,0,0,0
Singapore,2023,ALB,Williams,25.0,100.961,HARD,5.0,2.0,,,15.0,1,70.0,2.1,True,-0.3603,62.0,37.0,0,0,0
Singapore,2023,ALB,Williams,26.0,100.927,HARD,6.0,2.0,,,15.0,1,68.4,2.052,True,-0.3603,62.0,36.0,0,0,0
Singapore,2023,ALB,Williams,27.0,101.309,HARD,7.0,2.0,,,15.0,1,66.8,2.004,True,-0.3603,62.0,35.0,0,0,0
Singapore,2023,ALB,Williams,28.0,101.442,HARD,8.0,2.0,,,15.0,1,65.2,1.956,True,-0.3603,62.0,34.0,0,0,0
Singapore,2023,ALB,Williams,29.0,101.455,HARD,9.0,2.0,,,15.0,1,63.6,1.908,True,-0.3603,62.0,33.0,0,0,0
Singapore,2023,ALB,Williams,30.0,100.469,HARD,10.0,2.0,,,15.0,1,62.0,1.86,True,-0.3603,62.0,32.0,0,0,0
Singapore,2023,ALB,Williams,31.0,100.981,HARD,11.0,2.0,,,15.0,1,60.4,1.812,True,-0.3603,62.0,31.0,0,0,0
Singapore,2023,ALB,Williams,32.0,100.542,HARD,12.0,2.0,,,15.0,1,58.8,1.764,True,-0.3603,62.0,30.0,0,0,0
Singapore,2023,ALB,Williams,33.0,100.772,HARD,13.0,2.0,,,15.0,1,57.2,1.716,True,-0.3603,62.0,29.0,0,0,0
Singapore,2023,ALB,Williams,34.0,100.55,HARD,14.0,2.0,,,15.0,1,55.6,1.668,True,-0.3603,62.0,28.0,0,0,0
Singapore,2023,ALB,Williams,35.0,101.065,HARD,15.0,2.0,,,15.0,1,54.0,1.62,True,-0.3603,62.0,27.0,0,0,0
Singapore,2023,ALB,Williams,36.0,101.94,HARD,16.0,2.0,,,14.0,1,52.4,1.572,True,-0.3603,62.0,26.0,0,0,0
Singapore,2023,ALB,Williams,37.0,101.028,HARD,17.0,2.0,,,14.0,1,50.8,1.524,True,-0.3603,62.0,25.0,0,0,0
Singapore,2023,ALB,Williams,38.0,100.837,HARD,18.0,2.0,,,14.0,1,49.2,1.476,True,-0.3603,62.0,24.0,0,0,0
Singapore,2023,ALB,Williams,39.0,101.246,HARD,19.0,2.0,,,13.0,1,47.6,1.428,True,-0.3603,62.0,23.0,0,0,0
Singapore,2023,ALB,Williams,40.0,100.935,HARD,20.0,2.0,,,13.0,1,46.0,1.38,True,-0.3603,62.0,22.0,0,0,0
Singapore,2023,ALB,Williams,41.0,100.579,HARD,21.0,2.0,,,12.0,1,44.4,1.332,True,-0.3603,62.0,21.0,0,0,0
Singapore,2023,ALB,Williams,42.0,100.637,HARD,22.0,2.0,,,12.0,1,42.8,1.284,True,-0.3603,62.0,20.0,0,0,0
Singapore,2023,ALB,Williams,43.0,120.929,HARD,23.0,2.0,8271.628,,12.0,126,41.2,1.236,False,-0.3603,62.0,19.0,0,0,1
Singapore,2023,ALB,Williams,44.0,,MEDIUM,1.0,3.0,,8301.409,13.0,67,39.6,1.188,False,0.072,62.0,18.0,0,0,0
Singapore,2023,ALB,Williams,45.0,100.919,MEDIUM,2.0,3.0,,,12.0,71,38.0,1.14,False,0.072,62.0,17.0,0,0,0
Singapore,2023,ALB,Williams,46.0,97.342,MEDIUM,3.0,3.0,,,12.0,12,36.4,1.092,True,0.072,62.0,16.0,0,0,0
Singapore,2023,ALB,Williams,47.0,98.047,MEDIUM,4.0,3.0,,,12.0,21,34.8,1.044,True,0.072,62.0,15.0,0,0,0
Singapore,2023,ALB,Williams,48.0,97.992,MEDIUM,5.0,3.0,,,12.0,1,33.2,0.996,True,0.072,62.0,14.0,0,0,0
Singapore,2023,ALB,Williams,49.0,98.019,MEDIUM,6.0,3.0,,,12.0,1,31.6,0.948,True,0.072,62.0,13.0,0,0,0
Singapore,2023,ALB,Williams,50.0,98.122,MEDIUM,7.0,3.0,,,12.0,1,30.0,0.9,True,0.072,62.0,12.0,0,0,0
Singapore,2023,ALB,Williams,51.0,98.213,MEDIUM,8.0,3.0,,,12.0,1,28.4,0.852,True,0.072,62.0,11.0,0,0,0
Singapore,2023,ALB,Williams,52.0,100.048,MEDIUM,9.0,3.0,,,11.0,12,26.8,0.804,True,0.072,62.0,10.0,0,0,0
Singapore,2023,ALB,Williams,53.0,99.613,MEDIUM,10.0,3.0,,,10.0,21,25.2,0.756,True,0.072,62.0,9.0,0,0,0
Singapore,2023,ALB,Williams,54.0,98.226,MEDIUM,11.0,3.0,,,10.0,1,23.6,0.708,True,0.072,62.0,8.0,0,0,0
Singapore,2023,ALB,Williams,55.0,97.656,MEDIUM,12.0,3.0,,,10.0,1,22.0,0.66,True,0.072,62.0,7.0,0,0,0
Singapore,2023,ALB,Williams,56.0,98.387,MEDIUM,13.0,3.0,,,10.0,1,20.4,0.612,True,0.072,62.0,6.0,0,0,0
Singapore,2023,ALB,Williams,57.0,101.555,MEDIUM,14.0,3.0,,,10.0,1,18.8,0.564,True,0.072,62.0,5.0,0,0,0
Singapore,2023,ALB,Williams,58.0,117.964,MEDIUM,15.0,3.0,,,14.0,12,17.2,0.516,True,0.072,62.0,4.0,0,0,0
Singapore,2023,ALB,Williams,59.0,100.685,MEDIUM,16.0,3.0,,,13.0,1,15.6,0.468,True,0.072,62.0,3.0,0,0,0
Singapore,2023,ALB,Williams,60.0,99.668,MEDIUM,17.0,3.0,,,12.0,1,14.0,0.42,True,0.072,62.0,2.0,0,0,0
Singapore,2023,ALB,Williams,61.0,98.501,MEDIUM,18.0,3.0,,,12.0,12,12.4,0.372,True,0.072,62.0,1.0,0,0,0
Singapore,2023,ALB,Williams,62.0,99.891,MEDIUM,19.0,3.0,,,11.0,2,10.8,0.324,True,0.072,62.0,0.0,0,0,0
Singapore,2023,ZHO,Alfa Romeo,1.0,115.057,SOFT,1.0,1.0,,3774.507,18.0,12,108.4,3.252,False,-0.4694,62.0,61.0,0,0,0
Singapore,2023,ZHO,Alfa Romeo,2.0,109.969,SOFT,2.0,1.0,3981.63,,18.0,21,106.8,3.204,False,-0.4694,62.0,60.0,0,0,1
Singapore,2023,ZHO,Alfa Romeo,3.0,122.716,HARD,1.0,2.0,,4011.63,18.0,1,105.2,3.156,False,-0.2713,62.0,59.0,0,0,0
Singapore,2023,ZHO,Alfa Romeo,4.0,99.869,HARD,2.0,2.0,,,18.0,1,103.6,3.108,True,-0.2713,62.0,58.0,0,0,0
Singapore,2023,ZHO,Alfa Romeo,5.0,100.371,HARD,3.0,2.0,,,18.0,1,102.0,3.06,True,-0.2713,62.0,57.0,0,0,0
Singapore,2023,ZHO,Alfa Romeo,6.0,100.471,HARD,4.0,2.0,,,18.0,1,100.4,3.012,True,-0.2713,62.0,56.0,0,0,0
Singapore,2023,ZHO,Alfa Romeo,7.0,100.588,HARD,5.0,2.0,,,18.0,1,98.8,2.964,True,-0.2713,62.0,55.0,0,0,0
Singapore,2023,ZHO,Alfa Romeo,8.0,101.24,HARD,6.0,2.0,,,18.0,1,97.2,2.916,True,-0.2713,62.0,54.0,0,0,0
Singapore,2023,ZHO,Alfa Romeo,9.0,100.555,HARD,7.0,2.0,,,18.0,1,95.6,2.868,True,-0.2713,62.0,53.0,0,0,0
Singapore,2023,ZHO,Alfa Romeo,10.0,100.566,HARD,8.0,2.0,,,18.0,1,94.0,2.82,True,-0.2713,62.0,52.0,0,0,0
Singapore,2023,ZHO,Alfa Romeo,11.0,100.534,HARD,9.0,2.0,,,18.0,1,92.4,2.772,True,-0.2713,62.0,51.0,0,0,0
Singapore,2023,ZHO,Alfa Romeo,12.0,100.316,HARD,10.0,2.0,,,18.0,1,90.8,2.724,True,-0.2713,62.0,50.0,0,0,0
Singapore,2023,ZHO,Alfa Romeo,13.0,100.397,HARD,11.0,2.0,,,18.0,1,89.2,2.676,True,-0.2713,62.0,49.0,0,0,0
Singapore,2023,ZHO,Alfa Romeo,14.0,100.833,HARD,12.0,2.0,,,18.0,1,87.6,2.628,True,-0.2713,62.0,48.0,0,0,0
Singapore,2023,ZHO,Alfa Romeo,15.0,100.463,HARD,13.0,2.0,,,18.0,1,86.0,2.58,True,-0.2713,62.0,47.0,0,0,0
Singapore,2023,ZHO,Alfa Romeo,16.0,100.425,HARD,14.0,2.0,,,18.0,1,84.4,2.532,True,-0.2713,62.0,46.0,0,0,0
Singapore,2023,ZHO,Alfa Romeo,17.0,100.424,HARD,15.0,2.0,,,18.0,1,82.8,2.484,True,-0.2713,62.0,45.0,0,0,0
Singapore,2023,ZHO,Alfa Romeo,18.0,100.582,HARD,16.0,2.0,,,18.0,1,81.2,2.436,True,-0.2713,62.0,44.0,0,0,0
Singapore,2023,ZHO,Alfa Romeo,19.0,101.684,HARD,17.0,2.0,,,17.0,12,79.6,2.388,True,-0.2713,62.0,43.0,0,0,0
Singapore,2023,ZHO,Alfa Romeo,20.0,136.694,HARD,18.0,2.0,5850.327,,17.0,14,78.0,2.34,False,-0.2713,62.0,42.0,0,0,1
Singapore,2023,ZHO,Alfa Romeo,21.0,,MEDIUM,1.0,3.0,,5881.014,17.0,4,76.4,2.292,False,0.0297,62.0,41.0,1,0,0
Singapore,2023,ZHO,Alfa Romeo,22.0,120.733,MEDIUM,2.0,3.0,,,17.0,41,74.8,2.244,False,0.0297,62.0,40.0,0,0,0
Singapore,2023,ZHO,Alfa Romeo,23.0,102.749,MEDIUM,3.0,3.0,,,17.0,1,73.2,2.196,True,0.0297,62.0,39.0,0,0,0
Singapore,2023,ZHO,Alfa Romeo,24.0,103.949,MEDIUM,4.0,3.0,,,16.0,1,71.6,2.148,True,0.0297,62.0,38.0,0,0,0
Singapore,2023,ZHO,Alfa Romeo,25.0,101.346,MEDIUM,5.0,3.0,,,16.0,1,70.0,2.1,True,0.0297,62.0,37.0,0,0,0
Singapore,2023,ZHO,Alfa Romeo,26.0,100.973,MEDIUM,6.0,3.0,,,16.0,1,68.4,2.052,True,0.0297,62.0,36.0,0,0,0
Singapore,2023,ZHO,Alfa Romeo,27.0,100.57,MEDIUM,7.0,3.0,,,16.0,1,66.8,2.004,True,0.0297,62.0,35.0,0,0,0
Singapore,2023,ZHO,Alfa Romeo,28.0,101.31,MEDIUM,8.0,3.0,,,16.0,1,65.2,1.956,True,0.0297,62.0,34.0,0,0,0
Singapore,2023,ZHO,Alfa Romeo,29.0,101.476,MEDIUM,9.0,3.0,,,16.0,1,63.6,1.908,True,0.0297,62.0,33.0,0,0,0
Singapore,2023,ZHO,Alfa Romeo,30.0,100.866,MEDIUM,10.0,3.0,,,16.0,1,62.0,1.86,True,0.0297,62.0,32.0,0,0,0
Singapore,2023,ZHO,Alfa Romeo,31.0,100.778,MEDIUM,11.0,3.0,,,16.0,1,60.4,1.812,True,0.0297,62.0,31.0,0,0,0
Singapore,2023,ZHO,Alfa Romeo,32.0,100.576,MEDIUM,12.0,3.0,,,16.0,1,58.8,1.764,True,0.0297,62.0,30.0,0,0,0
Singapore,2023,ZHO,Alfa Romeo,33.0,100.708,MEDIUM,13.0,3.0,,,16.0,1,57.2,1.716,True,0.0297,62.0,29.0,0,0,0
Singapore,2023,ZHO,Alfa Romeo,34.0,100.499,MEDIUM,14.0,3.0,,,16.0,1,55.6,1.668,True,0.0297,62.0,28.0,0,0,0
Singapore,2023,ZHO,Alfa Romeo,35.0,101.189,MEDIUM,15.0,3.0,,,16.0,1,54.0,1.62,True,0.0297,62.0,27.0,0,0,0
Singapore,2023,ZHO,Alfa Romeo,36.0,102.747,MEDIUM,16.0,3.0,,,15.0,1,52.4,1.572,True,0.0297,62.0,26.0,0,0,0
Singapore,2023,ZHO,Alfa Romeo,37.0,101.148,MEDIUM,17.0,3.0,,,15.0,1,50.8,1.524,True,0.0297,62.0,25.0,0,0,0
Singapore,2023,ZHO,Alfa Romeo,38.0,100.821,MEDIUM,18.0,3.0,,,15.0,1,49.2,1.476,True,0.0297,62.0,24.0,0,0,0
Singapore,2023,ZHO,Alfa Romeo,39.0,100.894,MEDIUM,19.0,3.0,,,14.0,1,47.6,1.428,True,0.0297,62.0,23.0,0,0,0
Singapore,2023,ZHO,Alfa Romeo,40.0,100.806,MEDIUM,20.0,3.0,,,14.0,1,46.0,1.38,True,0.0297,62.0,22.0,0,0,0
Singapore,2023,ZHO,Alfa Romeo,41.0,100.853,MEDIUM,21.0,3.0,,,13.0,1,44.4,1.332,True,0.0297,62.0,21.0,0,0,0
Singapore,2023,ZHO,Alfa Romeo,42.0,100.425,MEDIUM,22.0,3.0,,,13.0,1,42.8,1.284,True,0.0297,62.0,20.0,0,0,0
Singapore,2023,ZHO,Alfa Romeo,43.0,114.357,MEDIUM,23.0,3.0,,,11.0,126,41.2,1.236,False,0.0297,62.0,19.0,0,0,0
Singapore,2023,ZHO,Alfa Romeo,44.0,137.516,MEDIUM,24.0,3.0,,,11.0,6,39.6,1.188,False,0.0297,62.0,18.0,1,0,0
Singapore,2023,ZHO,Alfa Romeo,45.0,110.632,MEDIUM,25.0,3.0,,,10.0,671,38.0,1.14,False,0.0297,62.0,17.0,0,0,0
Singapore,2023,ZHO,Alfa Romeo,46.0,99.316,MEDIUM,26.0,3.0,,,10.0,1,36.4,1.092,True,0.0297,62.0,16.0,0,0,0
Singapore,2023,ZHO,Alfa Romeo,47.0,100.485,MEDIUM,27.0,3.0,,,11.0,12,34.8,1.044,True,0.0297,62.0,15.0,0,0,0
Singapore,2023,ZHO,Alfa Romeo,48.0,99.79,MEDIUM,28.0,3.0,,,11.0,1,33.2,0.996,True,0.0297,62.0,14.0,0,0,0
Singapore,2023,ZHO,Alfa Romeo,49.0,100.042,MEDIUM,29.0,3.0,,,11.0,1,31.6,0.948,True,0.0297,62.0,13.0,0,0,0
Singapore,2023,ZHO,Alfa Romeo,50.0,99.818,MEDIUM,30.0,3.0,,,11.0,1,30.0,0.9,True,0.0297,62.0,12.0,0,0,0
Singapore,2023,ZHO,Alfa Romeo,51.0,100.482,MEDIUM,31.0,3.0,,,11.0,1,28.4,0.852,True,0.0297,62.0,11.0,0,0,0
Singapore,2023,ZHO,Alfa Romeo,52.0,103.708,MEDIUM,32.0,3.0,,,13.0,12,26.8,0.804,True,0.0297,62.0,10.0,0,0,0
Singapore,2023,ZHO,Alfa Romeo,53.0,101.753,MEDIUM,33.0,3.0,,,13.0,1,25.2,0.756,True,0.0297,62.0,9.0,0,0,0
Singapore,2023,ZHO,Alfa Romeo,54.0,101.708,MEDIUM,34.0,3.0,,,13.0,1,23.6,0.708,True,0.0297,62.0,8.0,0,0,0
Singapore,2023,ZHO,Alfa Romeo,55.0,100.798,MEDIUM,35.0,3.0,,,13.0,1,22.0,0.66,True,0.0297,62.0,7.0,0,0,0
Singapore,2023,ZHO,Alfa Romeo,56.0,101.215,MEDIUM,36.0,3.0,,,13.0,1,20.4,0.612,True,0.0297,62.0,6.0,0,0,0
Singapore,2023,ZHO,Alfa Romeo,57.0,101.419,MEDIUM,37.0,3.0,,,13.0,1,18.8,0.564,True,0.0297,62.0,5.0,0,0,0
Singapore,2023,ZHO,Alfa Romeo,58.0,102.795,MEDIUM,38.0,3.0,,,12.0,12,17.2,0.516,True,0.0297,62.0,4.0,0,0,0
Singapore,2023,ZHO,Alfa Romeo,59.0,103.773,MEDIUM,39.0,3.0,,,14.0,1,15.6,0.468,True,0.0297,62.0,3.0,0,0,0
Singapore,2023,ZHO,Alfa Romeo,60.0,101.794,MEDIUM,40.0,3.0,,,14.0,1,14.0,0.42,True,0.0297,62.0,2.0,0,0,0
Singapore,2023,ZHO,Alfa Romeo,61.0,102.01,MEDIUM,41.0,3.0,,,13.0,12,12.4,0.372,True,0.0297,62.0,1.0,0,0,0
Singapore,2023,ZHO,Alfa Romeo,62.0,102.246,MEDIUM,42.0,3.0,,,12.0,2,10.8,0.324,True,0.0297,62.0,0.0,0,0,0
Singapore,2023,HUL,Haas F1 Team,1.0,109.191,MEDIUM,1.0,1.0,,,9.0,12,108.4,3.252,False,0.2054,62.0,61.0,0,0,0
Singapore,2023,HUL,Haas F1 Team,2.0,102.849,MEDIUM,2.0,1.0,,,10.0,12,106.8,3.204,True,0.2054,62.0,60.0,0,0,0
Singapore,2023,HUL,Haas F1 Team,3.0,101.4,MEDIUM,3.0,1.0,,,10.0,1,105.2,3.156,True,0.2054,62.0,59.0,0,0,0
Singapore,2023,HUL,Haas F1 Team,4.0,101.256,MEDIUM,4.0,1.0,,,10.0,1,103.6,3.108,True,0.2054,62.0,58.0,0,0,0
Singapore,2023,HUL,Haas F1 Team,5.0,101.35,MEDIUM,5.0,1.0,,,10.0,1,102.0,3.06,True,0.2054,62.0,57.0,0,0,0
Singapore,2023,HUL,Haas F1 Team,6.0,101.949,MEDIUM,6.0,1.0,,,10.0,1,100.4,3.012,True,0.2054,62.0,56.0,0,0,0
Singapore,2023,HUL,Haas F1 Team,7.0,101.117,MEDIUM,7.0,1.0,,,10.0,1,98.8,2.964,True,0.2054,62.0,55.0,0,0,0
Singapore,2023,HUL,Haas F1 Team,8.0,100.734,MEDIUM,8.0,1.0,,,10.0,1,97.2,2.916,True,0.2054,62.0,54.0,0,0,0
Singapore,2023,HUL,Haas F1 Team,9.0,100.978,MEDIUM,9.0,1.0,,,10.0,1,95.6,2.868,True,0.2054,62.0,53.0,0,0,0
Singapore,2023,HUL,Haas F1 Team,10.0,100.633,MEDIUM,10.0,1.0,,,10.0,1,94.0,2.82,True,0.2054,62.0,52.0,0,0,0
Singapore,2023,HUL,Haas F1 Team,11.0,100.559,MEDIUM,11.0,1.0,,,10.0,1,92.4,2.772,True,0.2054,62.0,51.0,0,0,0
Singapore,2023,HUL,Haas F1 Team,12.0,100.479,MEDIUM,12.0,1.0,,,10.0,1,90.8,2.724,True,0.2054,62.0,50.0,0,0,0
Singapore,2023,HUL,Haas F1 Team,13.0,100.783,MEDIUM,13.0,1.0,,,10.0,1,89.2,2.676,True,0.2054,62.0,49.0,0,0,0
Singapore,2023,HUL,Haas F1 Team,14.0,100.641,MEDIUM,14.0,1.0,,,10.0,1,87.6,2.628,True,0.2054,62.0,48.0,0,0,0
Singapore,2023,HUL,Haas F1 Team,15.0,100.693,MEDIUM,15.0,1.0,,,10.0,1,86.0,2.58,True,0.2054,62.0,47.0,0,0,0
Singapore,2023,HUL,Haas F1 Team,16.0,100.789,MEDIUM,16.0,1.0,,,10.0,1,84.4,2.532,True,0.2054,62.0,46.0,0,0,0
Singapore,2023,HUL,Haas F1 Team,17.0,100.753,MEDIUM,17.0,1.0,,,10.0,1,82.8,2.484,True,0.2054,62.0,45.0,0,0,0
Singapore,2023,HUL,Haas F1 Team,18.0,100.877,MEDIUM,18.0,1.0,,,10.0,1,81.2,2.436,True,0.2054,62.0,44.0,0,0,0
Singapore,2023,HUL,Haas F1 Team,19.0,101.096,MEDIUM,19.0,1.0,,,10.0,12,79.6,2.388,True,0.2054,62.0,43.0,0,0,0
Singapore,2023,HUL,Haas F1 Team,20.0,128.679,MEDIUM,20.0,1.0,5813.421,,11.0,14,78.0,2.34,False,0.2054,62.0,42.0,0,0,1
Singapore,2023,HUL,Haas F1 Team,21.0,,HARD,1.0,2.0,,5848.905,15.0,4,76.4,2.292,False,-0.0574,62.0,41.0,1,0,0
Singapore,2023,HUL,Haas F1 Team,22.0,136.853,HARD,2.0,2.0,,,15.0,41,74.8,2.244,False,-0.0574,62.0,40.0,0,0,0
Singapore,2023,HUL,Haas F1 Team,23.0,103.093,HARD,3.0,2.0,,,15.0,1,73.2,2.196,True,-0.0574,62.0,39.0,0,0,0
Singapore,2023,HUL,Haas F1 Team,24.0,103.044,HARD,4.0,2.0,,,14.0,1,71.6,2.148,True,-0.0574,62.0,38.0,0,0,0
Singapore,2023,HUL,Haas F1 Team,25.0,101.165,HARD,5.0,2.0,,,14.0,1,70.0,2.1,True,-0.0574,62.0,37.0,0,0,0
Singapore,2023,HUL,Haas F1 Team,26.0,100.93,HARD,6.0,2.0,,,14.0,1,68.4,2.052,True,-0.0574,62.0,36.0,0,0,0
Singapore,2023,HUL,Haas F1 Team,27.0,100.425,HARD,7.0,2.0,,,14.0,1,66.8,2.004,True,-0.0574,62.0,35.0,0,0,0
Singapore,2023,HUL,Haas F1 Team,28.0,101.78,HARD,8.0,2.0,,,14.0,1,65.2,1.956,True,-0.0574,62.0,34.0,0,0,0
Singapore,2023,HUL,Haas F1 Team,29.0,101.57,HARD,9.0,2.0,,,14.0,1,63.6,1.908,True,-0.0574,62.0,33.0,0,0,0
Singapore,2023,HUL,Haas F1 Team,30.0,100.692,HARD,10.0,2.0,,,14.0,1,62.0,1.86,True,-0.0574,62.0,32.0,0,0,0
Singapore,2023,HUL,Haas F1 Team,31.0,100.076,HARD,11.0,2.0,,,14.0,1,60.4,1.812,True,-0.0574,62.0,31.0,0,0,0
Singapore,2023,HUL,Haas F1 Team,32.0,101.038,HARD,12.0,2.0,,,14.0,1,58.8,1.764,True,-0.0574,62.0,30.0,0,0,0
Singapore,2023,HUL,Haas F1 Team,33.0,100.694,HARD,13.0,2.0,,,14.0,1,57.2,1.716,True,-0.0574,62.0,29.0,0,0,0
Singapore,2023,HUL,Haas F1 Team,34.0,100.644,HARD,14.0,2.0,,,14.0,1,55.6,1.668,True,-0.0574,62.0,28.0,0,0,0
Singapore,2023,HUL,Haas F1 Team,35.0,101.622,HARD,15.0,2.0,,,14.0,1,54.0,1.62,True,-0.0574,62.0,27.0,0,0,0
Singapore,2023,HUL,Haas F1 Team,36.0,101.128,HARD,16.0,2.0,,,13.0,1,52.4,1.572,True,-0.0574,62.0,26.0,0,0,0
Singapore,2023,HUL,Haas F1 Team,37.0,100.482,HARD,17.0,2.0,,,13.0,1,50.8,1.524,True,-0.0574,62.0,25.0,0,0,0
Singapore,2023,HUL,Haas F1 Team,38.0,101.051,HARD,18.0,2.0,,,13.0,1,49.2,1.476,True,-0.0574,62.0,24.0,0,0,0
Singapore,2023,HUL,Haas F1 Team,39.0,102.01,HARD,19.0,2.0,,,12.0,1,47.6,1.428,True,-0.0574,62.0,23.0,0,0,0
Singapore,2023,HUL,Haas F1 Team,40.0,101.257,HARD,20.0,2.0,,,12.0,1,46.0,1.38,True,-0.0574,62.0,22.0,0,0,0
Singapore,2023,HUL,Haas F1 Team,41.0,100.687,HARD,21.0,2.0,,,11.0,1,44.4,1.332,True,-0.0574,62.0,21.0,0,0,0
Singapore,2023,HUL,Haas F1 Team,42.0,100.523,HARD,22.0,2.0,,,11.0,1,42.8,1.284,True,-0.0574,62.0,20.0,0,0,0
Singapore,2023,HUL,Haas F1 Team,43.0,113.224,HARD,23.0,2.0,,,10.0,126,41.2,1.236,False,-0.0574,62.0,19.0,0,0,0
Singapore,2023,HUL,Haas F1 Team,44.0,136.653,HARD,24.0,2.0,,,10.0,6,39.6,1.188,False,-0.0574,62.0,18.0,1,0,0
Singapore,2023,HUL,Haas F1 Team,45.0,111.986,HARD,25.0,2.0,,,9.0,671,38.0,1.14,False,-0.0574,62.0,17.0,0,0,0
Singapore,2023,HUL,Haas F1 Team,46.0,100.005,HARD,26.0,2.0,,,9.0,1,36.4,1.092,True,-0.0574,62.0,16.0,0,0,0
Singapore,2023,HUL,Haas F1 Team,47.0,99.971,HARD,27.0,2.0,,,9.0,12,34.8,1.044,True,-0.0574,62.0,15.0,0,0,0
Singapore,2023,HUL,Haas F1 Team,48.0,100.789,HARD,28.0,2.0,,,10.0,1,33.2,0.996,True,-0.0574,62.0,14.0,0,0,0
Singapore,2023,HUL,Haas F1 Team,49.0,100.65,HARD,29.0,2.0,,,10.0,1,31.6,0.948,True,-0.0574,62.0,13.0,0,0,0
Singapore,2023,HUL,Haas F1 Team,50.0,99.923,HARD,30.0,2.0,,,10.0,1,30.0,0.9,True,-0.0574,62.0,12.0,0,0,0
Singapore,2023,HUL,Haas F1 Team,51.0,100.729,HARD,31.0,2.0,,,10.0,1,28.4,0.852,True,-0.0574,62.0,11.0,0,0,0
Singapore,2023,HUL,Haas F1 Team,52.0,100.946,HARD,32.0,2.0,,,10.0,12,26.8,0.804,True,-0.0574,62.0,10.0,0,0,0
Singapore,2023,HUL,Haas F1 Team,53.0,103.808,HARD,33.0,2.0,,,12.0,21,25.2,0.756,True,-0.0574,62.0,9.0,0,0,0
Singapore,2023,HUL,Haas F1 Team,54.0,101.918,HARD,34.0,2.0,,,12.0,1,23.6,0.708,True,-0.0574,62.0,8.0,0,0,0
Singapore,2023,HUL,Haas F1 Team,55.0,101.16,HARD,35.0,2.0,,,12.0,1,22.0,0.66,True,-0.0574,62.0,7.0,0,0,0
Singapore,2023,HUL,Haas F1 Team,56.0,101.285,HARD,36.0,2.0,,,12.0,1,20.4,0.612,True,-0.0574,62.0,6.0,0,0,0
Singapore,2023,HUL,Haas F1 Team,57.0,101.41,HARD,37.0,2.0,,,12.0,1,18.8,0.564,True,-0.0574,62.0,5.0,0,0,0
Singapore,2023,HUL,Haas F1 Team,58.0,102.177,HARD,38.0,2.0,,,11.0,12,17.2,0.516,True,-0.0574,62.0,4.0,0,0,0
Singapore,2023,HUL,Haas F1 Team,59.0,101.538,HARD,39.0,2.0,,,11.0,1,15.6,0.468,True,-0.0574,62.0,3.0,0,0,0
Singapore,2023,HUL,Haas F1 Team,60.0,104.766,HARD,40.0,2.0,,,13.0,1,14.0,0.42,True,-0.0574,62.0,2.0,0,0,0
Singapore,2023,HUL,Haas F1 Team,61.0,103.503,HARD,41.0,2.0,,,14.0,12,12.4,0.372,True,-0.0574,62.0,1.0,0,0,0
Singapore,2023,HUL,Haas F1 Team,62.0,103.728,HARD,42.0,2.0,,,13.0,2,10.8,0.324,True,-0.0574,62.0,0.0,0,0,0
Singapore,2023,OCO,Alpine,1.0,107.795,MEDIUM,1.0,1.0,,,7.0,12,108.4,3.252,False,0.2025,43.0,42.0,0,0,0
Singapore,2023,OCO,Alpine,2.0,102.401,MEDIUM,2.0,1.0,,,7.0,12,106.8,3.204,True,0.2025,43.0,41.0,0,0,0
Singapore,2023,OCO,Alpine,3.0,101.196,MEDIUM,3.0,1.0,,,7.0,1,105.2,3.156,True,0.2025,43.0,40.0,0,0,0
Singapore,2023,OCO,Alpine,4.0,101.375,MEDIUM,4.0,1.0,,,7.0,1,103.6,3.108,True,0.2025,43.0,39.0,0,0,0
Singapore,2023,OCO,Alpine,5.0,101.329,MEDIUM,5.0,1.0,,,7.0,1,102.0,3.06,True,0.2025,43.0,38.0,0,0,0
Singapore,2023,OCO,Alpine,6.0,100.908,MEDIUM,6.0,1.0,,,7.0,1,100.4,3.012,True,0.2025,43.0,37.0,0,0,0
Singapore,2023,OCO,Alpine,7.0,100.732,MEDIUM,7.0,1.0,,,7.0,1,98.8,2.964,True,0.2025,43.0,36.0,0,0,0
Singapore,2023,OCO,Alpine,8.0,100.339,MEDIUM,8.0,1.0,,,7.0,1,97.2,2.916,True,0.2025,43.0,35.0,0,0,0
Singapore,2023,OCO,Alpine,9.0,100.343,MEDIUM,9.0,1.0,,,7.0,1,95.6,2.868,True,0.2025,43.0,34.0,0,0,0
Singapore,2023,OCO,Alpine,10.0,100.689,MEDIUM,10.0,1.0,,,7.0,1,94.0,2.82,True,0.2025,43.0,33.0,0,0,0
Singapore,2023,OCO,Alpine,11.0,100.085,MEDIUM,11.0,1.0,,,7.0,1,92.4,2.772,True,0.2025,43.0,32.0,0,0,0
Singapore,2023,OCO,Alpine,12.0,100.388,MEDIUM,12.0,1.0,,,7.0,1,90.8,2.724,True,0.2025,43.0,31.0,0,0,0
Singapore,2023,OCO,Alpine,13.0,100.562,MEDIUM,13.0,1.0,,,7.0,1,89.2,2.676,True,0.2025,43.0,30.0,0,0,0
Singapore,2023,OCO,Alpine,14.0,100.247,MEDIUM,14.0,1.0,,,7.0,1,87.6,2.628,True,0.2025,43.0,29.0,0,0,0
Singapore,2023,OCO,Alpine,15.0,100.353,MEDIUM,15.0,1.0,,,7.0,1,86.0,2.58,True,0.2025,43.0,28.0,0,0,0
Singapore,2023,OCO,Alpine,16.0,100.387,MEDIUM,16.0,1.0,,,7.0,1,84.4,2.532,True,0.2025,43.0,27.0,0,0,0
Singapore,2023,OCO,Alpine,17.0,100.575,MEDIUM,17.0,1.0,,,7.0,1,82.8,2.484,True,0.2025,43.0,26.0,0,0,0
Singapore,2023,OCO,Alpine,18.0,100.423,MEDIUM,18.0,1.0,,,7.0,1,81.2,2.436,True,0.2025,43.0,25.0,0,0,0
Singapore,2023,OCO,Alpine,19.0,100.49,MEDIUM,19.0,1.0,,,7.0,12,79.6,2.388,True,0.2025,43.0,24.0,0,0,0
Singapore,2023,OCO,Alpine,20.0,125.887,MEDIUM,20.0,1.0,5803.172,,8.0,14,78.0,2.34,False,0.2025,43.0,23.0,0,0,1
Singapore,2023,OCO,Alpine,21.0,,HARD,1.0,2.0,,5832.906,9.0,4,76.4,2.292,False,-0.6075,43.0,22.0,1,0,0
Singapore,2023,OCO,Alpine,22.0,143.293,HARD,2.0,2.0,,,9.0,41,74.8,2.244,False,-0.6075,43.0,21.0,0,0,0
Singapore,2023,OCO,Alpine,23.0,103.254,HARD,3.0,2.0,,,9.0,1,73.2,2.196,True,-0.6075,43.0,20.0,0,0,0
Singapore,2023,OCO,Alpine,24.0,103.091,HARD,4.0,2.0,,,9.0,1,71.6,2.148,True,-0.6075,43.0,19.0,0,0,0
Singapore,2023,OCO,Alpine,25.0,100.895,HARD,5.0,2.0,,,9.0,1,70.0,2.1,True,-0.6075,43.0,18.0,0,0,0
Singapore,2023,OCO,Alpine,26.0,100.885,HARD,6.0,2.0,,,9.0,1,68.4,2.052,True,-0.6075,43.0,17.0,0,0,0
Singapore,2023,OCO,Alpine,27.0,100.376,HARD,7.0,2.0,,,9.0,1,66.8,2.004,True,-0.6075,43.0,16.0,0,0,0
Singapore,2023,OCO,Alpine,28.0,101.755,HARD,8.0,2.0,,,9.0,1,65.2,1.956,True,-0.6075,43.0,15.0,0,0,0
Singapore,2023,OCO,Alpine,29.0,101.534,HARD,9.0,2.0,,,9.0,1,63.6,1.908,True,-0.6075,43.0,14.0,0,0,0
Singapore,2023,OCO,Alpine,30.0,100.04,HARD,10.0,2.0,,,9.0,1,62.0,1.86,True,-0.6075,43.0,13.0,0,0,0
Singapore,2023,OCO,Alpine,31.0,100.043,HARD,11.0,2.0,,,9.0,1,60.4,1.812,True,-0.6075,43.0,12.0,0,0,0
Singapore,2023,OCO,Alpine,32.0,100.362,HARD,12.0,2.0,,,9.0,1,58.8,1.764,True,-0.6075,43.0,11.0,0,0,0
Singapore,2023,OCO,Alpine,33.0,99.93,HARD,13.0,2.0,,,9.0,1,57.2,1.716,True,-0.6075,43.0,10.0,0,0,0
Singapore,2023,OCO,Alpine,34.0,100.303,HARD,14.0,2.0,,,9.0,1,55.6,1.668,True,-0.6075,43.0,9.0,0,0,0
Singapore,2023,OCO,Alpine,35.0,100.541,HARD,15.0,2.0,,,9.0,1,54.0,1.62,True,-0.6075,43.0,8.0,0,0,0
Singapore,2023,OCO,Alpine,36.0,101.211,HARD,16.0,2.0,,,9.0,1,52.4,1.572,True,-0.6075,43.0,7.0,0,0,0
Singapore,2023,OCO,Alpine,37.0,102.599,HARD,17.0,2.0,,,8.0,1,50.8,1.524,True,-0.6075,43.0,6.0,0,0,0
Singapore,2023,OCO,Alpine,38.0,101.319,HARD,18.0,2.0,,,8.0,1,49.2,1.476,True,-0.6075,43.0,5.0,0,0,0
Singapore,2023,OCO,Alpine,39.0,100.875,HARD,19.0,2.0,,,7.0,1,47.6,1.428,True,-0.6075,43.0,4.0,0,0,0
Singapore,2023,OCO,Alpine,40.0,99.931,HARD,20.0,2.0,,,7.0,1,46.0,1.38,True,-0.6075,43.0,3.0,0,0,0
Singapore,2023,OCO,Alpine,41.0,100.064,HARD,21.0,2.0,,,6.0,1,44.4,1.332,True,-0.6075,43.0,2.0,0,0,0
Singapore,2023,OCO,Alpine,42.0,99.995,HARD,22.0,2.0,,,6.0,1,42.8,1.284,True,-0.6075,43.0,1.0,0,0,0
Singapore,2023,OCO,Alpine,43.0,,HARD,23.0,2.0,,,,126,41.2,1.236,False,-0.6075,43.0,0.0,0,0,0
Singapore,2023,NOR,McLaren,1.0,106.415,MEDIUM,1.0,1.0,,,5.0,12,108.4,3.252,False,-0.179,62.0,61.0,0,0,0
Singapore,2023,NOR,McLaren,2.0,101.826,MEDIUM,2.0,1.0,,,5.0,12,106.8,3.204,True,-0.179,62.0,60.0,0,0,0
Singapore,2023,NOR,McLaren,3.0,101.124,MEDIUM,3.0,1.0,,,5.0,1,105.2,3.156,True,-0.179,62.0,59.0,0,0,0
Singapore,2023,NOR,McLaren,4.0,101.678,MEDIUM,4.0,1.0,,,4.0,1,103.6,3.108,True,-0.179,62.0,58.0,0,0,0
Singapore,2023,NOR,McLaren,5.0,100.285,MEDIUM,5.0,1.0,,,4.0,1,102.0,3.06,True,-0.179,62.0,57.0,0,0,0
Singapore,2023,NOR,McLaren,6.0,99.992,MEDIUM,6.0,1.0,,,4.0,1,100.4,3.012,True,-0.179,62.0,56.0,0,0,0
Singapore,2023,NOR,McLaren,7.0,99.972,MEDIUM,7.0,1.0,,,4.0,1,98.8,2.964,True,-0.179,62.0,55.0,0,0,0
Singapore,2023,NOR,McLaren,8.0,100.301,MEDIUM,8.0,1.0,,,4.0,1,97.2,2.916,True,-0.179,62.0,54.0,0,0,0
Singapore,2023,NOR,McLaren,9.0,100.13,MEDIUM,9.0,1.0,,,4.0,1,95.6,2.868,True,-0.179,62.0,53.0,0,0,0
Singapore,2023,NOR,McLaren,10.0,99.974,MEDIUM,10.0,1.0,,,4.0,1,94.0,2.82,True,-0.179,62.0,52.0,0,0,0
Singapore,2023,NOR,McLaren,11.0,100.355,MEDIUM,11.0,1.0,,,4.0,1,92.4,2.772,True,-0.179,62.0,51.0,0,0,0
Singapore,2023,NOR,McLaren,12.0,100.466,MEDIUM,12.0,1.0,,,4.0,1,90.8,2.724,True,-0.179,62.0,50.0,0,0,0
Singapore,2023,NOR,McLaren,13.0,100.372,MEDIUM,13.0,1.0,,,4.0,1,89.2,2.676,True,-0.179,62.0,49.0,0,0,0
Singapore,2023,NOR,McLaren,14.0,100.421,MEDIUM,14.0,1.0,,,4.0,1,87.6,2.628,True,-0.179,62.0,48.0,0,0,0
Singapore,2023,NOR,McLaren,15.0,100.247,MEDIUM,15.0,1.0,,,4.0,1,86.0,2.58,True,-0.179,62.0,47.0,0,0,0
Singapore,2023,NOR,McLaren,16.0,100.342,MEDIUM,16.0,1.0,,,4.0,1,84.4,2.532,True,-0.179,62.0,46.0,0,0,0
Singapore,2023,NOR,McLaren,17.0,100.024,MEDIUM,17.0,1.0,,,4.0,1,82.8,2.484,True,-0.179,62.0,45.0,0,0,0
Singapore,2023,NOR,McLaren,18.0,99.693,MEDIUM,18.0,1.0,,,4.0,1,81.2,2.436,True,-0.179,62.0,44.0,0,0,0
Singapore,2023,NOR,McLaren,19.0,99.88,MEDIUM,19.0,1.0,,,4.0,12,79.6,2.388,True,-0.179,62.0,43.0,0,0,0
Singapore,2023,NOR,McLaren,20.0,121.158,MEDIUM,20.0,1.0,5791.281,,4.0,14,78.0,2.34,False,-0.179,62.0,42.0,0,0,1
Singapore,2023,NOR,McLaren,21.0,,HARD,1.0,2.0,,5820.75,5.0,4,76.4,2.292,False,-0.2607,62.0,41.0,1,0,0
Singapore,2023,NOR,McLaren,22.0,148.267,HARD,2.0,2.0,,,5.0,41,74.8,2.244,False,-0.2607,62.0,40.0,0,0,0
Singapore,2023,NOR,McLaren,23.0,102.789,HARD,3.0,2.0,,,4.0,1,73.2,2.196,True,-0.2607,62.0,39.0,0,0,0
Singapore,2023,NOR,McLaren,24.0,100.32,HARD,4.0,2.0,,,3.0,1,71.6,2.148,True,-0.2607,62.0,38.0,0,0,0
Singapore,2023,NOR,McLaren,25.0,100.24,HARD,5.0,2.0,,,3.0,1,70.0,2.1,True,-0.2607,62.0,37.0,0,0,0
Singapore,2023,NOR,McLaren,26.0,99.484,HARD,6.0,2.0,,,3.0,1,68.4,2.052,True,-0.2607,62.0,36.0,0,0,0
Singapore,2023,NOR,McLaren,27.0,99.406,HARD,7.0,2.0,,,3.0,1,66.8,2.004,True,-0.2607,62.0,35.0,0,0,0
Singapore,2023,NOR,McLaren,28.0,100.267,HARD,8.0,2.0,,,3.0,1,65.2,1.956,True,-0.2607,62.0,34.0,0,0,0
Singapore,2023,NOR,McLaren,29.0,100.097,HARD,9.0,2.0,,,3.0,1,63.6,1.908,True,-0.2607,62.0,33.0,0,0,0
Singapore,2023,NOR,McLaren,30.0,99.736,HARD,10.0,2.0,,,3.0,1,62.0,1.86,True,-0.2607,62.0,32.0,0,0,0
Singapore,2023,NOR,McLaren,31.0,99.367,HARD,11.0,2.0,,,3.0,1,60.4,1.812,True,-0.2607,62.0,31.0,0,0,0
Singapore,2023,NOR,McLaren,32.0,99.291,HARD,12.0,2.0,,,3.0,1,58.8,1.764,True,-0.2607,62.0,30.0,0,0,0
Singapore,2023,NOR,McLaren,33.0,99.663,HARD,13.0,2.0,,,3.0,1,57.2,1.716,True,-0.2607,62.0,29.0,0,0,0
Singapore,2023,NOR,McLaren,34.0,100.06,HARD,14.0,2.0,,,3.0,1,55.6,1.668,True,-0.2607,62.0,28.0,0,0,0
Singapore,2023,NOR,McLaren,35.0,99.701,HARD,15.0,2.0,,,3.0,1,54.0,1.62,True,-0.2607,62.0,27.0,0,0,0
Singapore,2023,NOR,McLaren,36.0,99.462,HARD,16.0,2.0,,,3.0,1,52.4,1.572,True,-0.2607,62.0,26.0,0,0,0
Singapore,2023,NOR,McLaren,37.0,99.838,HARD,17.0,2.0,,,3.0,1,50.8,1.524,True,-0.2607,62.0,25.0,0,0,0
Singapore,2023,NOR,McLaren,38.0,99.72,HARD,18.0,2.0,,,3.0,1,49.2,1.476,True,-0.2607,62.0,24.0,0,0,0
Singapore,2023,NOR,McLaren,39.0,99.271,HARD,19.0,2.0,,,3.0,1,47.6,1.428,True,-0.2607,62.0,23.0,0,0,0
Singapore,2023,NOR,McLaren,40.0,99.346,HARD,20.0,2.0,,,3.0,1,46.0,1.38,True,-0.2607,62.0,22.0,0,0,0
Singapore,2023,NOR,McLaren,41.0,99.662,HARD,21.0,2.0,,,3.0,1,44.4,1.332,True,-0.2607,62.0,21.0,0,0,0
Singapore,2023,NOR,McLaren,42.0,99.606,HARD,22.0,2.0,,,3.0,1,42.8,1.284,True,-0.2607,62.0,20.0,0,0,0
Singapore,2023,NOR,McLaren,43.0,99.56,HARD,23.0,2.0,,,3.0,12,41.2,1.236,True,-0.2607,62.0,19.0,0,0,0
Singapore,2023,NOR,McLaren,44.0,138.86,HARD,24.0,2.0,,,2.0,26,39.6,1.188,False,-0.2607,62.0,18.0,0,0,0
Singapore,2023,NOR,McLaren,45.0,120.748,HARD,25.0,2.0,,,2.0,671,38.0,1.14,False,-0.2607,62.0,17.0,0,0,0
Singapore,2023,NOR,McLaren,46.0,98.046,HARD,26.0,2.0,,,2.0,1,36.4,1.092,True,-0.2607,62.0,16.0,0,0,0
Singapore,2023,NOR,McLaren,47.0,98.157,HARD,27.0,2.0,,,2.0,12,34.8,1.044,True,-0.2607,62.0,15.0,0,0,0
Singapore,2023,NOR,McLaren,48.0,98.049,HARD,28.0,2.0,,,2.0,1,33.2,0.996,True,-0.2607,62.0,14.0,0,0,0
Singapore,2023,NOR,McLaren,49.0,98.173,HARD,29.0,2.0,,,2.0,1,31.6,0.948,True,-0.2607,62.0,13.0,0,0,0
Singapore,2023,NOR,McLaren,50.0,98.148,HARD,30.0,2.0,,,2.0,1,30.0,0.9,True,-0.2607,62.0,12.0,0,0,0
Singapore,2023,NOR,McLaren,51.0,98.124,HARD,31.0,2.0,,,2.0,1,28.4,0.852,True,-0.2607,62.0,11.0,0,0,0
Singapore,2023,NOR,McLaren,52.0,98.25,HARD,32.0,2.0,,,2.0,1,26.8,0.804,True,-0.2607,62.0,10.0,0,0,0
Singapore,2023,NOR,McLaren,53.0,98.392,HARD,33.0,2.0,,,2.0,12,25.2,0.756,True,-0.2607,62.0,9.0,0,0,0
Singapore,2023,NOR,McLaren,54.0,98.423,HARD,34.0,2.0,,,2.0,1,23.6,0.708,True,-0.2607,62.0,8.0,0,0,0
Singapore,2023,NOR,McLaren,55.0,98.492,HARD,35.0,2.0,,,2.0,1,22.0,0.66,True,-0.2607,62.0,7.0,0,0,0
Singapore,2023,NOR,McLaren,56.0,98.473,HARD,36.0,2.0,,,2.0,1,20.4,0.612,True,-0.2607,62.0,6.0,0,0,0
Singapore,2023,NOR,McLaren,57.0,98.617,HARD,37.0,2.0,,,2.0,1,18.8,0.564,True,-0.2607,62.0,5.0,0,0,0
Singapore,2023,NOR,McLaren,58.0,99.16,HARD,38.0,2.0,,,2.0,1,17.2,0.516,True,-0.2607,62.0,4.0,0,0,0
Singapore,2023,NOR,McLaren,59.0,100.416,HARD,39.0,2.0,,,2.0,12,15.6,0.468,True,-0.2607,62.0,3.0,0,0,0
Singapore,2023,NOR,McLaren,60.0,99.396,HARD,40.0,2.0,,,2.0,1,14.0,0.42,True,-0.2607,62.0,2.0,0,0,0
Singapore,2023,NOR,McLaren,61.0,99.51,HARD,41.0,2.0,,,2.0,1,12.4,0.372,True,-0.2607,62.0,1.0,0,0,0
Singapore,2023,NOR,McLaren,62.0,99.677,HARD,42.0,2.0,,,2.0,12,10.8,0.324,True,-0.2607,62.0,0.0,0,0,0
Singapore,2023,LAW,AlphaTauri,1.0,110.934,MEDIUM,1.0,1.0,,,12.0,12,108.4,3.252,False,0.2234,62.0,61.0,0,0,0
Singapore,2023,LAW,AlphaTauri,2.0,102.139,MEDIUM,2.0,1.0,,,12.0,12,106.8,3.204,True,0.2234,62.0,60.0,0,0,0
Singapore,2023,LAW,AlphaTauri,3.0,101.514,MEDIUM,3.0,1.0,,,12.0,1,105.2,3.156,True,0.2234,62.0,59.0,0,0,0
Singapore,2023,LAW,AlphaTauri,4.0,101.359,MEDIUM,4.0,1.0,,,12.0,1,103.6,3.108,True,0.2234,62.0,58.0,0,0,0
Singapore,2023,LAW,AlphaTauri,5.0,101.351,MEDIUM,5.0,1.0,,,12.0,1,102.0,3.06,True,0.2234,62.0,57.0,0,0,0
Singapore,2023,LAW,AlphaTauri,6.0,101.933,MEDIUM,6.0,1.0,,,12.0,1,100.4,3.012,True,0.2234,62.0,56.0,0,0,0
Singapore,2023,LAW,AlphaTauri,7.0,101.468,MEDIUM,7.0,1.0,,,12.0,1,98.8,2.964,True,0.2234,62.0,55.0,0,0,0
Singapore,2023,LAW,AlphaTauri,8.0,100.893,MEDIUM,8.0,1.0,,,12.0,1,97.2,2.916,True,0.2234,62.0,54.0,0,0,0
Singapore,2023,LAW,AlphaTauri,9.0,100.886,MEDIUM,9.0,1.0,,,12.0,1,95.6,2.868,True,0.2234,62.0,53.0,0,0,0
Singapore,2023,LAW,AlphaTauri,10.0,100.598,MEDIUM,10.0,1.0,,,12.0,1,94.0,2.82,True,0.2234,62.0,52.0,0,0,0
Singapore,2023,LAW,AlphaTauri,11.0,100.824,MEDIUM,11.0,1.0,,,12.0,1,92.4,2.772,True,0.2234,62.0,51.0,0,0,0
Singapore,2023,LAW,AlphaTauri,12.0,100.454,MEDIUM,12.0,1.0,,,12.0,1,90.8,2.724,True,0.2234,62.0,50.0,0,0,0
Singapore,2023,LAW,AlphaTauri,13.0,100.642,MEDIUM,13.0,1.0,,,12.0,1,89.2,2.676,True,0.2234,62.0,49.0,0,0,0
Singapore,2023,LAW,AlphaTauri,14.0,100.676,MEDIUM,14.0,1.0,,,12.0,1,87.6,2.628,True,0.2234,62.0,48.0,0,0,0
Singapore,2023,LAW,AlphaTauri,15.0,100.728,MEDIUM,15.0,1.0,,,12.0,1,86.0,2.58,True,0.2234,62.0,47.0,0,0,0
Singapore,2023,LAW,AlphaTauri,16.0,100.941,MEDIUM,16.0,1.0,,,12.0,1,84.4,2.532,True,0.2234,62.0,46.0,0,0,0
Singapore,2023,LAW,AlphaTauri,17.0,100.94,MEDIUM,17.0,1.0,,,12.0,1,82.8,2.484,True,0.2234,62.0,45.0,0,0,0
Singapore,2023,LAW,AlphaTauri,18.0,101.119,MEDIUM,18.0,1.0,,,12.0,1,81.2,2.436,True,0.2234,62.0,44.0,0,0,0
Singapore,2023,LAW,AlphaTauri,19.0,101.286,MEDIUM,19.0,1.0,,,12.0,12,79.6,2.388,True,0.2234,62.0,43.0,0,0,0
Singapore,2023,LAW,AlphaTauri,20.0,128.455,MEDIUM,20.0,1.0,5815.796,,13.0,14,78.0,2.34,False,0.2234,62.0,42.0,0,0,1
Singapore,2023,LAW,AlphaTauri,21.0,,HARD,1.0,2.0,,5848.124,14.0,4,76.4,2.292,False,0.1163,62.0,41.0,1,0,0
Singapore,2023,LAW,AlphaTauri,22.0,137.713,HARD,2.0,2.0,,,14.0,41,74.8,2.244,False,0.1163,62.0,40.0,0,0,0
Singapore,2023,LAW,AlphaTauri,23.0,103.523,HARD,3.0,2.0,,,14.0,1,73.2,2.196,True,0.1163,62.0,39.0,0,0,0
Singapore,2023,LAW,AlphaTauri,24.0,102.294,HARD,4.0,2.0,,,13.0,1,71.6,2.148,True,0.1163,62.0,38.0,0,0,0
Singapore,2023,LAW,AlphaTauri,25.0,101.399,HARD,5.0,2.0,,,13.0,1,70.0,2.1,True,0.1163,62.0,37.0,0,0,0
Singapore,2023,LAW,AlphaTauri,26.0,100.971,HARD,6.0,2.0,,,13.0,1,68.4,2.052,True,0.1163,62.0,36.0,0,0,0
Singapore,2023,LAW,AlphaTauri,27.0,100.231,HARD,7.0,2.0,,,13.0,1,66.8,2.004,True,0.1163,62.0,35.0,0,0,0
Singapore,2023,LAW,AlphaTauri,28.0,101.5,HARD,8.0,2.0,,,13.0,1,65.2,1.956,True,0.1163,62.0,34.0,0,0,0
Singapore,2023,LAW,AlphaTauri,29.0,101.515,HARD,9.0,2.0,,,13.0,1,63.6,1.908,True,0.1163,62.0,33.0,0,0,0
Singapore,2023,LAW,AlphaTauri,30.0,100.999,HARD,10.0,2.0,,,13.0,1,62.0,1.86,True,0.1163,62.0,32.0,0,0,0
Singapore,2023,LAW,AlphaTauri,31.0,100.44,HARD,11.0,2.0,,,13.0,1,60.4,1.812,True,0.1163,62.0,31.0,0,0,0
Singapore,2023,LAW,AlphaTauri,32.0,100.055,HARD,12.0,2.0,,,13.0,1,58.8,1.764,True,0.1163,62.0,30.0,0,0,0
Singapore,2023,LAW,AlphaTauri,33.0,100.334,HARD,13.0,2.0,,,13.0,1,57.2,1.716,True,0.1163,62.0,29.0,0,0,0
Singapore,2023,LAW,AlphaTauri,34.0,100.953,HARD,14.0,2.0,,,13.0,1,55.6,1.668,True,0.1163,62.0,28.0,0,0,0
Singapore,2023,LAW,AlphaTauri,35.0,102.148,HARD,15.0,2.0,,,13.0,1,54.0,1.62,True,0.1163,62.0,27.0,0,0,0
Singapore,2023,LAW,AlphaTauri,36.0,101.1,HARD,16.0,2.0,,,12.0,1,52.4,1.572,True,0.1163,62.0,26.0,0,0,0
Singapore,2023,LAW,AlphaTauri,37.0,100.797,HARD,17.0,2.0,,,12.0,1,50.8,1.524,True,0.1163,62.0,25.0,0,0,0
Singapore,2023,LAW,AlphaTauri,38.0,101.106,HARD,18.0,2.0,,,12.0,1,49.2,1.476,True,0.1163,62.0,24.0,0,0,0
Singapore,2023,LAW,AlphaTauri,39.0,101.845,HARD,19.0,2.0,,,11.0,1,47.6,1.428,True,0.1163,62.0,23.0,0,0,0
Singapore,2023,LAW,AlphaTauri,40.0,101.182,HARD,20.0,2.0,,,11.0,1,46.0,1.38,True,0.1163,62.0,22.0,0,0,0
Singapore,2023,LAW,AlphaTauri,41.0,100.315,HARD,21.0,2.0,,,10.0,1,44.4,1.332,True,0.1163,62.0,21.0,0,0,0
Singapore,2023,LAW,AlphaTauri,42.0,100.181,HARD,22.0,2.0,,,10.0,1,42.8,1.284,True,0.1163,62.0,20.0,0,0,0
Singapore,2023,LAW,AlphaTauri,43.0,111.885,HARD,23.0,2.0,,,9.0,126,41.2,1.236,False,0.1163,62.0,19.0,0,0,0
Singapore,2023,LAW,AlphaTauri,44.0,138.528,HARD,24.0,2.0,,,8.0,6,39.6,1.188,False,0.1163,62.0,18.0,1,0,0
Singapore,2023,LAW,AlphaTauri,45.0,110.881,HARD,25.0,2.0,,,8.0,671,38.0,1.14,False,0.1163,62.0,17.0,0,0,0
Singapore,2023,LAW,AlphaTauri,46.0,99.132,HARD,26.0,2.0,,,8.0,1,36.4,1.092,True,0.1163,62.0,16.0,0,0,0
Singapore,2023,LAW,AlphaTauri,47.0,99.028,HARD,27.0,2.0,,,8.0,12,34.8,1.044,True,0.1163,62.0,15.0,0,0,0
Singapore,2023,LAW,AlphaTauri,48.0,99.386,HARD,28.0,2.0,,,8.0,1,33.2,0.996,True,0.1163,62.0,14.0,0,0,0
Singapore,2023,LAW,AlphaTauri,49.0,99.783,HARD,29.0,2.0,,,8.0,1,31.6,0.948,True,0.1163,62.0,13.0,0,0,0
Singapore,2023,LAW,AlphaTauri,50.0,101.093,HARD,30.0,2.0,,,9.0,1,30.0,0.9,True,0.1163,62.0,12.0,0,0,0
Singapore,2023,LAW,AlphaTauri,51.0,100.801,HARD,31.0,2.0,,,9.0,1,28.4,0.852,True,0.1163,62.0,11.0,0,0,0
Singapore,2023,LAW,AlphaTauri,52.0,99.95,HARD,32.0,2.0,,,9.0,1,26.8,0.804,True,0.1163,62.0,10.0,0,0,0
Singapore,2023,LAW,AlphaTauri,53.0,99.996,HARD,33.0,2.0,,,9.0,12,25.2,0.756,True,0.1163,62.0,9.0,0,0,0
Singapore,2023,LAW,AlphaTauri,54.0,99.884,HARD,34.0,2.0,,,9.0,1,23.6,0.708,True,0.1163,62.0,8.0,0,0,0
Singapore,2023,LAW,AlphaTauri,55.0,99.803,HARD,35.0,2.0,,,9.0,1,22.0,0.66,True,0.1163,62.0,7.0,0,0,0
Singapore,2023,LAW,AlphaTauri,56.0,99.962,HARD,36.0,2.0,,,9.0,1,20.4,0.612,True,0.1163,62.0,6.0,0,0,0
Singapore,2023,LAW,AlphaTauri,57.0,101.698,HARD,37.0,2.0,,,9.0,1,18.8,0.564,True,0.1163,62.0,5.0,0,0,0
Singapore,2023,LAW,AlphaTauri,58.0,101.423,HARD,38.0,2.0,,,9.0,12,17.2,0.516,True,0.1163,62.0,4.0,0,0,0
Singapore,2023,LAW,AlphaTauri,59.0,101.91,HARD,39.0,2.0,,,9.0,1,15.6,0.468,True,0.1163,62.0,3.0,0,0,0
Singapore,2023,LAW,AlphaTauri,60.0,103.089,HARD,40.0,2.0,,,10.0,1,14.0,0.42,True,0.1163,62.0,2.0,0,0,0
Singapore,2023,LAW,AlphaTauri,61.0,101.007,HARD,41.0,2.0,,,10.0,12,12.4,0.372,True,0.1163,62.0,1.0,0,0,0
Singapore,2023,LAW,AlphaTauri,62.0,102.328,HARD,42.0,2.0,,,9.0,2,10.8,0.324,True,0.1163,62.0,0.0,0,0,0
Singapore,2023,HAM,Mercedes,1.0,105.023,MEDIUM,1.0,1.0,,,3.0,12,108.4,3.252,False,-0.2872,62.0,61.0,0,0,0
Singapore,2023,HAM,Mercedes,2.0,102.587,MEDIUM,2.0,1.0,,,4.0,12,106.8,3.204,True,-0.2872,62.0,60.0,0,0,0
Singapore,2023,HAM,Mercedes,3.0,101.088,MEDIUM,3.0,1.0,,,4.0,1,105.2,3.156,True,-0.2872,62.0,59.0,0,0,0
Singapore,2023,HAM,Mercedes,4.0,102.861,MEDIUM,4.0,1.0,,,5.0,1,103.6,3.108,True,-0.2872,62.0,58.0,0,0,0
Singapore,2023,HAM,Mercedes,5.0,100.978,MEDIUM,5.0,1.0,,,5.0,1,102.0,3.06,True,-0.2872,62.0,57.0,0,0,0
Singapore,2023,HAM,Mercedes,6.0,100.126,MEDIUM,6.0,1.0,,,5.0,1,100.4,3.012,True,-0.2872,62.0,56.0,0,0,0
Singapore,2023,HAM,Mercedes,7.0,99.918,MEDIUM,7.0,1.0,,,5.0,1,98.8,2.964,True,-0.2872,62.0,55.0,0,0,0
Singapore,2023,HAM,Mercedes,8.0,100.166,MEDIUM,8.0,1.0,,,5.0,1,97.2,2.916,True,-0.2872,62.0,54.0,0,0,0
Singapore,2023,HAM,Mercedes,9.0,100.312,MEDIUM,9.0,1.0,,,5.0,1,95.6,2.868,True,-0.2872,62.0,53.0,0,0,0
Singapore,2023,HAM,Mercedes,10.0,100.144,MEDIUM,10.0,1.0,,,5.0,1,94.0,2.82,True,-0.2872,62.0,52.0,0,0,0
Singapore,2023,HAM,Mercedes,11.0,100.241,MEDIUM,11.0,1.0,,,5.0,1,92.4,2.772,True,-0.2872,62.0,51.0,0,0,0
Singapore,2023,HAM,Mercedes,12.0,100.218,MEDIUM,12.0,1.0,,,5.0,1,90.8,2.724,True,-0.2872,62.0,50.0,0,0,0
Singapore,2023,HAM,Mercedes,13.0,100.081,MEDIUM,13.0,1.0,,,5.0,1,89.2,2.676,True,-0.2872,62.0,49.0,0,0,0
Singapore,2023,HAM,Mercedes,14.0,100.273,MEDIUM,14.0,1.0,,,5.0,1,87.6,2.628,True,-0.2872,62.0,48.0,0,0,0
Singapore,2023,HAM,Mercedes,15.0,100.394,MEDIUM,15.0,1.0,,,5.0,1,86.0,2.58,True,-0.2872,62.0,47.0,0,0,0
Singapore,2023,HAM,Mercedes,16.0,100.785,MEDIUM,16.0,1.0,,,5.0,1,84.4,2.532,True,-0.2872,62.0,46.0,0,0,0
Singapore,2023,HAM,Mercedes,17.0,100.38,MEDIUM,17.0,1.0,,,5.0,1,82.8,2.484,True,-0.2872,62.0,45.0,0,0,0
Singapore,2023,HAM,Mercedes,18.0,100.364,MEDIUM,18.0,1.0,,,5.0,1,81.2,2.436,True,-0.2872,62.0,44.0,0,0,0
Singapore,2023,HAM,Mercedes,19.0,99.394,MEDIUM,19.0,1.0,,,5.0,12,79.6,2.388,True,-0.2872,62.0,43.0,0,0,0
Singapore,2023,HAM,Mercedes,20.0,121.815,MEDIUM,20.0,1.0,5793.75,,5.0,14,78.0,2.34,False,-0.2872,62.0,42.0,0,0,1
Singapore,2023,HAM,Mercedes,21.0,,HARD,1.0,2.0,,5826.359,7.0,4,76.4,2.292,False,-0.1122,62.0,41.0,1,0,0
Singapore,2023,HAM,Mercedes,22.0,146.231,HARD,2.0,2.0,,,7.0,41,74.8,2.244,False,-0.1122,62.0,40.0,0,0,0
Singapore,2023,HAM,Mercedes,23.0,103.08,HARD,3.0,2.0,,,6.0,1,73.2,2.196,True,-0.1122,62.0,39.0,0,0,0
Singapore,2023,HAM,Mercedes,24.0,100.957,HARD,4.0,2.0,,,5.0,1,71.6,2.148,True,-0.1122,62.0,38.0,0,0,0
Singapore,2023,HAM,Mercedes,25.0,100.442,HARD,5.0,2.0,,,5.0,1,70.0,2.1,True,-0.1122,62.0,37.0,0,0,0
Singapore,2023,HAM,Mercedes,26.0,99.954,HARD,6.0,2.0,,,5.0,1,68.4,2.052,True,-0.1122,62.0,36.0,0,0,0
Singapore,2023,HAM,Mercedes,27.0,99.226,HARD,7.0,2.0,,,4.0,1,66.8,2.004,True,-0.1122,62.0,35.0,0,0,0
Singapore,2023,HAM,Mercedes,28.0,99.679,HARD,8.0,2.0,,,4.0,1,65.2,1.956,True,-0.1122,62.0,34.0,0,0,0
Singapore,2023,HAM,Mercedes,29.0,99.52,HARD,9.0,2.0,,,4.0,1,63.6,1.908,True,-0.1122,62.0,33.0,0,0,0
Singapore,2023,HAM,Mercedes,30.0,99.142,HARD,10.0,2.0,,,4.0,1,62.0,1.86,True,-0.1122,62.0,32.0,0,0,0
Singapore,2023,HAM,Mercedes,31.0,99.32,HARD,11.0,2.0,,,4.0,1,60.4,1.812,True,-0.1122,62.0,31.0,0,0,0
Singapore,2023,HAM,Mercedes,32.0,99.186,HARD,12.0,2.0,,,4.0,1,58.8,1.764,True,-0.1122,62.0,30.0,0,0,0
Singapore,2023,HAM,Mercedes,33.0,100.62,HARD,13.0,2.0,,,4.0,1,57.2,1.716,True,-0.1122,62.0,29.0,0,0,0
Singapore,2023,HAM,Mercedes,34.0,99.545,HARD,14.0,2.0,,,4.0,1,55.6,1.668,True,-0.1122,62.0,28.0,0,0,0
Singapore,2023,HAM,Mercedes,35.0,99.51,HARD,15.0,2.0,,,4.0,1,54.0,1.62,True,-0.1122,62.0,27.0,0,0,0
Singapore,2023,HAM,Mercedes,36.0,99.362,HARD,16.0,2.0,,,4.0,1,52.4,1.572,True,-0.1122,62.0,26.0,0,0,0
Singapore,2023,HAM,Mercedes,37.0,99.959,HARD,17.0,2.0,,,4.0,1,50.8,1.524,True,-0.1122,62.0,25.0,0,0,0
Singapore,2023,HAM,Mercedes,38.0,99.86,HARD,18.0,2.0,,,4.0,1,49.2,1.476,True,-0.1122,62.0,24.0,0,0,0
Singapore,2023,HAM,Mercedes,39.0,99.264,HARD,19.0,2.0,,,4.0,1,47.6,1.428,True,-0.1122,62.0,23.0,0,0,0
Singapore,2023,HAM,Mercedes,40.0,99.472,HARD,20.0,2.0,,,4.0,1,46.0,1.38,True,-0.1122,62.0,22.0,0,0,0
Singapore,2023,HAM,Mercedes,41.0,99.698,HARD,21.0,2.0,,,4.0,1,44.4,1.332,True,-0.1122,62.0,21.0,0,0,0
Singapore,2023,HAM,Mercedes,42.0,99.686,HARD,22.0,2.0,,,4.0,1,42.8,1.284,True,-0.1122,62.0,20.0,0,0,0
Singapore,2023,HAM,Mercedes,43.0,99.291,HARD,23.0,2.0,,,4.0,126,41.2,1.236,False,-0.1122,62.0,19.0,0,0,0
Singapore,2023,HAM,Mercedes,44.0,145.716,HARD,24.0,2.0,8364.205,,5.0,6,39.6,1.188,False,-0.1122,62.0,18.0,1,0,1
Singapore,2023,HAM,Mercedes,45.0,133.606,MEDIUM,1.0,3.0,,8397.767,5.0,671,38.0,1.14,False,-0.2287,62.0,17.0,0,0,0
Singapore,2023,HAM,Mercedes,46.0,96.953,MEDIUM,2.0,3.0,,,5.0,1,36.4,1.092,True,-0.2287,62.0,16.0,0,0,0
Singapore,2023,HAM,Mercedes,47.0,95.867,MEDIUM,3.0,3.0,,,5.0,12,34.8,1.044,True,-0.2287,62.0,15.0,0,0,0
Singapore,2023,HAM,Mercedes,48.0,96.122,MEDIUM,4.0,3.0,,,5.0,1,33.2,0.996,True,-0.2287,62.0,14.0,0,0,0
Singapore,2023,HAM,Mercedes,49.0,96.22,MEDIUM,5.0,3.0,,,5.0,1,31.6,0.948,True,-0.2287,62.0,13.0,0,0,0
Singapore,2023,HAM,Mercedes,50.0,96.462,MEDIUM,6.0,3.0,,,5.0,1,30.0,0.9,True,-0.2287,62.0,12.0,0,0,0
Singapore,2023,HAM,Mercedes,51.0,96.479,MEDIUM,7.0,3.0,,,5.0,1,28.4,0.852,True,-0.2287,62.0,11.0,0,0,0
Singapore,2023,HAM,Mercedes,52.0,96.555,MEDIUM,8.0,3.0,,,5.0,1,26.8,0.804,True,-0.2287,62.0,10.0,0,0,0
Singapore,2023,HAM,Mercedes,53.0,97.698,MEDIUM,9.0,3.0,,,5.0,12,25.2,0.756,True,-0.2287,62.0,9.0,0,0,0
Singapore,2023,HAM,Mercedes,54.0,97.924,MEDIUM,10.0,3.0,,,4.0,1,23.6,0.708,True,-0.2287,62.0,8.0,0,0,0
Singapore,2023,HAM,Mercedes,55.0,97.221,MEDIUM,11.0,3.0,,,4.0,1,22.0,0.66,True,-0.2287,62.0,7.0,0,0,0
Singapore,2023,HAM,Mercedes,56.0,96.411,MEDIUM,12.0,3.0,,,4.0,1,20.4,0.612,True,-0.2287,62.0,6.0,0,0,0
Singapore,2023,HAM,Mercedes,57.0,97.111,MEDIUM,13.0,3.0,,,4.0,1,18.8,0.564,True,-0.2287,62.0,5.0,0,0,0
Singapore,2023,HAM,Mercedes,58.0,97.982,MEDIUM,14.0,3.0,,,4.0,1,17.2,0.516,True,-0.2287,62.0,4.0,0,0,0
Singapore,2023,HAM,Mercedes,59.0,100.167,MEDIUM,15.0,3.0,,,4.0,12,15.6,0.468,True,-0.2287,62.0,3.0,0,0,0
Singapore,2023,HAM,Mercedes,60.0,99.772,MEDIUM,16.0,3.0,,,4.0,1,14.0,0.42,True,-0.2287,62.0,2.0,0,0,0
Singapore,2023,HAM,Mercedes,61.0,99.096,MEDIUM,17.0,3.0,,,4.0,1,12.4,0.372,True,-0.2287,62.0,1.0,0,0,0
Singapore,2023,HAM,Mercedes,62.0,99.347,MEDIUM,18.0,3.0,,,3.0,12,10.8,0.324,True,-0.2287,62.0,0.0,0,0,0
Singapore,2023,SAI,Ferrari,1.0,103.309,MEDIUM,1.0,1.0,,,1.0,12,108.4,3.252,False,-0.1998,62.0,61.0,0,0,0
Singapore,2023,SAI,Ferrari,2.0,101.383,MEDIUM,2.0,1.0,,,1.0,12,106.8,3.204,True,-0.1998,62.0,60.0,0,0,0
Singapore,2023,SAI,Ferrari,3.0,100.962,MEDIUM,3.0,1.0,,,1.0,1,105.2,3.156,True,-0.1998,62.0,59.0,0,0,0
Singapore,2023,SAI,Ferrari,4.0,100.58,MEDIUM,4.0,1.0,,,1.0,1,103.6,3.108,True,-0.1998,62.0,58.0,0,0,0
Singapore,2023,SAI,Ferrari,5.0,100.551,MEDIUM,5.0,1.0,,,1.0,1,102.0,3.06,True,-0.1998,62.0,57.0,0,0,0
Singapore,2023,SAI,Ferrari,6.0,100.113,MEDIUM,6.0,1.0,,,1.0,1,100.4,3.012,True,-0.1998,62.0,56.0,0,0,0
Singapore,2023,SAI,Ferrari,7.0,100.178,MEDIUM,7.0,1.0,,,1.0,1,98.8,2.964,True,-0.1998,62.0,55.0,0,0,0
Singapore,2023,SAI,Ferrari,8.0,100.503,MEDIUM,8.0,1.0,,,1.0,1,97.2,2.916,True,-0.1998,62.0,54.0,0,0,0
Singapore,2023,SAI,Ferrari,9.0,99.626,MEDIUM,9.0,1.0,,,1.0,1,95.6,2.868,True,-0.1998,62.0,53.0,0,0,0
Singapore,2023,SAI,Ferrari,10.0,100.369,MEDIUM,10.0,1.0,,,1.0,1,94.0,2.82,True,-0.1998,62.0,52.0,0,0,0
Singapore,2023,SAI,Ferrari,11.0,100.297,MEDIUM,11.0,1.0,,,1.0,1,92.4,2.772,True,-0.1998,62.0,51.0,0,0,0
Singapore,2023,SAI,Ferrari,12.0,100.53,MEDIUM,12.0,1.0,,,1.0,1,90.8,2.724,True,-0.1998,62.0,50.0,0,0,0
Singapore,2023,SAI,Ferrari,13.0,100.356,MEDIUM,13.0,1.0,,,1.0,1,89.2,2.676,True,-0.1998,62.0,49.0,0,0,0
Singapore,2023,SAI,Ferrari,14.0,100.398,MEDIUM,14.0,1.0,,,1.0,1,87.6,2.628,True,-0.1998,62.0,48.0,0,0,0
Singapore,2023,SAI,Ferrari,15.0,99.937,MEDIUM,15.0,1.0,,,1.0,1,86.0,2.58,True,-0.1998,62.0,47.0,0,0,0
Singapore,2023,SAI,Ferrari,16.0,99.398,MEDIUM,16.0,1.0,,,1.0,1,84.4,2.532,True,-0.1998,62.0,46.0,0,0,0
Singapore,2023,SAI,Ferrari,17.0,99.448,MEDIUM,17.0,1.0,,,1.0,1,82.8,2.484,True,-0.1998,62.0,45.0,0,0,0
Singapore,2023,SAI,Ferrari,18.0,98.992,MEDIUM,18.0,1.0,,,1.0,1,81.2,2.436,True,-0.1998,62.0,44.0,0,0,0
Singapore,2023,SAI,Ferrari,19.0,99.029,MEDIUM,19.0,1.0,,,1.0,12,79.6,2.388,True,-0.1998,62.0,43.0,0,0,0
Singapore,2023,SAI,Ferrari,20.0,116.824,MEDIUM,20.0,1.0,5779.344,,1.0,14,78.0,2.34,False,-0.1998,62.0,42.0,0,0,1
Singapore,2023,SAI,Ferrari,21.0,,HARD,1.0,2.0,,5808.875,1.0,4,76.4,2.292,False,-0.0519,62.0,41.0,1,0,0
Singapore,2023,SAI,Ferrari,22.0,,HARD,2.0,2.0,,,1.0,41,74.8,2.244,False,-0.0519,62.0,40.0,0,0,0
Singapore,2023,SAI,Ferrari,23.0,102.423,HARD,3.0,2.0,,,1.0,1,73.2,2.196,True,-0.0519,62.0,39.0,0,0,0
Singapore,2023,SAI,Ferrari,24.0,99.792,HARD,4.0,2.0,,,1.0,1,71.6,2.148,True,-0.0519,62.0,38.0,0,0,0
Singapore,2023,SAI,Ferrari,25.0,99.726,HARD,5.0,2.0,,,1.0,1,70.0,2.1,True,-0.0519,62.0,37.0,0,0,0
Singapore,2023,SAI,Ferrari,26.0,99.185,HARD,6.0,2.0,,,1.0,1,68.4,2.052,True,-0.0519,62.0,36.0,0,0,0
Singapore,2023,SAI,Ferrari,27.0,99.835,HARD,7.0,2.0,,,1.0,1,66.8,2.004,True,-0.0519,62.0,35.0,0,0,0
Singapore,2023,SAI,Ferrari,28.0,101.23,HARD,8.0,2.0,,,1.0,1,65.2,1.956,True,-0.0519,62.0,34.0,0,0,0
Singapore,2023,SAI,Ferrari,29.0,100.225,HARD,9.0,2.0,,,1.0,1,63.6,1.908,True,-0.0519,62.0,33.0,0,0,0
Singapore,2023,SAI,Ferrari,30.0,100.217,HARD,10.0,2.0,,,1.0,1,62.0,1.86,True,-0.0519,62.0,32.0,0,0,0
Singapore,2023,SAI,Ferrari,31.0,99.633,HARD,11.0,2.0,,,1.0,1,60.4,1.812,True,-0.0519,62.0,31.0,0,0,0
Singapore,2023,SAI,Ferrari,32.0,99.184,HARD,12.0,2.0,,,1.0,1,58.8,1.764,True,-0.0519,62.0,30.0,0,0,0
Singapore,2023,SAI,Ferrari,33.0,99.235,HARD,13.0,2.0,,,1.0,1,57.2,1.716,True,-0.0519,62.0,29.0,0,0,0
Singapore,2023,SAI,Ferrari,34.0,100.025,HARD,14.0,2.0,,,1.0,1,55.6,1.668,True,-0.0519,62.0,28.0,0,0,0
Singapore,2023,SAI,Ferrari,35.0,99.97,HARD,15.0,2.0,,,1.0,1,54.0,1.62,True,-0.0519,62.0,27.0,0,0,0
Singapore,2023,SAI,Ferrari,36.0,99.544,HARD,16.0,2.0,,,1.0,1,52.4,1.572,True,-0.0519,62.0,26.0,0,0,0
Singapore,2023,SAI,Ferrari,37.0,99.884,HARD,17.0,2.0,,,1.0,1,50.8,1.524,True,-0.0519,62.0,25.0,0,0,0
Singapore,2023,SAI,Ferrari,38.0,99.519,HARD,18.0,2.0,,,1.0,1,49.2,1.476,True,-0.0519,62.0,24.0,0,0,0
Singapore,2023,SAI,Ferrari,39.0,99.253,HARD,19.0,2.0,,,1.0,1,47.6,1.428,True,-0.0519,62.0,23.0,0,0,0
Singapore,2023,SAI,Ferrari,40.0,99.393,HARD,20.0,2.0,,,1.0,1,46.0,1.38,True,-0.0519,62.0,22.0,0,0,0
Singapore,2023,SAI,Ferrari,41.0,99.798,HARD,21.0,2.0,,,1.0,1,44.4,1.332,True,-0.0519,62.0,21.0,0,0,0
Singapore,2023,SAI,Ferrari,42.0,99.939,HARD,22.0,2.0,,,1.0,1,42.8,1.284,True,-0.0519,62.0,20.0,0,0,0
Singapore,2023,SAI,Ferrari,43.0,99.248,HARD,23.0,2.0,,,1.0,12,41.2,1.236,True,-0.0519,62.0,19.0,0,0,0
Singapore,2023,SAI,Ferrari,44.0,138.57,HARD,24.0,2.0,,,1.0,26,39.6,1.188,False,-0.0519,62.0,18.0,0,0,0
Singapore,2023,SAI,Ferrari,45.0,121.324,HARD,25.0,2.0,,,1.0,671,38.0,1.14,False,-0.0519,62.0,17.0,0,0,0
Singapore,2023,SAI,Ferrari,46.0,97.913,HARD,26.0,2.0,,,1.0,1,36.4,1.092,True,-0.0519,62.0,16.0,0,0,0
Singapore,2023,SAI,Ferrari,47.0,97.666,HARD,27.0,2.0,,,1.0,12,34.8,1.044,True,-0.0519,62.0,15.0,0,0,0
Singapore,2023,SAI,Ferrari,48.0,98.2,HARD,28.0,2.0,,,1.0,1,33.2,0.996,True,-0.0519,62.0,14.0,0,0,0
Singapore,2023,SAI,Ferrari,49.0,98.221,HARD,29.0,2.0,,,1.0,1,31.6,0.948,True,-0.0519,62.0,13.0,0,0,0
Singapore,2023,SAI,Ferrari,50.0,98.637,HARD,30.0,2.0,,,1.0,1,30.0,0.9,True,-0.0519,62.0,12.0,0,0,0
Singapore,2023,SAI,Ferrari,51.0,98.04,HARD,31.0,2.0,,,1.0,1,28.4,0.852,True,-0.0519,62.0,11.0,0,0,0
Singapore,2023,SAI,Ferrari,52.0,98.218,HARD,32.0,2.0,,,1.0,1,26.8,0.804,True,-0.0519,62.0,10.0,0,0,0
Singapore,2023,SAI,Ferrari,53.0,98.327,HARD,33.0,2.0,,,1.0,12,25.2,0.756,True,-0.0519,62.0,9.0,0,0,0
Singapore,2023,SAI,Ferrari,54.0,98.707,HARD,34.0,2.0,,,1.0,1,23.6,0.708,True,-0.0519,62.0,8.0,0,0,0
Singapore,2023,SAI,Ferrari,55.0,98.541,HARD,35.0,2.0,,,1.0,1,22.0,0.66,True,-0.0519,62.0,7.0,0,0,0
Singapore,2023,SAI,Ferrari,56.0,98.52,HARD,36.0,2.0,,,1.0,1,20.4,0.612,True,-0.0519,62.0,6.0,0,0,0
Singapore,2023,SAI,Ferrari,57.0,98.909,HARD,37.0,2.0,,,1.0,1,18.8,0.564,True,-0.0519,62.0,5.0,0,0,0
Singapore,2023,SAI,Ferrari,58.0,99.337,HARD,38.0,2.0,,,1.0,1,17.2,0.516,True,-0.0519,62.0,4.0,0,0,0
Singapore,2023,SAI,Ferrari,59.0,99.575,HARD,39.0,2.0,,,1.0,12,15.6,0.468,True,-0.0519,62.0,3.0,0,0,0
Singapore,2023,SAI,Ferrari,60.0,100.042,HARD,40.0,2.0,,,1.0,1,14.0,0.42,True,-0.0519,62.0,2.0,0,0,0
Singapore,2023,SAI,Ferrari,61.0,99.292,HARD,41.0,2.0,,,1.0,1,12.4,0.372,True,-0.0519,62.0,1.0,0,0,0
Singapore,2023,SAI,Ferrari,62.0,99.958,HARD,42.0,2.0,,,1.0,12,10.8,0.324,True,-0.0519,62.0,0.0,0,0,0
Singapore,2023,RUS,Mercedes,1.0,105.772,MEDIUM,1.0,1.0,,,4.0,12,108.4,3.252,False,-0.2473,62.0,61.0,0,0,0
Singapore,2023,RUS,Mercedes,2.0,101.103,MEDIUM,2.0,1.0,,,3.0,12,106.8,3.204,True,-0.2473,62.0,60.0,0,0,0
Singapore,2023,RUS,Mercedes,3.0,100.944,MEDIUM,3.0,1.0,,,3.0,1,105.2,3.156,True,-0.2473,62.0,59.0,0,0,0
Singapore,2023,RUS,Mercedes,4.0,101.086,MEDIUM,4.0,1.0,,,3.0,1,103.6,3.108,True,-0.2473,62.0,58.0,0,0,0
Singapore,2023,RUS,Mercedes,5.0,100.464,MEDIUM,5.0,1.0,,,3.0,1,102.0,3.06,True,-0.2473,62.0,57.0,0,0,0
Singapore,2023,RUS,Mercedes,6.0,100.221,MEDIUM,6.0,1.0,,,3.0,1,100.4,3.012,True,-0.2473,62.0,56.0,0,0,0
Singapore,2023,RUS,Mercedes,7.0,100.271,MEDIUM,7.0,1.0,,,3.0,1,98.8,2.964,True,-0.2473,62.0,55.0,0,0,0
Singapore,2023,RUS,Mercedes,8.0,100.464,MEDIUM,8.0,1.0,,,3.0,1,97.2,2.916,True,-0.2473,62.0,54.0,0,0,0
Singapore,2023,RUS,Mercedes,9.0,100.039,MEDIUM,9.0,1.0,,,3.0,1,95.6,2.868,True,-0.2473,62.0,53.0,0,0,0
Singapore,2023,RUS,Mercedes,10.0,100.093,MEDIUM,10.0,1.0,,,3.0,1,94.0,2.82,True,-0.2473,62.0,52.0,0,0,0
Singapore,2023,RUS,Mercedes,11.0,100.595,MEDIUM,11.0,1.0,,,3.0,1,92.4,2.772,True,-0.2473,62.0,51.0,0,0,0
Singapore,2023,RUS,Mercedes,12.0,100.463,MEDIUM,12.0,1.0,,,3.0,1,90.8,2.724,True,-0.2473,62.0,50.0,0,0,0
Singapore,2023,RUS,Mercedes,13.0,100.344,MEDIUM,13.0,1.0,,,3.0,1,89.2,2.676,True,-0.2473,62.0,49.0,0,0,0
Singapore,2023,RUS,Mercedes,14.0,100.758,MEDIUM,14.0,1.0,,,3.0,1,87.6,2.628,True,-0.2473,62.0,48.0,0,0,0
Singapore,2023,RUS,Mercedes,15.0,99.965,MEDIUM,15.0,1.0,,,3.0,1,86.0,2.58,True,-0.2473,62.0,47.0,0,0,0
Singapore,2023,RUS,Mercedes,16.0,100.062,MEDIUM,16.0,1.0,,,3.0,1,84.4,2.532,True,-0.2473,62.0,46.0,0,0,0
Singapore,2023,RUS,Mercedes,17.0,100.029,MEDIUM,17.0,1.0,,,3.0,1,82.8,2.484,True,-0.2473,62.0,45.0,0,0,0
Singapore,2023,RUS,Mercedes,18.0,99.686,MEDIUM,18.0,1.0,,,3.0,1,81.2,2.436,True,-0.2473,62.0,44.0,0,0,0
Singapore,2023,RUS,Mercedes,19.0,99.996,MEDIUM,19.0,1.0,,,3.0,12,79.6,2.388,True,-0.2473,62.0,43.0,0,0,0
Singapore,2023,RUS,Mercedes,20.0,120.405,MEDIUM,20.0,1.0,5789.437,,3.0,14,78.0,2.34,False,-0.2473,62.0,42.0,0,0,1
Singapore,2023,RUS,Mercedes,21.0,,HARD,1.0,2.0,,5819.406,3.0,4,76.4,2.292,False,-0.2932,62.0,41.0,1,0,0
Singapore,2023,RUS,Mercedes,22.0,149.337,HARD,2.0,2.0,,,3.0,41,74.8,2.244,False,-0.2932,62.0,40.0,0,0,0
Singapore,2023,RUS,Mercedes,23.0,102.341,HARD,3.0,2.0,,,2.0,1,73.2,2.196,True,-0.2932,62.0,39.0,0,0,0
Singapore,2023,RUS,Mercedes,24.0,99.501,HARD,4.0,2.0,,,2.0,1,71.6,2.148,True,-0.2932,62.0,38.0,0,0,0
Singapore,2023,RUS,Mercedes,25.0,99.56,HARD,5.0,2.0,,,2.0,1,70.0,2.1,True,-0.2932,62.0,37.0,0,0,0
Singapore,2023,RUS,Mercedes,26.0,99.173,HARD,6.0,2.0,,,2.0,1,68.4,2.052,True,-0.2932,62.0,36.0,0,0,0
Singapore,2023,RUS,Mercedes,27.0,100.205,HARD,7.0,2.0,,,2.0,1,66.8,2.004,True,-0.2932,62.0,35.0,0,0,0
Singapore,2023,RUS,Mercedes,28.0,101.181,HARD,8.0,2.0,,,2.0,1,65.2,1.956,True,-0.2932,62.0,34.0,0,0,0
Singapore,2023,RUS,Mercedes,29.0,100.413,HARD,9.0,2.0,,,2.0,1,63.6,1.908,True,-0.2932,62.0,33.0,0,0,0
Singapore,2023,RUS,Mercedes,30.0,100.067,HARD,10.0,2.0,,,2.0,1,62.0,1.86,True,-0.2932,62.0,32.0,0,0,0
Singapore,2023,RUS,Mercedes,31.0,99.458,HARD,11.0,2.0,,,2.0,1,60.4,1.812,True,-0.2932,62.0,31.0,0,0,0
Singapore,2023,RUS,Mercedes,32.0,99.319,HARD,12.0,2.0,,,2.0,1,58.8,1.764,True,-0.2932,62.0,30.0,0,0,0
Singapore,2023,RUS,Mercedes,33.0,99.348,HARD,13.0,2.0,,,2.0,1,57.2,1.716,True,-0.2932,62.0,29.0,0,0,0
Singapore,2023,RUS,Mercedes,34.0,99.961,HARD,14.0,2.0,,,2.0,1,55.6,1.668,True,-0.2932,62.0,28.0,0,0,0
Singapore,2023,RUS,Mercedes,35.0,99.986,HARD,15.0,2.0,,,2.0,1,54.0,1.62,True,-0.2932,62.0,27.0,0,0,0
Singapore,2023,RUS,Mercedes,36.0,99.474,HARD,16.0,2.0,,,2.0,1,52.4,1.572,True,-0.2932,62.0,26.0,0,0,0
Singapore,2023,RUS,Mercedes,37.0,99.776,HARD,17.0,2.0,,,2.0,1,50.8,1.524,True,-0.2932,62.0,25.0,0,0,0
Singapore,2023,RUS,Mercedes,38.0,99.635,HARD,18.0,2.0,,,2.0,1,49.2,1.476,True,-0.2932,62.0,24.0,0,0,0
Singapore,2023,RUS,Mercedes,39.0,99.169,HARD,19.0,2.0,,,2.0,1,47.6,1.428,True,-0.2932,62.0,23.0,0,0,0
Singapore,2023,RUS,Mercedes,40.0,99.322,HARD,20.0,2.0,,,2.0,1,46.0,1.38,True,-0.2932,62.0,22.0,0,0,0
Singapore,2023,RUS,Mercedes,41.0,99.803,HARD,21.0,2.0,,,2.0,1,44.4,1.332,True,-0.2932,62.0,21.0,0,0,0
Singapore,2023,RUS,Mercedes,42.0,99.845,HARD,22.0,2.0,,,2.0,1,42.8,1.284,True,-0.2932,62.0,20.0,0,0,0
Singapore,2023,RUS,Mercedes,43.0,99.482,HARD,23.0,2.0,,,2.0,12,41.2,1.236,True,-0.2932,62.0,19.0,0,0,0
Singapore,2023,RUS,Mercedes,44.0,144.887,HARD,24.0,2.0,8361.923,,4.0,26,39.6,1.188,False,-0.2932,62.0,18.0,0,0,1
Singapore,2023,RUS,Mercedes,45.0,131.669,MEDIUM,1.0,3.0,,8391.97,4.0,671,38.0,1.14,False,-0.3723,62.0,17.0,0,0,0
Singapore,2023,RUS,Mercedes,46.0,96.273,MEDIUM,2.0,3.0,,,4.0,1,36.4,1.092,True,-0.3723,62.0,16.0,0,0,0
Singapore,2023,RUS,Mercedes,47.0,96.419,MEDIUM,3.0,3.0,,,4.0,12,34.8,1.044,True,-0.3723,62.0,15.0,0,0,0
Singapore,2023,RUS,Mercedes,48.0,96.649,MEDIUM,4.0,3.0,,,4.0,1,33.2,0.996,True,-0.3723,62.0,14.0,0,0,0
Singapore,2023,RUS,Mercedes,49.0,96.569,MEDIUM,5.0,3.0,,,4.0,1,31.6,0.948,True,-0.3723,62.0,13.0,0,0,0
Singapore,2023,RUS,Mercedes,50.0,97.006,MEDIUM,6.0,3.0,,,4.0,1,30.0,0.9,True,-0.3723,62.0,12.0,0,0,0
Singapore,2023,RUS,Mercedes,51.0,96.757,MEDIUM,7.0,3.0,,,4.0,1,28.4,0.852,True,-0.3723,62.0,11.0,0,0,0
Singapore,2023,RUS,Mercedes,52.0,97.414,MEDIUM,8.0,3.0,,,4.0,1,26.8,0.804,True,-0.3723,62.0,10.0,0,0,0
Singapore,2023,RUS,Mercedes,53.0,98.567,MEDIUM,9.0,3.0,,,3.0,12,25.2,0.756,True,-0.3723,62.0,9.0,0,0,0
Singapore,2023,RUS,Mercedes,54.0,97.396,MEDIUM,10.0,3.0,,,3.0,1,23.6,0.708,True,-0.3723,62.0,8.0,0,0,0
Singapore,2023,RUS,Mercedes,55.0,96.937,MEDIUM,11.0,3.0,,,3.0,1,22.0,0.66,True,-0.3723,62.0,7.0,0,0,0
Singapore,2023,RUS,Mercedes,56.0,97.029,MEDIUM,12.0,3.0,,,3.0,1,20.4,0.612,True,-0.3723,62.0,6.0,0,0,0
Singapore,2023,RUS,Mercedes,57.0,97.246,MEDIUM,13.0,3.0,,,3.0,1,18.8,0.564,True,-0.3723,62.0,5.0,0,0,0
Singapore,2023,RUS,Mercedes,58.0,98.686,MEDIUM,14.0,3.0,,,3.0,1,17.2,0.516,True,-0.3723,62.0,4.0,0,0,0
Singapore,2023,RUS,Mercedes,59.0,100.239,MEDIUM,15.0,3.0,,,3.0,12,15.6,0.468,True,-0.3723,62.0,3.0,0,0,0
Singapore,2023,RUS,Mercedes,60.0,99.51,MEDIUM,16.0,3.0,,,3.0,1,14.0,0.42,True,-0.3723,62.0,2.0,0,0,0
Singapore,2023,RUS,Mercedes,61.0,99.314,MEDIUM,17.0,3.0,,,3.0,1,12.4,0.372,True,-0.3723,62.0,1.0,0,0,0
Singapore,2023,RUS,Mercedes,62.0,,MEDIUM,18.0,3.0,,,,12,10.8,0.324,False,-0.3723,62.0,0.0,0,0,0
Singapore,2023,BOT,Alfa Romeo,1.0,114.714,HARD,1.0,1.0,,,17.0,12,108.4,3.252,False,-0.0484,52.0,51.0,0,0,0
Singapore,2023,BOT,Alfa Romeo,2.0,102.182,HARD,2.0,1.0,,,17.0,21,106.8,3.204,True,-0.0484,52.0,50.0,0,0,0
Singapore,2023,BOT,Alfa Romeo,3.0,103.036,HARD,3.0,1.0,,,17.0,1,105.2,3.156,True,-0.0484,52.0,49.0,0,0,0
Singapore,2023,BOT,Alfa Romeo,4.0,101.766,HARD,4.0,1.0,,,17.0,1,103.6,3.108,True,-0.0484,52.0,48.0,0,0,0
Singapore,2023,BOT,Alfa Romeo,5.0,101.757,HARD,5.0,1.0,,,17.0,1,102.0,3.06,True,-0.0484,52.0,47.0,0,0,0
Singapore,2023,BOT,Alfa Romeo,6.0,101.27,HARD,6.0,1.0,,,17.0,1,100.4,3.012,True,-0.0484,52.0,46.0,0,0,0
Singapore,2023,BOT,Alfa Romeo,7.0,102.397,HARD,7.0,1.0,,,17.0,1,98.8,2.964,True,-0.0484,52.0,45.0,0,0,0
Singapore,2023,BOT,Alfa Romeo,8.0,102.153,HARD,8.0,1.0,,,17.0,1,97.2,2.916,True,-0.0484,52.0,44.0,0,0,0
Singapore,2023,BOT,Alfa Romeo,9.0,101.303,HARD,9.0,1.0,,,17.0,1,95.6,2.868,True,-0.0484,52.0,43.0,0,0,0
Singapore,2023,BOT,Alfa Romeo,10.0,101.23,HARD,10.0,1.0,,,17.0,1,94.0,2.82,True,-0.0484,52.0,42.0,0,0,0
Singapore,2023,BOT,Alfa Romeo,11.0,101.376,HARD,11.0,1.0,,,17.0,1,92.4,2.772,True,-0.0484,52.0,41.0,0,0,0
Singapore,2023,BOT,Alfa Romeo,12.0,101.063,HARD,12.0,1.0,,,17.0,1,90.8,2.724,True,-0.0484,52.0,40.0,0,0,0
Singapore,2023,BOT,Alfa Romeo,13.0,101.194,HARD,13.0,1.0,,,17.0,1,89.2,2.676,True,-0.0484,52.0,39.0,0,0,0
Singapore,2023,BOT,Alfa Romeo,14.0,100.955,HARD,14.0,1.0,,,17.0,1,87.6,2.628,True,-0.0484,52.0,38.0,0,0,0
Singapore,2023,BOT,Alfa Romeo,15.0,100.793,HARD,15.0,1.0,,,17.0,1,86.0,2.58,True,-0.0484,52.0,37.0,0,0,0
Singapore,2023,BOT,Alfa Romeo,16.0,100.925,HARD,16.0,1.0,,,17.0,1,84.4,2.532,True,-0.0484,52.0,36.0,0,0,0
Singapore,2023,BOT,Alfa Romeo,17.0,100.809,HARD,17.0,1.0,,,17.0,1,82.8,2.484,True,-0.0484,52.0,35.0,0,0,0
Singapore,2023,BOT,Alfa Romeo,18.0,100.904,HARD,18.0,1.0,,,17.0,1,81.2,2.436,True,-0.0484,52.0,34.0,0,0,0
Singapore,2023,BOT,Alfa Romeo,19.0,101.786,HARD,19.0,1.0,,,16.0,12,79.6,2.388,True,-0.0484,52.0,33.0,0,0,0
Singapore,2023,BOT,Alfa Romeo,20.0,124.66,HARD,20.0,1.0,,,16.0,14,78.0,2.34,False,-0.0484,52.0,32.0,0,0,0
Singapore,2023,BOT,Alfa Romeo,21.0,,HARD,21.0,1.0,,,10.0,4,76.4,2.292,False,-0.0484,52.0,31.0,1,0,0
Singapore,2023,BOT,Alfa Romeo,22.0,142.499,HARD,22.0,1.0,,,10.0,41,74.8,2.244,False,-0.0484,52.0,30.0,0,0,0
Singapore,2023,BOT,Alfa Romeo,23.0,105.486,HARD,23.0,1.0,,,13.0,1,73.2,2.196,True,-0.0484,52.0,29.0,0,0,0
Singapore,2023,BOT,Alfa Romeo,24.0,106.415,HARD,24.0,1.0,,,17.0,1,71.6,2.148,True,-0.0484,52.0,28.0,0,0,0
Singapore,2023,BOT,Alfa Romeo,25.0,101.759,HARD,25.0,1.0,,,17.0,1,70.0,2.1,True,-0.0484,52.0,27.0,0,0,0
Singapore,2023,BOT,Alfa Romeo,26.0,101.366,HARD,26.0,1.0,,,17.0,1,68.4,2.052,True,-0.0484,52.0,26.0,0,0,0
Singapore,2023,BOT,Alfa Romeo,27.0,101.288,HARD,27.0,1.0,,,17.0,1,66.8,2.004,True,-0.0484,52.0,25.0,0,0,0
Singapore,2023,BOT,Alfa Romeo,28.0,101.288,HARD,28.0,1.0,,,17.0,1,65.2,1.956,True,-0.0484,52.0,24.0,0,0,0
Singapore,2023,BOT,Alfa Romeo,29.0,101.478,HARD,29.0,1.0,,,17.0,1,63.6,1.908,True,-0.0484,52.0,23.0,0,0,0
Singapore,2023,BOT,Alfa Romeo,30.0,101.369,HARD,30.0,1.0,,,17.0,1,62.0,1.86,True,-0.0484,52.0,22.0,0,0,0
Singapore,2023,BOT,Alfa Romeo,31.0,100.907,HARD,31.0,1.0,,,17.0,1,60.4,1.812,True,-0.0484,52.0,21.0,0,0,0
Singapore,2023,BOT,Alfa Romeo,32.0,101.162,HARD,32.0,1.0,,,17.0,1,58.8,1.764,True,-0.0484,52.0,20.0,0,0,0
Singapore,2023,BOT,Alfa Romeo,33.0,101.06,HARD,33.0,1.0,,,17.0,1,57.2,1.716,True,-0.0484,52.0,19.0,0,0,0
Singapore,2023,BOT,Alfa Romeo,34.0,101.088,HARD,34.0,1.0,,,17.0,1,55.6,1.668,True,-0.0484,52.0,18.0,0,0,0
Singapore,2023,BOT,Alfa Romeo,35.0,100.808,HARD,35.0,1.0,,,17.0,1,54.0,1.62,True,-0.0484,52.0,17.0,0,0,0
Singapore,2023,BOT,Alfa Romeo,36.0,101.628,HARD,36.0,1.0,,,17.0,1,52.4,1.572,True,-0.0484,52.0,16.0,0,0,0
Singapore,2023,BOT,Alfa Romeo,37.0,102.375,HARD,37.0,1.0,,,17.0,1,50.8,1.524,True,-0.0484,52.0,15.0,0,0,0
Singapore,2023,BOT,Alfa Romeo,38.0,102.282,HARD,38.0,1.0,,,17.0,1,49.2,1.476,True,-0.0484,52.0,14.0,0,0,0
Singapore,2023,BOT,Alfa Romeo,39.0,102.059,HARD,39.0,1.0,,,17.0,1,47.6,1.428,True,-0.0484,52.0,13.0,0,0,0
Singapore,2023,BOT,Alfa Romeo,40.0,110.101,HARD,40.0,1.0,7967.35,,16.0,1,46.0,1.38,False,-0.0484,52.0,12.0,0,0,1
Singapore,2023,BOT,Alfa Romeo,41.0,120.751,MEDIUM,1.0,2.0,,7997.85,18.0,1,44.4,1.332,False,-1.346,52.0,11.0,0,0,0
Singapore,2023,BOT,Alfa Romeo,42.0,98.392,MEDIUM,2.0,2.0,,,18.0,12,42.8,1.284,True,-1.346,52.0,10.0,0,0,0
Singapore,2023,BOT,Alfa Romeo,43.0,126.949,MEDIUM,3.0,2.0,,,17.0,26,41.2,1.236,False,-1.346,52.0,9.0,0,0,0
Singapore,2023,BOT,Alfa Romeo,44.0,134.405,MEDIUM,4.0,2.0,,,16.0,671,39.6,1.188,False,-1.346,52.0,8.0,0,0,0
Singapore,2023,BOT,Alfa Romeo,45.0,99.08,MEDIUM,5.0,2.0,,,16.0,1,38.0,1.14,True,-1.346,52.0,7.0,0,0,0
Singapore,2023,BOT,Alfa Romeo,46.0,98.979,MEDIUM,6.0,2.0,,,15.0,12,36.4,1.092,True,-1.346,52.0,6.0,0,0,0
Singapore,2023,BOT,Alfa Romeo,47.0,98.729,MEDIUM,7.0,2.0,,,15.0,1,34.8,1.044,True,-1.346,52.0,5.0,0,0,0
Singapore,2023,BOT,Alfa Romeo,48.0,98.573,MEDIUM,8.0,2.0,,,15.0,1,33.2,0.996,True,-1.346,52.0,4.0,0,0,0
Singapore,2023,BOT,Alfa Romeo,49.0,98.525,MEDIUM,9.0,2.0,,,15.0,1,31.6,0.948,True,-1.346,52.0,3.0,0,0,0
Singapore,2023,BOT,Alfa Romeo,50.0,98.092,MEDIUM,10.0,2.0,,,15.0,1,30.0,0.9,True,-1.346,52.0,2.0,0,0,0
Singapore,2023,BOT,Alfa Romeo,51.0,98.075,MEDIUM,11.0,2.0,,,15.0,1,28.4,0.852,True,-1.346,52.0,1.0,0,0,0
Singapore,2023,BOT,Alfa Romeo,52.0,,MEDIUM,12.0,2.0,,,,12,26.8,0.804,False,-1.346,52.0,0.0,0,0,0
Singapore,2023,PIA,McLaren,1.0,111.927,MEDIUM,1.0,1.0,,,14.0,12,108.4,3.252,False,-0.3225,62.0,61.0,0,0,0
Singapore,2023,PIA,McLaren,2.0,102.06,MEDIUM,2.0,1.0,,,14.0,12,106.8,3.204,True,-0.3225,62.0,60.0,0,0,0
Singapore,2023,PIA,McLaren,3.0,101.909,MEDIUM,3.0,1.0,,,14.0,1,105.2,3.156,True,-0.3225,62.0,59.0,0,0,0
Singapore,2023,PIA,McLaren,4.0,101.37,MEDIUM,4.0,1.0,,,14.0,1,103.6,3.108,True,-0.3225,62.0,58.0,0,0,0
Singapore,2023,PIA,McLaren,5.0,101.241,MEDIUM,5.0,1.0,,,14.0,1,102.0,3.06,True,-0.3225,62.0,57.0,0,0,0
Singapore,2023,PIA,McLaren,6.0,102.673,MEDIUM,6.0,1.0,,,14.0,1,100.4,3.012,True,-0.3225,62.0,56.0,0,0,0
Singapore,2023,PIA,McLaren,7.0,102.309,MEDIUM,7.0,1.0,,,14.0,1,98.8,2.964,True,-0.3225,62.0,55.0,0,0,0
Singapore,2023,PIA,McLaren,8.0,101.091,MEDIUM,8.0,1.0,,,14.0,1,97.2,2.916,True,-0.3225,62.0,54.0,0,0,0
Singapore,2023,PIA,McLaren,9.0,100.474,MEDIUM,9.0,1.0,,,14.0,1,95.6,2.868,True,-0.3225,62.0,53.0,0,0,0
Singapore,2023,PIA,McLaren,10.0,100.528,MEDIUM,10.0,1.0,,,14.0,1,94.0,2.82,True,-0.3225,62.0,52.0,0,0,0
Singapore,2023,PIA,McLaren,11.0,100.678,MEDIUM,11.0,1.0,,,14.0,1,92.4,2.772,True,-0.3225,62.0,51.0,0,0,0
Singapore,2023,PIA,McLaren,12.0,100.563,MEDIUM,12.0,1.0,,,14.0,1,90.8,2.724,True,-0.3225,62.0,50.0,0,0,0
Singapore,2023,PIA,McLaren,13.0,101.119,MEDIUM,13.0,1.0,,,14.0,1,89.2,2.676,True,-0.3225,62.0,49.0,0,0,0
Singapore,2023,PIA,McLaren,14.0,100.307,MEDIUM,14.0,1.0,,,14.0,1,87.6,2.628,True,-0.3225,62.0,48.0,0,0,0
Singapore,2023,PIA,McLaren,15.0,100.709,MEDIUM,15.0,1.0,,,14.0,1,86.0,2.58,True,-0.3225,62.0,47.0,0,0,0
Singapore,2023,PIA,McLaren,16.0,100.6,MEDIUM,16.0,1.0,,,14.0,1,84.4,2.532,True,-0.3225,62.0,46.0,0,0,0
Singapore,2023,PIA,McLaren,17.0,100.846,MEDIUM,17.0,1.0,,,14.0,1,82.8,2.484,True,-0.3225,62.0,45.0,0,0,0
Singapore,2023,PIA,McLaren,18.0,100.895,MEDIUM,18.0,1.0,,,14.0,1,81.2,2.436,True,-0.3225,62.0,44.0,0,0,0
Singapore,2023,PIA,McLaren,19.0,101.322,MEDIUM,19.0,1.0,,,14.0,12,79.6,2.388,True,-0.3225,62.0,43.0,0,0,0
Singapore,2023,PIA,McLaren,20.0,128.998,MEDIUM,20.0,1.0,5818.187,,14.0,14,78.0,2.34,False,-0.3225,62.0,42.0,0,0,1
Singapore,2023,PIA,McLaren,21.0,,HARD,1.0,2.0,,5847.452,13.0,4,76.4,2.292,False,-0.2189,62.0,41.0,1,0,0
Singapore,2023,PIA,McLaren,22.0,138.79,HARD,2.0,2.0,,,13.0,41,74.8,2.244,False,-0.2189,62.0,40.0,0,0,0
Singapore,2023,PIA,McLaren,23.0,103.549,HARD,3.0,2.0,,,12.0,1,73.2,2.196,True,-0.2189,62.0,39.0,0,0,0
Singapore,2023,PIA,McLaren,24.0,102.238,HARD,4.0,2.0,,,12.0,1,71.6,2.148,True,-0.2189,62.0,38.0,0,0,0
Singapore,2023,PIA,McLaren,25.0,101.272,HARD,5.0,2.0,,,12.0,1,70.0,2.1,True,-0.2189,62.0,37.0,0,0,0
Singapore,2023,PIA,McLaren,26.0,100.802,HARD,6.0,2.0,,,12.0,1,68.4,2.052,True,-0.2189,62.0,36.0,0,0,0
Singapore,2023,PIA,McLaren,27.0,100.529,HARD,7.0,2.0,,,12.0,1,66.8,2.004,True,-0.2189,62.0,35.0,0,0,0
Singapore,2023,PIA,McLaren,28.0,101.47,HARD,8.0,2.0,,,12.0,1,65.2,1.956,True,-0.2189,62.0,34.0,0,0,0
Singapore,2023,PIA,McLaren,29.0,101.749,HARD,9.0,2.0,,,12.0,1,63.6,1.908,True,-0.2189,62.0,33.0,0,0,0
Singapore,2023,PIA,McLaren,30.0,100.553,HARD,10.0,2.0,,,12.0,1,62.0,1.86,True,-0.2189,62.0,32.0,0,0,0
Singapore,2023,PIA,McLaren,31.0,100.033,HARD,11.0,2.0,,,12.0,1,60.4,1.812,True,-0.2189,62.0,31.0,0,0,0
Singapore,2023,PIA,McLaren,32.0,100.104,HARD,12.0,2.0,,,12.0,1,58.8,1.764,True,-0.2189,62.0,30.0,0,0,0
Singapore,2023,PIA,McLaren,33.0,100.237,HARD,13.0,2.0,,,12.0,1,57.2,1.716,True,-0.2189,62.0,29.0,0,0,0
Singapore,2023,PIA,McLaren,34.0,101.598,HARD,14.0,2.0,,,12.0,1,55.6,1.668,True,-0.2189,62.0,28.0,0,0,0
Singapore,2023,PIA,McLaren,35.0,102.204,HARD,15.0,2.0,,,12.0,1,54.0,1.62,True,-0.2189,62.0,27.0,0,0,0
Singapore,2023,PIA,McLaren,36.0,100.587,HARD,16.0,2.0,,,11.0,1,52.4,1.572,True,-0.2189,62.0,26.0,0,0,0
Singapore,2023,PIA,McLaren,37.0,100.368,HARD,17.0,2.0,,,11.0,1,50.8,1.524,True,-0.2189,62.0,25.0,0,0,0
Singapore,2023,PIA,McLaren,38.0,100.858,HARD,18.0,2.0,,,11.0,1,49.2,1.476,True,-0.2189,62.0,24.0,0,0,0
Singapore,2023,PIA,McLaren,39.0,102.986,HARD,19.0,2.0,,,10.0,1,47.6,1.428,True,-0.2189,62.0,23.0,0,0,0
Singapore,2023,PIA,McLaren,40.0,100.299,HARD,20.0,2.0,,,10.0,1,46.0,1.38,True,-0.2189,62.0,22.0,0,0,0
Singapore,2023,PIA,McLaren,41.0,99.982,HARD,21.0,2.0,,,9.0,1,44.4,1.332,True,-0.2189,62.0,21.0,0,0,0
Singapore,2023,PIA,McLaren,42.0,99.783,HARD,22.0,2.0,,,9.0,1,42.8,1.284,True,-0.2189,62.0,20.0,0,0,0
Singapore,2023,PIA,McLaren,43.0,112.356,HARD,23.0,2.0,,,8.0,126,41.2,1.236,False,-0.2189,62.0,19.0,0,0,0
Singapore,2023,PIA,McLaren,44.0,136.298,HARD,24.0,2.0,,,7.0,6,39.6,1.188,False,-0.2189,62.0,18.0,1,0,0
Singapore,2023,PIA,McLaren,45.0,112.685,HARD,25.0,2.0,,,7.0,671,38.0,1.14,False,-0.2189,62.0,17.0,0,0,0
Singapore,2023,PIA,McLaren,46.0,98.492,HARD,26.0,2.0,,,7.0,1,36.4,1.092,True,-0.2189,62.0,16.0,0,0,0
Singapore,2023,PIA,McLaren,47.0,98.889,HARD,27.0,2.0,,,7.0,12,34.8,1.044,True,-0.2189,62.0,15.0,0,0,0
Singapore,2023,PIA,McLaren,48.0,98.647,HARD,28.0,2.0,,,7.0,1,33.2,0.996,True,-0.2189,62.0,14.0,0,0,0
Singapore,2023,PIA,McLaren,49.0,99.008,HARD,29.0,2.0,,,7.0,1,31.6,0.948,True,-0.2189,62.0,13.0,0,0,0
Singapore,2023,PIA,McLaren,50.0,98.832,HARD,30.0,2.0,,,7.0,1,30.0,0.9,True,-0.2189,62.0,12.0,0,0,0
Singapore,2023,PIA,McLaren,51.0,98.656,HARD,31.0,2.0,,,7.0,1,28.4,0.852,True,-0.2189,62.0,11.0,0,0,0
Singapore,2023,PIA,McLaren,52.0,98.793,HARD,32.0,2.0,,,7.0,1,26.8,0.804,True,-0.2189,62.0,10.0,0,0,0
Singapore,2023,PIA,McLaren,53.0,98.773,HARD,33.0,2.0,,,7.0,12,25.2,0.756,True,-0.2189,62.0,9.0,0,0,0
Singapore,2023,PIA,McLaren,54.0,100.546,HARD,34.0,2.0,,,8.0,1,23.6,0.708,True,-0.2189,62.0,8.0,0,0,0
Singapore,2023,PIA,McLaren,55.0,100.108,HARD,35.0,2.0,,,8.0,1,22.0,0.66,True,-0.2189,62.0,7.0,0,0,0
Singapore,2023,PIA,McLaren,56.0,99.141,HARD,36.0,2.0,,,8.0,1,20.4,0.612,True,-0.2189,62.0,6.0,0,0,0
Singapore,2023,PIA,McLaren,57.0,99.14,HARD,37.0,2.0,,,8.0,1,18.8,0.564,True,-0.2189,62.0,5.0,0,0,0
Singapore,2023,PIA,McLaren,58.0,99.516,HARD,38.0,2.0,,,8.0,12,17.2,0.516,True,-0.2189,62.0,4.0,0,0,0
Singapore,2023,PIA,McLaren,59.0,99.428,HARD,39.0,2.0,,,8.0,21,15.6,0.468,True,-0.2189,62.0,3.0,0,0,0
Singapore,2023,PIA,McLaren,60.0,99.189,HARD,40.0,2.0,,,8.0,1,14.0,0.42,True,-0.2189,62.0,2.0,0,0,0
Singapore,2023,PIA,McLaren,61.0,99.616,HARD,41.0,2.0,,,8.0,1,12.4,0.372,True,-0.2189,62.0,1.0,0,0,0
Singapore,2023,PIA,McLaren,62.0,101.41,HARD,42.0,2.0,,,7.0,12,10.8,0.324,True,-0.2189,62.0,0.0,0,0,0
