Race,Season,Driver,Team,LapNumber,LapTime_s,Sector1_s,Sector2_s,Sector3_s,Compound,TyreLife,Stint,PitInTime_s,PitOutTime_s,Position,TrackStatus,IsAccurate,FreshTyre,FuelLoad_kg,FuelCorrection_s,SpeedI1,SpeedI2,SpeedFL,SpeedST
Bahrain,2023,VER,Red Bull Racing,1.0,99.019,,42.414,23.842,SOFT,4.0,1.0,,,1.0,12,False,False,108.4,3.252,232.0,231.0,278.0,252.0
Bahrain,2023,VER,Red Bull Racing,2.0,97.974,31.342,42.504,24.128,SOFT,5.0,1.0,,,1.0,12,True,False,106.8,3.204,227.0,238.0,278.0,288.0
Bahrain,2023,VER,Red Bull Racing,3.0,98.006,31.388,42.469,24.149,SOFT,6.0,1.0,,,1.0,1,True,False,105.2,3.156,227.0,238.0,278.0,287.0
Bahrain,2023,VER,Red Bull Racing,4.0,97.976,31.271,42.642,24.063,SOFT,7.0,1.0,,,1.0,1,True,False,103.6,3.108,228.0,238.0,278.0,289.0
Bahrain,2023,VER,Red Bull Racing,5.0,98.035,31.244,42.724,24.067,SOFT,8.0,1.0,,,1.0,1,True,False,102.0,3.06,228.0,239.0,278.0,290.0
Bahrain,2023,VER,Red Bull Racing,6.0,97.986,31.341,42.632,24.013,SOFT,9.0,1.0,,,1.0,1,True,False,100.4,3.012,229.0,239.0,279.0,291.0
Bahrain,2023,VER,Red Bull Racing,7.0,98.021,31.29,42.763,23.968,SOFT,10.0,1.0,,,1.0,1,True,False,98.8,2.964,230.0,239.0,279.0,293.0
Bahrain,2023,VER,Red Bull Racing,8.0,98.154,31.291,42.833,24.03,SOFT,11.0,1.0,,,1.0,1,True,False,97.2,2.916,230.0,240.0,279.0,293.0
Bahrain,2023,VER,Red Bull Racing,9.0,98.278,31.336,42.823,24.119,SOFT,12.0,1.0,,,1.0,1,True,False,95.6,2.868,229.0,242.0,279.0,293.0
Bahrain,2023,VER,Red Bull Racing,10.0,98.369,31.361,42.884,24.124,SOFT,13.0,1.0,,,1.0,1,True,False,94.0,2.82,230.0,242.0,279.0,293.0
Bahrain,2023,VER,Red Bull Racing,11.0,98.483,31.342,42.978,24.163,SOFT,14.0,1.0,,,1.0,1,True,False,92.4,2.772,230.0,239.0,278.0,292.0
Bahrain,2023,VER,Red Bull Racing,12.0,98.591,31.408,42.951,24.232,SOFT,15.0,1.0,,,1.0,1,True,False,90.8,2.724,231.0,241.0,278.0,294.0
Bahrain,2023,VER,Red Bull Racing,13.0,98.482,31.389,42.907,24.186,SOFT,16.0,1.0,,,1.0,1,True,False,89.2,2.676,230.0,241.0,278.0,292.0
Bahrain,2023,VER,Red Bull Racing,14.0,101.295,31.427,42.876,26.992,SOFT,17.0,1.0,5133.83,,1.0,1,False,False,87.6,2.628,229.0,241.0,,292.0
Bahrain,2023,VER,Red Bull Racing,15.0,118.378,51.854,42.629,23.895,SOFT,1.0,2.0,,5158.127,2.0,1,False,False,86.0,2.58,230.0,237.0,279.0,218.0
Bahrain,2023,VER,Red Bull Racing,16.0,97.801,31.209,42.711,23.881,SOFT,2.0,2.0,,,2.0,1,True,False,84.4,2.532,231.0,236.0,280.0,287.0
Bahrain,2023,VER,Red Bull Racing,17.0,97.648,31.17,42.623,23.855,SOFT,3.0,2.0,,,2.0,1,True,False,82.8,2.484,232.0,237.0,280.0,293.0
Bahrain,2023,VER,Red Bull Racing,18.0,97.614,31.211,42.569,23.834,SOFT,4.0,2.0,,,1.0,1,True,False,81.2,2.436,232.0,239.0,280.0,286.0
Bahrain,2023,VER,Red Bull Racing,19.0,97.712,31.243,42.608,23.861,SOFT,5.0,2.0,,,1.0,1,True,False,79.6,2.388,232.0,243.0,280.0,289.0
Bahrain,2023,VER,Red Bull Racing,20.0,97.788,31.186,42.766,23.836,SOFT,6.0,2.0,,,1.0,1,True,False,78.0,2.34,230.0,237.0,280.0,291.0
Bahrain,2023,VER,Red Bull Racing,21.0,97.582,31.168,42.572,23.842,SOFT,7.0,2.0,,,1.0,1,True,False,76.4,2.292,232.0,239.0,280.0,293.0
Bahrain,2023,VER,Red Bull Racing,22.0,97.651,31.224,42.548,23.879,SOFT,8.0,2.0,,,1.0,1,True,False,74.8,2.244,232.0,235.0,281.0,292.0
Bahrain,2023,VER,Red Bull Racing,23.0,97.552,31.153,42.514,23.885,SOFT,9.0,2.0,,,1.0,1,True,False,73.2,2.196,232.0,237.0,281.0,294.0
Bahrain,2023,VER,Red Bull Racing,24.0,97.387,31.145,42.398,23.844,SOFT,10.0,2.0,,,1.0,1,True,False,71.6,2.148,233.0,238.0,280.0,289.0
Bahrain,2023,VER,Red Bull Racing,25.0,97.372,31.145,42.344,23.883,SOFT,11.0,2.0,,,1.0,1,True,False,70.0,2.1,232.0,240.0,281.0,292.0
Bahrain,2023,VER,Red Bull Racing,26.0,97.682,31.213,42.533,23.936,SOFT,12.0,2.0,,,1.0,1,True,False,68.4,2.052,232.0,242.0,281.0,283.0
Bahrain,2023,VER,Red Bull Racing,27.0,97.379,31.079,42.349,23.951,SOFT,13.0,2.0,,,1.0,1,True,False,66.8,2.004,233.0,245.0,281.0,295.0
Bahrain,2023,VER,Red Bull Racing,28.0,97.651,31.112,42.554,23.985,SOFT,14.0,2.0,,,1.0,1,True,False,65.2,1.956,231.0,241.0,281.0,295.0
Bahrain,2023,VER,Red Bull Racing,29.0,97.571,31.045,42.533,23.993,SOFT,15.0,2.0,,,1.0,1,True,False,63.6,1.908,233.0,245.0,283.0,296.0
Bahrain,2023,VER,Red Bull Racing,30.0,97.549,31.185,42.443,23.921,SOFT,16.0,2.0,,,1.0,1,True,False,62.0,1.86,233.0,249.0,283.0,299.0
Bahrain,2023,VER,Red Bull Racing,31.0,97.431,31.04,42.464,23.927,SOFT,17.0,2.0,,,1.0,1,True,False,60.4,1.812,232.0,250.0,282.0,298.0
Bahrain,2023,VER,Red Bull Racing,32.0,97.691,31.139,42.523,24.029,SOFT,18.0,2.0,,,1.0,1,True,False,58.8,1.764,232.0,249.0,283.0,300.0
Bahrain,2023,VER,Red Bull Racing,33.0,97.686,31.112,42.505,24.069,SOFT,19.0,2.0,,,1.0,1,True,False,57.2,1.716,233.0,249.0,282.0,301.0
Bahrain,2023,VER,Red Bull Racing,34.0,97.839,31.129,42.615,24.095,SOFT,20.0,2.0,,,1.0,1,True,False,55.6,1.668,232.0,248.0,283.0,299.0
Bahrain,2023,VER,Red Bull Racing,35.0,97.85,31.211,42.5,24.139,SOFT,21.0,2.0,,,1.0,1,True,False,54.0,1.62,232.0,255.0,282.0,303.0
Bahrain,2023,VER,Red Bull Racing,36.0,100.964,31.35,42.582,27.032,SOFT,22.0,2.0,7305.619,,1.0,1,False,False,52.4,1.572,233.0,251.0,,299.0
Bahrain,2023,VER,Red Bull Racing,37.0,118.49,52.755,42.071,23.664,HARD,1.0,3.0,,7330.556,1.0,1,False,True,50.8,1.524,232.0,244.0,281.0,215.0
Bahrain,2023,VER,Red Bull Racing,38.0,96.297,31.034,41.772,23.491,HARD,2.0,3.0,,,1.0,1,True,True,49.2,1.476,235.0,246.0,281.0,288.0
Bahrain,2023,VER,Red Bull Racing,39.0,96.446,30.818,42.125,23.503,HARD,3.0,3.0,,,1.0,1,True,True,47.6,1.428,233.0,244.0,282.0,288.0
Bahrain,2023,VER,Red Bull Racing,40.0,96.942,31.175,42.247,23.52,HARD,4.0,3.0,,,1.0,1,True,True,46.0,1.38,231.0,240.0,282.0,286.0
Bahrain,2023,VER,Red Bull Racing,41.0,120.495,31.381,55.533,33.581,HARD,5.0,3.0,,,1.0,126,False,True,44.4,1.332,233.0,214.0,225.0,286.0
Bahrain,2023,VER,Red Bull Racing,42.0,104.824,38.946,42.174,23.704,HARD,6.0,3.0,,,1.0,671,False,True,42.8,1.284,230.0,246.0,282.0,236.0
Bahrain,2023,VER,Red Bull Racing,43.0,96.89,31.13,42.295,23.465,HARD,7.0,3.0,,,1.0,1,True,True,41.2,1.236,236.0,247.0,282.0,290.0
Bahrain,2023,VER,Red Bull Racing,44.0,96.236,30.783,42.005,23.448,HARD,8.0,3.0,,,1.0,1,True,True,39.6,1.188,237.0,245.0,283.0,296.0
Bahrain,2023,VER,Red Bull Racing,45.0,97.015,31.079,42.221,23.715,HARD,9.0,3.0,,,1.0,1,True,True,38.0,1.14,235.0,245.0,281.0,294.0
Bahrain,2023,VER,Red Bull Racing,46.0,96.701,31.03,42.003,23.668,HARD,10.0,3.0,,,1.0,1,True,True,36.4,1.092,236.0,245.0,282.0,290.0
Bahrain,2023,VER,Red Bull Racing,47.0,97.009,31.094,42.205,23.71,HARD,11.0,3.0,,,1.0,1,True,True,34.8,1.044,236.0,243.0,282.0,293.0
Bahrain,2023,VER,Red Bull Racing,48.0,96.918,31.01,42.199,23.709,HARD,12.0,3.0,,,1.0,1,True,True,33.2,0.996,236.0,239.0,284.0,294.0
Bahrain,2023,VER,Red Bull Racing,49.0,96.962,31.124,42.026,23.812,HARD,13.0,3.0,,,1.0,1,True,True,31.6,0.948,234.0,239.0,279.0,299.0
Bahrain,2023,VER,Red Bull Racing,50.0,97.25,31.07,42.375,23.805,HARD,14.0,3.0,,,1.0,1,True,True,30.0,0.9,234.0,238.0,281.0,296.0
Bahrain,2023,VER,Red Bull Racing,51.0,97.427,31.154,42.202,24.071,HARD,15.0,3.0,,,1.0,1,True,True,28.4,0.852,233.0,241.0,279.0,295.0
Bahrain,2023,VER,Red Bull Racing,52.0,96.919,31.033,42.133,23.753,HARD,16.0,3.0,,,1.0,1,True,True,26.8,0.804,235.0,241.0,280.0,297.0
Bahrain,2023,VER,Red Bull Racing,53.0,96.89,30.906,42.217,23.767,HARD,17.0,3.0,,,1.0,1,True,True,25.2,0.756,228.0,240.0,280.0,293.0
Bahrain,2023,VER,Red Bull Racing,54.0,96.678,30.988,41.938,23.752,HARD,18.0,3.0,,,1.0,1,True,True,23.6,0.708,235.0,245.0,280.0,297.0
Bahrain,2023,VER,Red Bull Racing,55.0,96.322,30.964,41.747,23.611,HARD,19.0,3.0,,,1.0,1,True,True,22.0,0.66,234.0,247.0,282.0,295.0
Bahrain,2023,VER,Red Bull Racing,56.0,97.205,31.091,42.27,23.844,HARD,20.0,3.0,,,1.0,1,True,True,20.4,0.612,233.0,238.0,282.0,294.0
Bahrain,2023,VER,Red Bull Racing,57.0,96.373,30.96,41.763,23.65,HARD,21.0,3.0,,,1.0,1,True,True,18.8,0.564,235.0,262.0,253.0,295.0
Bahrain,2023,GAS,Alpine,1.0,109.649,,46.78,25.135,SOFT,1.0,1.0,,,19.0,12,False,True,108.4,3.252,214.0,234.0,281.0,271.0
Bahrain,2023,GAS,Alpine,2.0,100.438,31.738,43.938,24.762,SOFT,2.0,1.0,,,18.0,21,True,True,106.8,3.204,226.0,237.0,280.0,298.0
Bahrain,2023,GAS,Alpine,3.0,100.643,31.8,44.083,24.76,SOFT,3.0,1.0,,,18.0,1,True,True,105.2,3.156,225.0,237.0,286.0,285.0
Bahrain,2023,GAS,Alpine,4.0,100.894,31.514,44.492,24.888,SOFT,4.0,1.0,,,18.0,1,True,True,103.6,3.108,223.0,237.0,284.0,311.0
Bahrain,2023,GAS,Alpine,5.0,100.818,31.705,44.192,24.921,SOFT,5.0,1.0,,,18.0,1,True,True,102.0,3.06,223.0,241.0,285.0,299.0
Bahrain,2023,GAS,Alpine,6.0,101.11,31.573,44.534,25.003,SOFT,6.0,1.0,,,18.0,1,True,True,100.4,3.012,225.0,242.0,284.0,313.0
Bahrain,2023,GAS,Alpine,7.0,101.134,31.604,44.49,25.04,SOFT,7.0,1.0,,,18.0,1,True,True,98.8,2.964,225.0,241.0,285.0,308.0
Bahrain,2023,GAS,Alpine,8.0,101.173,31.773,44.275,25.125,SOFT,8.0,1.0,,,18.0,1,True,True,97.2,2.916,225.0,239.0,285.0,305.0
Bahrain,2023,GAS,Alpine,9.0,104.201,31.843,44.538,27.82,SOFT,9.0,1.0,4675.198,,19.0,1,False,True,95.6,2.868,226.0,233.0,,303.0
Bahrain,2023,GAS,Alpine,10.0,121.262,54.574,42.66,24.028,HARD,1.0,2.0,,4701.104,20.0,1,False,True,94.0,2.82,227.0,245.0,278.0,215.0
Bahrain,2023,GAS,Alpine,11.0,98.762,31.455,43.098,24.209,HARD,2.0,2.0,,,19.0,1,True,True,92.4,2.772,227.0,243.0,280.0,294.0
Bahrain,2023,GAS,Alpine,12.0,98.928,31.57,43.066,24.292,HARD,3.0,2.0,,,17.0,1,True,True,90.8,2.724,227.0,242.0,279.0,288.0
Bahrain,2023,GAS,Alpine,13.0,99.349,31.744,43.26,24.345,HARD,4.0,2.0,,,14.0,1,True,True,89.2,2.676,227.0,248.0,280.0,296.0
Bahrain,2023,GAS,Alpine,14.0,98.859,31.518,43.043,24.298,HARD,5.0,2.0,,,14.0,1,True,True,87.6,2.628,227.0,246.0,280.0,303.0
Bahrain,2023,GAS,Alpine,15.0,98.985,31.398,43.252,24.335,HARD,6.0,2.0,,,14.0,1,True,True,86.0,2.58,227.0,247.0,280.0,302.0
Bahrain,2023,GAS,Alpine,16.0,98.945,31.514,43.137,24.294,HARD,7.0,2.0,,,12.0,1,True,True,84.4,2.532,226.0,246.0,280.0,302.0
Bahrain,2023,GAS,Alpine,17.0,99.011,31.527,43.151,24.333,HARD,8.0,2.0,,,12.0,1,True,True,82.8,2.484,227.0,247.0,280.0,301.0
Bahrain,2023,GAS,Alpine,18.0,99.029,31.515,43.068,24.446,HARD,9.0,2.0,,,12.0,1,True,True,81.2,2.436,225.0,244.0,279.0,300.0
Bahrain,2023,GAS,Alpine,19.0,99.066,31.571,43.098,24.397,HARD,10.0,2.0,,,12.0,1,True,True,79.6,2.388,225.0,244.0,280.0,299.0
Bahrain,2023,GAS,Alpine,20.0,99.017,31.481,43.179,24.357,HARD,11.0,2.0,,,12.0,1,True,True,78.0,2.34,225.0,248.0,279.0,301.0
Bahrain,2023,GAS,Alpine,21.0,99.327,31.671,43.328,24.328,HARD,12.0,2.0,,,12.0,1,True,True,76.4,2.292,225.0,247.0,280.0,300.0
Bahrain,2023,GAS,Alpine,22.0,99.485,31.609,43.483,24.393,HARD,13.0,2.0,,,12.0,1,True,True,74.8,2.244,224.0,245.0,280.0,302.0
Bahrain,2023,GAS,Alpine,23.0,99.263,31.538,43.32,24.405,HARD,14.0,2.0,,,12.0,1,True,True,73.2,2.196,225.0,246.0,281.0,302.0
Bahrain,2023,GAS,Alpine,24.0,99.761,31.721,43.505,24.535,HARD,15.0,2.0,,,12.0,1,True,True,71.6,2.148,225.0,247.0,281.0,302.0
Bahrain,2023,GAS,Alpine,25.0,102.288,31.613,43.531,27.144,HARD,16.0,2.0,6286.559,,12.0,1,False,True,70.0,2.1,226.0,251.0,,303.0
Bahrain,2023,GAS,Alpine,26.0,119.404,53.105,42.4,23.899,HARD,1.0,3.0,,6311.481,17.0,1,False,True,68.4,2.052,228.0,250.0,280.0,215.0
Bahrain,2023,GAS,Alpine,27.0,98.729,31.836,42.851,24.042,HARD,2.0,3.0,,,15.0,1,True,True,66.8,2.004,227.0,251.0,286.0,297.0
Bahrain,2023,GAS,Alpine,28.0,97.761,31.006,42.656,24.099,HARD,3.0,3.0,,,14.0,1,True,True,65.2,1.956,226.0,250.0,281.0,317.0
Bahrain,2023,GAS,Alpine,29.0,98.012,31.178,42.696,24.138,HARD,4.0,3.0,,,14.0,1,True,True,63.6,1.908,227.0,253.0,286.0,302.0
Bahrain,2023,GAS,Alpine,30.0,97.76,30.885,42.716,24.159,HARD,5.0,3.0,,,13.0,1,True,True,62.0,1.86,226.0,252.0,287.0,319.0
Bahrain,2023,GAS,Alpine,31.0,97.968,30.971,42.877,24.12,HARD,6.0,3.0,,,12.0,1,True,True,60.4,1.812,229.0,253.0,287.0,320.0
Bahrain,2023,GAS,Alpine,32.0,98.012,30.969,42.824,24.219,HARD,7.0,3.0,,,12.0,1,True,True,58.8,1.764,227.0,253.0,286.0,320.0
Bahrain,2023,GAS,Alpine,33.0,97.974,30.942,42.828,24.204,HARD,8.0,3.0,,,11.0,1,True,True,57.2,1.716,228.0,252.0,287.0,320.0
Bahrain,2023,GAS,Alpine,34.0,98.022,30.947,42.874,24.201,HARD,9.0,3.0,,,11.0,1,True,True,55.6,1.668,230.0,255.0,286.0,321.0
Bahrain,2023,GAS,Alpine,35.0,98.088,31.01,42.851,24.227,HARD,10.0,3.0,,,11.0,1,True,True,54.0,1.62,229.0,253.0,286.0,320.0
Bahrain,2023,GAS,Alpine,36.0,98.184,31.045,42.821,24.318,HARD,11.0,3.0,,,11.0,1,True,True,52.4,1.572,228.0,252.0,286.0,318.0
Bahrain,2023,GAS,Alpine,37.0,98.133,31.117,42.864,24.152,HARD,12.0,3.0,,,11.0,1,True,True,50.8,1.524,227.0,252.0,286.0,318.0
Bahrain,2023,GAS,Alpine,38.0,98.108,31.025,42.822,24.261,HARD,13.0,3.0,,,11.0,1,True,True,49.2,1.476,227.0,253.0,286.0,317.0
Bahrain,2023,GAS,Alpine,39.0,98.537,31.183,43.08,24.274,HARD,14.0,3.0,,,11.0,1,True,True,47.6,1.428,227.0,252.0,285.0,319.0
Bahrain,2023,GAS,Alpine,40.0,109.707,31.156,42.984,35.567,HARD,15.0,3.0,7790.97,,10.0,126,False,True,46.0,1.38,227.0,252.0,,318.0
Bahrain,2023,GAS,Alpine,41.0,128.544,60.744,44.327,23.473,SOFT,1.0,4.0,,7815.719,10.0,671,False,True,44.4,1.332,169.0,255.0,289.0,208.0
Bahrain,2023,GAS,Alpine,42.0,95.068,30.069,41.393,23.606,SOFT,2.0,4.0,,,9.0,1,True,True,42.8,1.284,232.0,251.0,281.0,327.0
Bahrain,2023,GAS,Alpine,43.0,95.942,30.776,41.677,23.489,SOFT,3.0,4.0,,,9.0,1,True,True,41.2,1.236,230.0,250.0,281.0,295.0
Bahrain,2023,GAS,Alpine,44.0,95.792,30.785,41.542,23.465,SOFT,4.0,4.0,,,9.0,1,True,True,39.6,1.188,231.0,253.0,280.0,296.0
Bahrain,2023,GAS,Alpine,45.0,96.186,30.874,41.775,23.537,SOFT,5.0,4.0,,,9.0,1,True,True,38.0,1.14,232.0,253.0,281.0,294.0
Bahrain,2023,GAS,Alpine,46.0,96.041,30.831,41.707,23.503,SOFT,6.0,4.0,,,9.0,1,True,True,36.4,1.092,233.0,253.0,281.0,297.0
Bahrain,2023,GAS,Alpine,47.0,96.12,30.806,41.735,23.579,SOFT,7.0,4.0,,,9.0,1,True,True,34.8,1.044,232.0,255.0,281.0,298.0
Bahrain,2023,GAS,Alpine,48.0,96.368,30.909,41.693,23.766,SOFT,8.0,4.0,,,9.0,1,True,True,33.2,0.996,232.0,255.0,281.0,296.0
Bahrain,2023,GAS,Alpine,49.0,96.803,31.008,42.102,23.693,SOFT,9.0,4.0,,,9.0,1,True,True,31.6,0.948,233.0,254.0,281.0,297.0
Bahrain,2023,GAS,Alpine,50.0,96.551,30.972,41.874,23.705,SOFT,10.0,4.0,,,9.0,1,True,True,30.0,0.9,233.0,254.0,281.0,297.0
Bahrain,2023,GAS,Alpine,51.0,96.635,30.941,41.896,23.798,SOFT,11.0,4.0,,,9.0,1,True,True,28.4,0.852,233.0,254.0,281.0,296.0
Bahrain,2023,GAS,Alpine,52.0,96.891,30.878,42.136,23.877,SOFT,12.0,4.0,,,9.0,1,True,True,26.8,0.804,233.0,254.0,281.0,298.0
Bahrain,2023,GAS,Alpine,53.0,96.979,30.964,42.046,23.969,SOFT,13.0,4.0,,,9.0,1,True,True,25.2,0.756,232.0,254.0,282.0,301.0
Bahrain,2023,GAS,Alpine,54.0,97.222,31.101,42.251,23.87,SOFT,14.0,4.0,,,9.0,1,True,True,23.6,0.708,234.0,254.0,282.0,302.0
Bahrain,2023,GAS,Alpine,55.0,97.559,31.1,42.422,24.037,SOFT,15.0,4.0,,,9.0,1,True,True,22.0,0.66,233.0,254.0,282.0,303.0
Bahrain,2023,GAS,Alpine,56.0,97.845,31.196,42.539,24.11,SOFT,16.0,4.0,,,9.0,1,True,True,20.4,0.612,234.0,255.0,282.0,305.0
Bahrain,2023,GAS,Alpine,57.0,98.147,31.26,42.631,24.256,SOFT,17.0,4.0,,,9.0,1,True,True,18.8,0.564,235.0,254.0,286.0,306.0
Bahrain,2023,PER,Red Bull Racing,1.0,101.063,,43.216,24.069,SOFT,4.0,1.0,,,3.0,12,False,False,108.4,3.252,230.0,237.0,280.0,252.0
Bahrain,2023,PER,Red Bull Racing,2.0,98.862,31.532,43.116,24.214,SOFT,5.0,1.0,,,3.0,21,True,False,106.8,3.204,228.0,238.0,281.0,283.0
Bahrain,2023,PER,Red Bull Racing,3.0,98.83,31.397,43.146,24.287,SOFT,6.0,1.0,,,3.0,1,True,False,105.2,3.156,231.0,240.0,280.0,293.0
Bahrain,2023,PER,Red Bull Racing,4.0,98.758,31.404,43.108,24.246,SOFT,7.0,1.0,,,3.0,1,True,False,103.6,3.108,231.0,243.0,281.0,297.0
Bahrain,2023,PER,Red Bull Racing,5.0,98.404,31.231,42.944,24.229,SOFT,8.0,1.0,,,3.0,1,True,False,102.0,3.06,232.0,250.0,286.0,299.0
Bahrain,2023,PER,Red Bull Racing,6.0,98.718,31.276,43.043,24.399,SOFT,9.0,1.0,,,3.0,1,True,False,100.4,3.012,231.0,246.0,286.0,309.0
Bahrain,2023,PER,Red Bull Racing,7.0,98.804,31.214,43.174,24.416,SOFT,10.0,1.0,,,3.0,1,True,False,98.8,2.964,230.0,237.0,282.0,298.0
Bahrain,2023,PER,Red Bull Racing,8.0,99.172,31.58,43.193,24.399,SOFT,11.0,1.0,,,3.0,1,True,False,97.2,2.916,230.0,243.0,281.0,296.0
Bahrain,2023,PER,Red Bull Racing,9.0,98.914,31.464,43.077,24.373,SOFT,12.0,1.0,,,3.0,1,True,False,95.6,2.868,231.0,246.0,281.0,294.0
Bahrain,2023,PER,Red Bull Racing,10.0,99.085,31.434,43.27,24.381,SOFT,13.0,1.0,,,3.0,1,True,False,94.0,2.82,232.0,242.0,280.0,297.0
Bahrain,2023,PER,Red Bull Racing,11.0,99.249,31.632,43.188,24.429,SOFT,14.0,1.0,,,3.0,1,True,False,92.4,2.772,232.0,248.0,280.0,297.0
Bahrain,2023,PER,Red Bull Racing,12.0,99.197,31.527,43.252,24.418,SOFT,15.0,1.0,,,3.0,1,True,False,90.8,2.724,232.0,253.0,280.0,297.0
Bahrain,2023,PER,Red Bull Racing,13.0,99.336,31.57,43.298,24.468,SOFT,16.0,1.0,,,2.0,1,True,False,89.2,2.676,232.0,248.0,279.0,297.0
Bahrain,2023,PER,Red Bull Racing,14.0,98.739,31.411,42.993,24.335,SOFT,17.0,1.0,,,2.0,1,True,False,87.6,2.628,232.0,245.0,279.0,297.0
Bahrain,2023,PER,Red Bull Racing,15.0,98.608,31.441,42.89,24.277,SOFT,18.0,1.0,,,1.0,1,True,False,86.0,2.58,233.0,250.0,278.0,297.0
Bahrain,2023,PER,Red Bull Racing,16.0,98.77,31.469,43.019,24.282,SOFT,19.0,1.0,,,1.0,1,True,False,84.4,2.532,232.0,251.0,279.0,296.0
Bahrain,2023,PER,Red Bull Racing,17.0,101.36,31.516,43.018,26.826,SOFT,20.0,1.0,5441.043,,1.0,1,False,False,82.8,2.484,232.0,253.0,,295.0
Bahrain,2023,PER,Red Bull Racing,18.0,118.797,51.905,42.936,23.956,SOFT,3.0,2.0,,5465.324,3.0,1,False,False,81.2,2.436,232.0,241.0,280.0,218.0
Bahrain,2023,PER,Red Bull Racing,19.0,97.659,31.164,42.653,23.842,SOFT,4.0,2.0,,,3.0,1,True,False,79.6,2.388,232.0,236.0,280.0,291.0
Bahrain,2023,PER,Red Bull Racing,20.0,97.448,30.978,42.696,23.774,SOFT,5.0,2.0,,,3.0,1,True,False,78.0,2.34,232.0,237.0,281.0,292.0
Bahrain,2023,PER,Red Bull Racing,21.0,97.24,30.982,42.507,23.751,SOFT,6.0,2.0,,,3.0,1,True,False,76.4,2.292,233.0,242.0,282.0,293.0
Bahrain,2023,PER,Red Bull Racing,22.0,97.169,30.956,42.354,23.859,SOFT,7.0,2.0,,,3.0,1,True,False,74.8,2.244,234.0,241.0,281.0,298.0
Bahrain,2023,PER,Red Bull Racing,23.0,97.304,31.057,42.415,23.832,SOFT,8.0,2.0,,,3.0,1,True,False,73.2,2.196,235.0,243.0,282.0,295.0
Bahrain,2023,PER,Red Bull Racing,24.0,97.352,31.142,42.243,23.967,SOFT,9.0,2.0,,,3.0,1,True,False,71.6,2.148,233.0,258.0,288.0,294.0
Bahrain,2023,PER,Red Bull Racing,25.0,98.418,31.176,42.937,24.305,SOFT,10.0,2.0,,,3.0,1,True,False,70.0,2.1,234.0,245.0,288.0,325.0
Bahrain,2023,PER,Red Bull Racing,26.0,97.454,30.903,42.667,23.884,SOFT,11.0,2.0,,,2.0,1,True,False,68.4,2.052,233.0,243.0,280.0,330.0
Bahrain,2023,PER,Red Bull Racing,27.0,97.387,30.97,42.639,23.778,SOFT,12.0,2.0,,,2.0,1,True,False,66.8,2.004,234.0,244.0,280.0,296.0
Bahrain,2023,PER,Red Bull Racing,28.0,97.211,31.052,42.274,23.885,SOFT,13.0,2.0,,,2.0,1,True,False,65.2,1.956,235.0,245.0,282.0,294.0
Bahrain,2023,PER,Red Bull Racing,29.0,97.733,31.166,42.675,23.892,SOFT,14.0,2.0,,,2.0,1,True,False,63.6,1.908,234.0,244.0,282.0,295.0
Bahrain,2023,PER,Red Bull Racing,30.0,97.4,31.031,42.483,23.886,SOFT,15.0,2.0,,,2.0,1,True,False,62.0,1.86,234.0,243.0,282.0,298.0
Bahrain,2023,PER,Red Bull Racing,31.0,97.919,31.246,42.722,23.951,SOFT,16.0,2.0,,,2.0,1,True,False,60.4,1.812,234.0,245.0,281.0,301.0
Bahrain,2023,PER,Red Bull Racing,32.0,97.722,31.106,42.637,23.979,SOFT,17.0,2.0,,,2.0,1,True,False,58.8,1.764,234.0,250.0,281.0,295.0
Bahrain,2023,PER,Red Bull Racing,33.0,97.869,31.229,42.546,24.094,SOFT,18.0,2.0,,,2.0,1,True,False,57.2,1.716,233.0,250.0,281.0,302.0
Bahrain,2023,PER,Red Bull Racing,34.0,100.686,31.289,42.624,26.773,SOFT,19.0,2.0,7123.794,,2.0,1,False,False,55.6,1.668,233.0,243.0,,298.0
Bahrain,2023,PER,Red Bull Racing,35.0,118.785,52.704,42.423,23.658,HARD,1.0,3.0,,7148.856,2.0,1,False,True,54.0,1.62,234.0,250.0,281.0,218.0
Bahrain,2023,PER,Red Bull Racing,36.0,96.82,30.908,42.254,23.658,HARD,2.0,3.0,,,2.0,1,True,True,52.4,1.572,236.0,243.0,281.0,291.0
Bahrain,2023,PER,Red Bull Racing,37.0,96.344,30.919,41.914,23.511,HARD,3.0,3.0,,,2.0,1,True,True,50.8,1.524,236.0,239.0,281.0,293.0
Bahrain,2023,PER,Red Bull Racing,38.0,96.431,30.847,42.011,23.573,HARD,4.0,3.0,,,2.0,1,True,True,49.2,1.476,236.0,238.0,282.0,294.0
Bahrain,2023,PER,Red Bull Racing,39.0,96.429,30.833,42.027,23.569,HARD,5.0,3.0,,,2.0,1,True,True,47.6,1.428,237.0,239.0,282.0,297.0
Bahrain,2023,PER,Red Bull Racing,40.0,97.114,30.926,42.564,23.624,HARD,6.0,3.0,,,2.0,1,True,True,46.0,1.38,236.0,236.0,281.0,294.0
Bahrain,2023,PER,Red Bull Racing,41.0,123.522,30.922,59.493,33.107,HARD,7.0,3.0,,,2.0,126,False,True,44.4,1.332,234.0,203.0,188.0,295.0
Bahrain,2023,PER,Red Bull Racing,42.0,99.657,34.119,42.002,23.536,HARD,8.0,3.0,,,2.0,671,False,True,42.8,1.284,237.0,247.0,282.0,265.0
Bahrain,2023,PER,Red Bull Racing,43.0,96.554,30.774,42.092,23.688,HARD,9.0,3.0,,,2.0,1,True,True,41.2,1.236,235.0,238.0,281.0,302.0
Bahrain,2023,PER,Red Bull Racing,44.0,96.978,31.055,42.36,23.563,HARD,10.0,3.0,,,2.0,1,True,True,39.6,1.188,237.0,243.0,282.0,297.0
Bahrain,2023,PER,Red Bull Racing,45.0,96.928,30.944,42.434,23.55,HARD,11.0,3.0,,,2.0,1,True,True,38.0,1.14,237.0,246.0,282.0,293.0
Bahrain,2023,PER,Red Bull Racing,46.0,97.257,30.914,42.496,23.847,HARD,12.0,3.0,,,2.0,1,True,True,36.4,1.092,237.0,231.0,282.0,291.0
Bahrain,2023,PER,Red Bull Racing,47.0,96.661,30.929,42.049,23.683,HARD,13.0,3.0,,,2.0,1,True,True,34.8,1.044,238.0,241.0,282.0,294.0
Bahrain,2023,PER,Red Bull Racing,48.0,96.859,31.01,42.316,23.533,HARD,14.0,3.0,,,2.0,1,True,True,33.2,0.996,237.0,246.0,283.0,293.0
Bahrain,2023,PER,Red Bull Racing,49.0,97.049,30.944,42.495,23.61,HARD,15.0,3.0,,,2.0,1,True,True,31.6,0.948,237.0,240.0,279.0,294.0
Bahrain,2023,PER,Red Bull Racing,50.0,97.731,31.251,42.646,23.834,HARD,16.0,3.0,,,2.0,1,True,True,30.0,0.9,235.0,243.0,279.0,294.0
Bahrain,2023,PER,Red Bull Racing,51.0,97.049,31.153,42.153,23.743,HARD,17.0,3.0,,,2.0,1,True,True,28.4,0.852,235.0,258.0,281.0,292.0
Bahrain,2023,PER,Red Bull Racing,52.0,97.062,31.147,42.086,23.829,HARD,18.0,3.0,,,2.0,1,True,True,26.8,0.804,236.0,251.0,282.0,293.0
Bahrain,2023,PER,Red Bull Racing,53.0,97.345,31.094,42.383,23.868,HARD,19.0,3.0,,,2.0,1,True,True,25.2,0.756,236.0,254.0,282.0,300.0
Bahrain,2023,PER,Red Bull Racing,54.0,97.296,31.25,42.257,23.789,HARD,20.0,3.0,,,2.0,1,True,True,23.6,0.708,235.0,262.0,282.0,292.0
Bahrain,2023,PER,Red Bull Racing,55.0,97.092,31.084,42.076,23.932,HARD,21.0,3.0,,,2.0,1,True,True,22.0,0.66,234.0,261.0,279.0,301.0
Bahrain,2023,PER,Red Bull Racing,56.0,96.565,31.165,41.786,23.614,HARD,22.0,3.0,,,2.0,1,True,True,20.4,0.612,236.0,255.0,281.0,293.0
Bahrain,2023,PER,Red Bull Racing,57.0,96.558,30.969,41.799,23.79,HARD,23.0,3.0,,,2.0,1,True,True,18.8,0.564,237.0,263.0,256.0,300.0
Bahrain,2023,ALO,Aston Martin,1.0,103.608,,43.884,24.561,SOFT,4.0,1.0,,,7.0,12,False,False,108.4,3.252,222.0,247.0,277.0,255.0
Bahrain,2023,ALO,Aston Martin,2.0,99.792,31.743,43.626,24.423,SOFT,5.0,1.0,,,7.0,21,True,False,106.8,3.204,231.0,228.0,279.0,300.0
Bahrain,2023,ALO,Aston Martin,3.0,99.1,31.541,43.276,24.283,SOFT,6.0,1.0,,,7.0,1,True,False,105.2,3.156,231.0,247.0,279.0,293.0
Bahrain,2023,ALO,Aston Martin,4.0,99.548,31.723,43.457,24.368,SOFT,7.0,1.0,,,7.0,1,True,False,103.6,3.108,223.0,242.0,279.0,300.0
Bahrain,2023,ALO,Aston Martin,5.0,99.662,31.705,43.553,24.404,SOFT,8.0,1.0,,,7.0,1,True,False,102.0,3.06,225.0,235.0,279.0,301.0
Bahrain,2023,ALO,Aston Martin,6.0,99.674,31.695,43.482,24.497,SOFT,9.0,1.0,,,7.0,1,True,False,100.4,3.012,224.0,240.0,280.0,306.0
Bahrain,2023,ALO,Aston Martin,7.0,99.729,31.675,43.494,24.56,SOFT,10.0,1.0,,,7.0,1,True,False,98.8,2.964,227.0,233.0,280.0,305.0
Bahrain,2023,ALO,Aston Martin,8.0,99.959,31.674,43.675,24.61,SOFT,11.0,1.0,,,7.0,1,True,False,97.2,2.916,227.0,238.0,280.0,305.0
Bahrain,2023,ALO,Aston Martin,9.0,100.275,31.774,43.819,24.682,SOFT,12.0,1.0,,,7.0,1,True,False,95.6,2.868,226.0,245.0,284.0,307.0
Bahrain,2023,ALO,Aston Martin,10.0,100.203,31.505,43.905,24.793,SOFT,13.0,1.0,,,7.0,1,True,False,94.0,2.82,225.0,243.0,286.0,321.0
Bahrain,2023,ALO,Aston Martin,11.0,101.147,31.657,44.321,25.169,SOFT,14.0,1.0,,,7.0,1,True,False,92.4,2.772,225.0,242.0,285.0,325.0
Bahrain,2023,ALO,Aston Martin,12.0,100.934,31.789,44.062,25.083,SOFT,15.0,1.0,,,6.0,1,True,False,90.8,2.724,227.0,245.0,286.0,324.0
Bahrain,2023,ALO,Aston Martin,13.0,100.341,31.823,43.946,24.572,SOFT,16.0,1.0,,,5.0,1,True,False,89.2,2.676,226.0,246.0,277.0,325.0
Bahrain,2023,ALO,Aston Martin,14.0,102.212,31.869,43.309,27.034,SOFT,17.0,1.0,5161.361,,4.0,1,False,False,87.6,2.628,228.0,248.0,,302.0
Bahrain,2023,ALO,Aston Martin,15.0,119.692,53.186,42.622,23.884,HARD,1.0,2.0,,5187.142,8.0,1,False,True,86.0,2.58,228.0,250.0,280.0,220.0
Bahrain,2023,ALO,Aston Martin,16.0,97.542,31.154,42.459,23.929,HARD,2.0,2.0,,,7.0,1,True,True,84.4,2.532,229.0,252.0,287.0,305.0
Bahrain,2023,ALO,Aston Martin,17.0,98.139,30.946,43.197,23.996,HARD,3.0,2.0,,,6.0,1,True,True,82.8,2.484,229.0,249.0,279.0,326.0
Bahrain,2023,ALO,Aston Martin,18.0,98.124,31.3,42.737,24.087,HARD,4.0,2.0,,,6.0,1,True,True,81.2,2.436,229.0,237.0,279.0,300.0
Bahrain,2023,ALO,Aston Martin,19.0,98.361,31.313,42.965,24.083,HARD,5.0,2.0,,,6.0,1,True,True,79.6,2.388,228.0,245.0,280.0,304.0
Bahrain,2023,ALO,Aston Martin,20.0,98.318,31.337,42.915,24.066,HARD,6.0,2.0,,,6.0,1,True,True,78.0,2.34,227.0,240.0,279.0,304.0
Bahrain,2023,ALO,Aston Martin,21.0,98.407,31.383,42.994,24.03,HARD,7.0,2.0,,,6.0,1,True,True,76.4,2.292,228.0,236.0,280.0,303.0
Bahrain,2023,ALO,Aston Martin,22.0,98.2,31.364,42.853,23.983,HARD,8.0,2.0,,,6.0,1,True,True,74.8,2.244,228.0,235.0,281.0,304.0
Bahrain,2023,ALO,Aston Martin,23.0,97.853,31.14,42.63,24.083,HARD,9.0,2.0,,,6.0,1,True,True,73.2,2.196,227.0,243.0,280.0,305.0
Bahrain,2023,ALO,Aston Martin,24.0,97.878,31.237,42.611,24.03,HARD,10.0,2.0,,,6.0,1,True,True,71.6,2.148,229.0,241.0,281.0,305.0
Bahrain,2023,ALO,Aston Martin,25.0,98.139,31.315,42.669,24.155,HARD,11.0,2.0,,,6.0,1,True,True,70.0,2.1,228.0,250.0,282.0,304.0
Bahrain,2023,ALO,Aston Martin,26.0,98.127,31.267,42.694,24.166,HARD,12.0,2.0,,,6.0,1,True,True,68.4,2.052,228.0,251.0,281.0,306.0
Bahrain,2023,ALO,Aston Martin,27.0,98.612,31.395,43.114,24.103,HARD,13.0,2.0,,,6.0,1,True,True,66.8,2.004,230.0,240.0,281.0,306.0
Bahrain,2023,ALO,Aston Martin,28.0,98.199,31.345,42.758,24.096,HARD,14.0,2.0,,,6.0,1,True,True,65.2,1.956,230.0,247.0,281.0,302.0
Bahrain,2023,ALO,Aston Martin,29.0,98.585,31.49,42.916,24.179,HARD,15.0,2.0,,,6.0,1,True,True,63.6,1.908,228.0,245.0,281.0,307.0
Bahrain,2023,ALO,Aston Martin,30.0,98.282,31.37,42.711,24.201,HARD,16.0,2.0,,,5.0,1,True,True,62.0,1.86,228.0,250.0,280.0,306.0
Bahrain,2023,ALO,Aston Martin,31.0,98.009,31.257,42.663,24.089,HARD,17.0,2.0,,,5.0,1,True,True,60.4,1.812,228.0,252.0,280.0,304.0
Bahrain,2023,ALO,Aston Martin,32.0,97.871,31.335,42.558,23.978,HARD,18.0,2.0,,,4.0,1,True,True,58.8,1.764,231.0,251.0,280.0,303.0
Bahrain,2023,ALO,Aston Martin,33.0,97.769,31.266,42.549,23.954,HARD,19.0,2.0,,,4.0,1,True,True,57.2,1.716,231.0,252.0,280.0,303.0
Bahrain,2023,ALO,Aston Martin,34.0,100.353,31.259,42.545,26.549,HARD,20.0,2.0,7147.809,,3.0,1,False,True,55.6,1.668,232.0,250.0,,303.0
Bahrain,2023,ALO,Aston Martin,35.0,117.389,52.333,41.52,23.536,HARD,1.0,3.0,,7172.653,6.0,1,False,True,54.0,1.62,233.0,256.0,283.0,217.0
Bahrain,2023,ALO,Aston Martin,36.0,96.156,30.895,41.462,23.799,HARD,2.0,3.0,,,6.0,1,True,True,52.4,1.572,233.0,255.0,290.0,296.0
Bahrain,2023,ALO,Aston Martin,37.0,97.431,31.186,42.184,24.061,HARD,3.0,3.0,,,6.0,1,True,True,50.8,1.524,225.0,255.0,290.0,328.0
Bahrain,2023,ALO,Aston Martin,38.0,97.002,30.763,42.308,23.931,HARD,4.0,3.0,,,5.0,1,True,True,49.2,1.476,231.0,250.0,280.0,328.0
Bahrain,2023,ALO,Aston Martin,39.0,97.243,31.244,42.303,23.696,HARD,5.0,3.0,,,5.0,1,True,True,47.6,1.428,230.0,255.0,281.0,304.0
Bahrain,2023,ALO,Aston Martin,40.0,97.208,31.221,42.306,23.681,HARD,6.0,3.0,,,4.0,12,True,True,46.0,1.38,230.0,250.0,281.0,304.0
Bahrain,2023,ALO,Aston Martin,41.0,126.713,39.952,58.704,28.057,HARD,7.0,3.0,,,4.0,2671,False,True,44.4,1.332,145.0,187.0,280.0,304.0
Bahrain,2023,ALO,Aston Martin,42.0,96.334,30.908,41.746,23.68,HARD,8.0,3.0,,,4.0,1,True,True,42.8,1.284,236.0,255.0,282.0,304.0
Bahrain,2023,ALO,Aston Martin,43.0,96.911,30.956,42.096,23.859,HARD,9.0,3.0,,,4.0,1,True,True,41.2,1.236,232.0,253.0,287.0,305.0
Bahrain,2023,ALO,Aston Martin,44.0,97.022,30.817,42.208,23.997,HARD,10.0,3.0,,,4.0,1,True,True,39.6,1.188,238.0,257.0,288.0,312.0
Bahrain,2023,ALO,Aston Martin,45.0,97.931,31.048,43.229,23.654,HARD,11.0,3.0,,,3.0,1,True,True,38.0,1.14,228.0,253.0,280.0,324.0
Bahrain,2023,ALO,Aston Martin,46.0,97.087,31.144,42.162,23.781,HARD,12.0,3.0,,,3.0,1,True,True,36.4,1.092,230.0,253.0,280.0,302.0
Bahrain,2023,ALO,Aston Martin,47.0,97.326,31.293,42.342,23.691,HARD,13.0,3.0,,,3.0,1,True,True,34.8,1.044,233.0,247.0,280.0,302.0
Bahrain,2023,ALO,Aston Martin,48.0,96.783,31.076,41.97,23.737,HARD,14.0,3.0,,,3.0,1,True,True,33.2,0.996,233.0,259.0,280.0,292.0
Bahrain,2023,ALO,Aston Martin,49.0,96.726,31.058,41.981,23.687,HARD,15.0,3.0,,,3.0,1,True,True,31.6,0.948,234.0,255.0,281.0,302.0
Bahrain,2023,ALO,Aston Martin,50.0,96.331,30.933,41.764,23.634,HARD,16.0,3.0,,,3.0,1,True,True,30.0,0.9,234.0,255.0,280.0,303.0
Bahrain,2023,ALO,Aston Martin,51.0,96.96,31.158,42.005,23.797,HARD,17.0,3.0,,,3.0,1,True,True,28.4,0.852,234.0,255.0,280.0,303.0
Bahrain,2023,ALO,Aston Martin,52.0,97.01,31.043,42.243,23.724,HARD,18.0,3.0,,,3.0,1,True,True,26.8,0.804,236.0,241.0,281.0,302.0
Bahrain,2023,ALO,Aston Martin,53.0,97.01,31.159,42.135,23.716,HARD,19.0,3.0,,,3.0,1,True,True,25.2,0.756,234.0,246.0,281.0,303.0
Bahrain,2023,ALO,Aston Martin,54.0,97.599,31.305,42.469,23.825,HARD,20.0,3.0,,,3.0,1,True,True,23.6,0.708,234.0,251.0,281.0,303.0
Bahrain,2023,ALO,Aston Martin,55.0,97.662,31.237,42.575,23.85,HARD,21.0,3.0,,,3.0,1,True,True,22.0,0.66,232.0,247.0,281.0,296.0
Bahrain,2023,ALO,Aston Martin,56.0,97.473,31.425,42.157,23.891,HARD,22.0,3.0,,,3.0,1,True,True,20.4,0.612,231.0,255.0,281.0,303.0
Bahrain,2023,ALO,Aston Martin,57.0,97.422,31.421,42.088,23.913,HARD,23.0,3.0,,,3.0,1,True,True,18.8,0.564,233.0,257.0,277.0,299.0
Bahrain,2023,LEC,Ferrari,1.0,100.23,,42.549,24.122,SOFT,1.0,1.0,,,2.0,12,False,True,108.4,3.252,226.0,250.0,281.0,255.0
Bahrain,2023,LEC,Ferrari,2.0,98.75,31.407,43.127,24.216,SOFT,2.0,1.0,,,2.0,21,True,True,106.8,3.204,226.0,243.0,281.0,294.0
Bahrain,2023,LEC,Ferrari,3.0,98.658,31.238,43.103,24.317,SOFT,3.0,1.0,,,2.0,1,True,True,105.2,3.156,226.0,244.0,280.0,303.0
Bahrain,2023,LEC,Ferrari,4.0,98.825,31.402,43.15,24.273,SOFT,4.0,1.0,,,2.0,1,True,True,103.6,3.108,226.0,246.0,280.0,305.0
Bahrain,2023,LEC,Ferrari,5.0,98.664,31.543,42.943,24.178,SOFT,5.0,1.0,,,2.0,1,True,True,102.0,3.06,226.0,255.0,281.0,307.0
Bahrain,2023,LEC,Ferrari,6.0,98.572,31.444,43.037,24.091,SOFT,6.0,1.0,,,2.0,1,True,True,100.4,3.012,226.0,242.0,280.0,302.0
Bahrain,2023,LEC,Ferrari,7.0,98.691,31.441,43.08,24.17,SOFT,7.0,1.0,,,2.0,1,True,True,98.8,2.964,227.0,242.0,281.0,304.0
Bahrain,2023,LEC,Ferrari,8.0,98.614,31.438,42.977,24.199,SOFT,8.0,1.0,,,2.0,1,True,True,97.2,2.916,227.0,242.0,281.0,302.0
Bahrain,2023,LEC,Ferrari,9.0,98.828,31.503,43.09,24.235,SOFT,9.0,1.0,,,2.0,1,True,True,95.6,2.868,226.0,241.0,281.0,304.0
Bahrain,2023,LEC,Ferrari,10.0,99.073,31.51,43.274,24.289,SOFT,10.0,1.0,,,2.0,1,True,True,94.0,2.82,225.0,242.0,281.0,305.0
Bahrain,2023,LEC,Ferrari,11.0,99.212,31.556,43.28,24.376,SOFT,11.0,1.0,,,2.0,1,True,True,92.4,2.772,226.0,242.0,280.0,305.0
Bahrain,2023,LEC,Ferrari,12.0,99.489,31.597,43.406,24.486,SOFT,12.0,1.0,,,2.0,1,True,True,90.8,2.724,229.0,254.0,280.0,305.0
Bahrain,2023,LEC,Ferrari,13.0,102.068,31.703,43.481,26.884,SOFT,13.0,1.0,5044.832,,3.0,1,False,True,89.2,2.676,230.0,253.0,,303.0
Bahrain,2023,LEC,Ferrari,14.0,118.77,52.07,42.739,23.961,HARD,1.0,2.0,,5069.253,5.0,1,False,True,87.6,2.628,230.0,243.0,282.0,219.0
Bahrain,2023,LEC,Ferrari,15.0,98.477,31.261,43.184,24.032,HARD,2.0,2.0,,,3.0,1,True,True,86.0,2.58,228.0,242.0,285.0,301.0
Bahrain,2023,LEC,Ferrari,16.0,97.953,30.859,42.965,24.129,HARD,3.0,2.0,,,3.0,1,True,True,84.4,2.532,229.0,243.0,280.0,324.0
Bahrain,2023,LEC,Ferrari,17.0,98.031,31.312,42.722,23.997,HARD,4.0,2.0,,,3.0,1,True,True,82.8,2.484,227.0,248.0,281.0,303.0
Bahrain,2023,LEC,Ferrari,18.0,97.798,31.207,42.696,23.895,HARD,5.0,2.0,,,2.0,1,True,True,81.2,2.436,227.0,244.0,281.0,300.0
Bahrain,2023,LEC,Ferrari,19.0,97.858,31.149,42.743,23.966,HARD,6.0,2.0,,,2.0,1,True,True,79.6,2.388,228.0,248.0,281.0,303.0
Bahrain,2023,LEC,Ferrari,20.0,97.631,31.166,42.561,23.904,HARD,7.0,2.0,,,2.0,1,True,True,78.0,2.34,228.0,244.0,281.0,303.0
Bahrain,2023,LEC,Ferrari,21.0,97.753,31.114,42.726,23.913,HARD,8.0,2.0,,,2.0,1,True,True,76.4,2.292,228.0,244.0,281.0,305.0
Bahrain,2023,LEC,Ferrari,22.0,98.162,31.499,42.618,24.045,HARD,9.0,2.0,,,2.0,1,True,True,74.8,2.244,227.0,243.0,281.0,305.0
Bahrain,2023,LEC,Ferrari,23.0,98.054,31.209,42.95,23.895,HARD,10.0,2.0,,,2.0,1,True,True,73.2,2.196,228.0,243.0,283.0,306.0
Bahrain,2023,LEC,Ferrari,24.0,97.972,31.197,42.742,24.033,HARD,11.0,2.0,,,2.0,1,True,True,71.6,2.148,229.0,249.0,281.0,304.0
Bahrain,2023,LEC,Ferrari,25.0,98.541,31.344,43.046,24.151,HARD,12.0,2.0,,,2.0,1,True,True,70.0,2.1,228.0,243.0,282.0,306.0
Bahrain,2023,LEC,Ferrari,26.0,99.668,32.247,43.143,24.278,HARD,13.0,2.0,,,3.0,1,True,True,68.4,2.052,228.0,245.0,283.0,301.0
Bahrain,2023,LEC,Ferrari,27.0,98.814,31.412,43.168,24.234,HARD,14.0,2.0,,,3.0,1,True,True,66.8,2.004,227.0,243.0,282.0,303.0
Bahrain,2023,LEC,Ferrari,28.0,98.618,31.382,43.081,24.155,HARD,15.0,2.0,,,3.0,1,True,True,65.2,1.956,228.0,244.0,282.0,305.0
Bahrain,2023,LEC,Ferrari,29.0,98.447,31.394,42.964,24.089,HARD,16.0,2.0,,,3.0,1,True,True,63.6,1.908,229.0,244.0,282.0,308.0
Bahrain,2023,LEC,Ferrari,30.0,98.39,31.339,42.887,24.164,HARD,17.0,2.0,,,3.0,1,True,True,62.0,1.86,228.0,244.0,282.0,305.0
Bahrain,2023,LEC,Ferrari,31.0,98.746,31.444,43.121,24.181,HARD,18.0,2.0,,,3.0,1,True,True,60.4,1.812,228.0,243.0,282.0,305.0
Bahrain,2023,LEC,Ferrari,32.0,98.948,31.506,43.272,24.17,HARD,19.0,2.0,,,3.0,1,True,True,58.8,1.764,227.0,243.0,281.0,305.0
Bahrain,2023,LEC,Ferrari,33.0,101.323,31.464,43.248,26.611,HARD,20.0,2.0,7034.968,,3.0,1,False,True,57.2,1.716,229.0,243.0,,306.0
Bahrain,2023,LEC,Ferrari,34.0,119.477,52.321,43.143,24.013,HARD,1.0,3.0,,7059.468,4.0,1,False,True,55.6,1.668,228.0,234.0,281.0,222.0
Bahrain,2023,LEC,Ferrari,35.0,98.073,31.528,42.729,23.816,HARD,2.0,3.0,,,3.0,1,True,True,54.0,1.62,226.0,244.0,281.0,298.0
Bahrain,2023,LEC,Ferrari,36.0,97.313,31.07,42.615,23.628,HARD,3.0,3.0,,,3.0,1,True,True,52.4,1.572,229.0,249.0,282.0,303.0
Bahrain,2023,LEC,Ferrari,37.0,97.17,31.07,42.385,23.715,HARD,4.0,3.0,,,3.0,1,True,True,50.8,1.524,229.0,251.0,282.0,305.0
Bahrain,2023,LEC,Ferrari,38.0,97.17,31.091,42.444,23.635,HARD,5.0,3.0,,,3.0,1,True,True,49.2,1.476,230.0,244.0,282.0,300.0
Bahrain,2023,LEC,Ferrari,39.0,97.287,31.103,42.564,23.62,HARD,6.0,3.0,,,3.0,1,True,True,47.6,1.428,229.0,248.0,282.0,304.0
Bahrain,2023,LEC,Ferrari,40.0,,,,,HARD,7.0,3.0,,,,126,False,True,46.0,1.38,,,,
Bahrain,2023,STR,Aston Martin,1.0,104.67,,44.143,24.609,SOFT,4.0,1.0,,,9.0,12,False,False,108.4,3.252,223.0,250.0,281.0,261.0
Bahrain,2023,STR,Aston Martin,2.0,99.892,31.685,43.58,24.627,SOFT,5.0,1.0,,,9.0,21,True,False,106.8,3.204,232.0,243.0,282.0,305.0
Bahrain,2023,STR,Aston Martin,3.0,99.625,31.501,43.471,24.653,SOFT,6.0,1.0,,,9.0,1,True,False,105.2,3.156,231.0,235.0,284.0,306.0
Bahrain,2023,STR,Aston Martin,4.0,99.745,31.274,43.798,24.673,SOFT,7.0,1.0,,,9.0,1,True,False,103.6,3.108,226.0,242.0,284.0,320.0
Bahrain,2023,STR,Aston Martin,5.0,99.144,31.135,43.479,24.53,SOFT,8.0,1.0,,,8.0,1,True,False,102.0,3.06,227.0,248.0,279.0,323.0
Bahrain,2023,STR,Aston Martin,6.0,99.714,31.536,43.59,24.588,SOFT,9.0,1.0,,,8.0,1,True,False,100.4,3.012,229.0,230.0,279.0,298.0
Bahrain,2023,STR,Aston Martin,7.0,99.945,31.558,43.832,24.555,SOFT,10.0,1.0,,,8.0,1,True,False,98.8,2.964,230.0,236.0,279.0,295.0
Bahrain,2023,STR,Aston Martin,8.0,99.801,31.619,43.524,24.658,SOFT,11.0,1.0,,,8.0,1,True,False,97.2,2.916,228.0,249.0,278.0,304.0
Bahrain,2023,STR,Aston Martin,9.0,100.106,31.709,43.736,24.661,SOFT,12.0,1.0,,,8.0,1,True,False,95.6,2.868,229.0,248.0,279.0,294.0
Bahrain,2023,STR,Aston Martin,10.0,100.192,31.714,43.754,24.724,SOFT,13.0,1.0,,,8.0,1,True,False,94.0,2.82,228.0,246.0,279.0,306.0
Bahrain,2023,STR,Aston Martin,11.0,100.923,31.837,44.225,24.861,SOFT,14.0,1.0,,,8.0,1,True,False,92.4,2.772,227.0,238.0,279.0,306.0
Bahrain,2023,STR,Aston Martin,12.0,101.039,31.929,44.125,24.985,SOFT,15.0,1.0,,,8.0,1,True,False,90.8,2.724,227.0,245.0,280.0,305.0
Bahrain,2023,STR,Aston Martin,13.0,101.12,31.882,44.192,25.046,SOFT,16.0,1.0,,,6.0,1,True,False,89.2,2.676,228.0,247.0,284.0,304.0
Bahrain,2023,STR,Aston Martin,14.0,100.002,31.565,43.743,24.694,SOFT,17.0,1.0,,,3.0,1,True,False,87.6,2.628,228.0,250.0,277.0,317.0
Bahrain,2023,STR,Aston Martin,15.0,102.841,31.857,43.737,27.247,SOFT,18.0,1.0,5263.906,,4.0,1,False,False,86.0,2.58,229.0,253.0,,295.0
Bahrain,2023,STR,Aston Martin,16.0,119.876,53.276,42.527,24.073,HARD,1.0,2.0,,5289.343,9.0,1,False,True,84.4,2.532,228.0,238.0,279.0,216.0
Bahrain,2023,STR,Aston Martin,17.0,97.507,31.247,42.341,23.919,HARD,2.0,2.0,,,9.0,1,True,True,82.8,2.484,229.0,245.0,280.0,301.0
Bahrain,2023,STR,Aston Martin,18.0,98.127,31.4,42.53,24.197,HARD,3.0,2.0,,,9.0,1,True,True,81.2,2.436,230.0,244.0,279.0,303.0
Bahrain,2023,STR,Aston Martin,19.0,98.587,31.275,42.792,24.52,HARD,4.0,2.0,,,9.0,1,True,True,79.6,2.388,231.0,249.0,288.0,304.0
Bahrain,2023,STR,Aston Martin,20.0,98.038,31.031,42.815,24.192,HARD,5.0,2.0,,,8.0,1,True,True,78.0,2.34,227.0,240.0,279.0,324.0
Bahrain,2023,STR,Aston Martin,21.0,98.273,31.172,42.998,24.103,HARD,6.0,2.0,,,8.0,1,True,True,76.4,2.292,230.0,233.0,280.0,304.0
Bahrain,2023,STR,Aston Martin,22.0,98.73,31.338,43.254,24.138,HARD,7.0,2.0,,,8.0,1,True,True,74.8,2.244,228.0,230.0,280.0,304.0
Bahrain,2023,STR,Aston Martin,23.0,98.295,31.348,42.818,24.129,HARD,8.0,2.0,,,8.0,1,True,True,73.2,2.196,229.0,247.0,280.0,302.0
Bahrain,2023,STR,Aston Martin,24.0,98.478,31.28,42.995,24.203,HARD,9.0,2.0,,,8.0,1,True,True,71.6,2.148,231.0,253.0,281.0,305.0
Bahrain,2023,STR,Aston Martin,25.0,98.25,31.174,42.928,24.148,HARD,10.0,2.0,,,8.0,1,True,True,70.0,2.1,231.0,256.0,281.0,302.0
Bahrain,2023,STR,Aston Martin,26.0,98.482,31.203,43.13,24.149,HARD,11.0,2.0,,,8.0,1,True,True,68.4,2.052,230.0,253.0,281.0,302.0
Bahrain,2023,STR,Aston Martin,27.0,99.021,31.177,43.506,24.338,HARD,12.0,2.0,,,8.0,1,True,True,66.8,2.004,232.0,257.0,280.0,303.0
Bahrain,2023,STR,Aston Martin,28.0,98.723,31.475,43.02,24.228,HARD,13.0,2.0,,,8.0,1,True,True,65.2,1.956,230.0,254.0,280.0,302.0
Bahrain,2023,STR,Aston Martin,29.0,98.71,31.461,42.966,24.283,HARD,14.0,2.0,,,8.0,1,True,True,63.6,1.908,232.0,255.0,281.0,303.0
Bahrain,2023,STR,Aston Martin,30.0,101.467,31.512,43.025,26.93,HARD,15.0,2.0,6764.504,,8.0,1,False,True,62.0,1.86,231.0,255.0,,301.0
Bahrain,2023,STR,Aston Martin,31.0,117.063,51.935,41.573,23.555,HARD,1.0,3.0,,6789.128,8.0,1,False,True,60.4,1.812,229.0,256.0,283.0,218.0
Bahrain,2023,STR,Aston Martin,32.0,96.546,30.853,41.993,23.7,HARD,2.0,3.0,,,7.0,1,True,True,58.8,1.764,230.0,244.0,280.0,303.0
Bahrain,2023,STR,Aston Martin,33.0,97.21,31.057,42.487,23.666,HARD,3.0,3.0,,,7.0,1,True,True,57.2,1.716,233.0,231.0,281.0,301.0
Bahrain,2023,STR,Aston Martin,34.0,97.168,30.988,42.474,23.706,HARD,4.0,3.0,,,7.0,1,True,True,55.6,1.668,233.0,235.0,280.0,300.0
Bahrain,2023,STR,Aston Martin,35.0,97.521,31.167,42.568,23.786,HARD,5.0,3.0,,,7.0,1,True,True,54.0,1.62,233.0,232.0,280.0,297.0
Bahrain,2023,STR,Aston Martin,36.0,97.72,31.025,42.848,23.847,HARD,6.0,3.0,,,7.0,1,True,True,52.4,1.572,234.0,220.0,280.0,301.0
Bahrain,2023,STR,Aston Martin,37.0,97.68,31.117,42.684,23.879,HARD,7.0,3.0,,,7.0,1,True,True,50.8,1.524,232.0,228.0,280.0,291.0
Bahrain,2023,STR,Aston Martin,38.0,97.274,31.062,42.463,23.749,HARD,8.0,3.0,,,7.0,1,True,True,49.2,1.476,232.0,232.0,280.0,299.0
Bahrain,2023,STR,Aston Martin,39.0,97.456,31.045,42.644,23.767,HARD,9.0,3.0,,,7.0,1,True,True,47.6,1.428,232.0,227.0,280.0,301.0
Bahrain,2023,STR,Aston Martin,40.0,97.916,31.01,42.646,24.26,HARD,10.0,3.0,,,6.0,126,False,True,46.0,1.38,232.0,228.0,280.0,301.0
Bahrain,2023,STR,Aston Martin,41.0,126.809,43.661,58.17,24.978,HARD,11.0,3.0,,,6.0,671,False,True,44.4,1.332,110.0,208.0,280.0,222.0
Bahrain,2023,STR,Aston Martin,42.0,97.298,31.035,42.477,23.786,HARD,12.0,3.0,,,6.0,1,True,True,42.8,1.284,233.0,241.0,281.0,303.0
Bahrain,2023,STR,Aston Martin,43.0,97.304,31.123,42.318,23.863,HARD,13.0,3.0,,,6.0,1,True,True,41.2,1.236,233.0,252.0,280.0,303.0
Bahrain,2023,STR,Aston Martin,44.0,97.299,31.066,42.331,23.902,HARD,14.0,3.0,,,6.0,1,True,True,39.6,1.188,233.0,250.0,280.0,299.0
Bahrain,2023,STR,Aston Martin,45.0,97.222,31.017,42.39,23.815,HARD,15.0,3.0,,,6.0,1,True,True,38.0,1.14,232.0,250.0,281.0,302.0
Bahrain,2023,STR,Aston Martin,46.0,97.562,31.04,42.675,23.847,HARD,16.0,3.0,,,6.0,1,True,True,36.4,1.092,234.0,242.0,281.0,301.0
Bahrain,2023,STR,Aston Martin,47.0,97.257,31.043,42.368,23.846,HARD,17.0,3.0,,,6.0,1,True,True,34.8,1.044,233.0,253.0,281.0,302.0
Bahrain,2023,STR,Aston Martin,48.0,97.448,31.146,42.393,23.909,HARD,18.0,3.0,,,6.0,1,True,True,33.2,0.996,232.0,244.0,280.0,301.0
Bahrain,2023,STR,Aston Martin,49.0,97.551,31.106,42.536,23.909,HARD,19.0,3.0,,,6.0,1,True,True,31.6,0.948,234.0,255.0,281.0,302.0
Bahrain,2023,STR,Aston Martin,50.0,97.388,31.03,42.331,24.027,HARD,20.0,3.0,,,6.0,1,True,True,30.0,0.9,233.0,257.0,280.0,301.0
Bahrain,2023,STR,Aston Martin,51.0,97.866,31.108,42.709,24.049,HARD,21.0,3.0,,,6.0,1,True,True,28.4,0.852,233.0,258.0,280.0,300.0
Bahrain,2023,STR,Aston Martin,52.0,97.579,31.121,42.501,23.957,HARD,22.0,3.0,,,6.0,1,True,True,26.8,0.804,235.0,259.0,281.0,299.0
Bahrain,2023,STR,Aston Martin,53.0,98.379,31.162,43.275,23.942,HARD,23.0,3.0,,,6.0,1,True,True,25.2,0.756,234.0,260.0,281.0,300.0
Bahrain,2023,STR,Aston Martin,54.0,97.597,31.11,42.373,24.114,HARD,24.0,3.0,,,6.0,1,True,True,23.6,0.708,234.0,261.0,281.0,300.0
Bahrain,2023,STR,Aston Martin,55.0,97.701,31.149,42.517,24.035,HARD,25.0,3.0,,,6.0,1,True,True,22.0,0.66,233.0,259.0,281.0,301.0
Bahrain,2023,STR,Aston Martin,56.0,98.11,31.287,42.737,24.086,HARD,26.0,3.0,,,6.0,1,True,True,20.4,0.612,234.0,257.0,280.0,301.0
Bahrain,2023,STR,Aston Martin,57.0,97.991,31.194,42.65,24.147,HARD,27.0,3.0,,,6.0,1,True,True,18.8,0.564,234.0,257.0,281.0,300.0
Bahrain,2023,SAR,Williams,1.0,106.855,,45.33,24.706,SOFT,1.0,1.0,,,13.0,12,False,True,108.4,3.252,224.0,249.0,283.0,269.0
Bahrain,2023,SAR,Williams,2.0,100.467,31.795,43.956,24.716,SOFT,2.0,1.0,,,13.0,21,True,True,106.8,3.204,231.0,248.0,283.0,309.0
Bahrain,2023,SAR,Williams,3.0,100.349,31.746,43.8,24.803,SOFT,3.0,1.0,,,13.0,1,True,True,105.2,3.156,231.0,245.0,288.0,300.0
Bahrain,2023,SAR,Williams,4.0,100.644,31.421,44.124,25.099,SOFT,4.0,1.0,,,13.0,1,True,True,103.6,3.108,228.0,242.0,288.0,327.0
Bahrain,2023,SAR,Williams,5.0,100.902,31.603,44.497,24.802,SOFT,5.0,1.0,,,13.0,1,True,True,102.0,3.06,229.0,243.0,282.0,310.0
Bahrain,2023,SAR,Williams,6.0,100.791,31.776,44.129,24.886,SOFT,6.0,1.0,,,13.0,1,True,True,100.4,3.012,230.0,240.0,287.0,303.0
Bahrain,2023,SAR,Williams,7.0,100.892,31.801,44.19,24.901,SOFT,7.0,1.0,,,13.0,1,True,True,98.8,2.964,227.0,246.0,287.0,308.0
Bahrain,2023,SAR,Williams,8.0,100.868,31.647,44.392,24.829,SOFT,8.0,1.0,,,13.0,1,True,True,97.2,2.916,231.0,245.0,286.0,312.0
Bahrain,2023,SAR,Williams,9.0,100.908,31.948,44.066,24.894,SOFT,9.0,1.0,,,13.0,1,True,True,95.6,2.868,230.0,247.0,287.0,308.0
Bahrain,2023,SAR,Williams,10.0,101.133,31.594,44.481,25.058,SOFT,10.0,1.0,,,12.0,1,True,True,94.0,2.82,229.0,250.0,281.0,323.0
Bahrain,2023,SAR,Williams,11.0,101.532,32.122,44.37,25.04,SOFT,11.0,1.0,,,11.0,1,True,True,92.4,2.772,229.0,247.0,280.0,305.0
Bahrain,2023,SAR,Williams,12.0,103.88,32.031,44.118,27.731,SOFT,12.0,1.0,4974.364,,10.0,1,False,True,90.8,2.724,229.0,251.0,,305.0
Bahrain,2023,SAR,Williams,13.0,120.255,53.407,42.646,24.202,SOFT,1.0,2.0,,4999.958,15.0,1,False,True,89.2,2.676,233.0,246.0,284.0,219.0
Bahrain,2023,SAR,Williams,14.0,98.413,31.156,42.959,24.298,SOFT,2.0,2.0,,,15.0,1,True,True,87.6,2.628,233.0,245.0,287.0,305.0
Bahrain,2023,SAR,Williams,15.0,99.033,31.192,43.462,24.379,SOFT,3.0,2.0,,,15.0,1,True,True,86.0,2.58,226.0,245.0,289.0,314.0
Bahrain,2023,SAR,Williams,16.0,98.988,31.239,43.299,24.45,SOFT,4.0,2.0,,,13.0,1,True,True,84.4,2.532,231.0,248.0,288.0,326.0
Bahrain,2023,SAR,Williams,17.0,99.439,31.439,43.542,24.458,SOFT,5.0,2.0,,,13.0,1,True,True,82.8,2.484,232.0,245.0,283.0,320.0
Bahrain,2023,SAR,Williams,18.0,99.399,31.497,43.423,24.479,SOFT,6.0,2.0,,,13.0,1,True,True,81.2,2.436,231.0,242.0,282.0,298.0
Bahrain,2023,SAR,Williams,19.0,99.22,31.3,43.546,24.374,SOFT,7.0,2.0,,,13.0,1,True,True,79.6,2.388,232.0,246.0,283.0,308.0
Bahrain,2023,SAR,Williams,20.0,99.186,31.337,43.39,24.459,SOFT,8.0,2.0,,,13.0,1,True,True,78.0,2.34,233.0,247.0,283.0,308.0
Bahrain,2023,SAR,Williams,21.0,99.612,31.466,43.62,24.526,SOFT,9.0,2.0,,,13.0,1,True,True,76.4,2.292,231.0,241.0,282.0,307.0
Bahrain,2023,SAR,Williams,22.0,99.362,31.385,43.461,24.516,SOFT,10.0,2.0,,,13.0,1,True,True,74.8,2.244,234.0,247.0,283.0,306.0
Bahrain,2023,SAR,Williams,23.0,99.692,31.63,43.546,24.516,SOFT,11.0,2.0,,,13.0,1,True,True,73.2,2.196,231.0,248.0,283.0,307.0
Bahrain,2023,SAR,Williams,24.0,99.872,31.583,43.663,24.626,SOFT,12.0,2.0,,,13.0,1,True,True,71.6,2.148,233.0,244.0,282.0,307.0
Bahrain,2023,SAR,Williams,25.0,99.834,31.581,43.719,24.534,SOFT,13.0,2.0,,,13.0,1,True,True,70.0,2.1,231.0,249.0,283.0,307.0
Bahrain,2023,SAR,Williams,26.0,100.006,31.621,43.912,24.473,SOFT,14.0,2.0,,,12.0,1,True,True,68.4,2.052,232.0,246.0,282.0,306.0
Bahrain,2023,SAR,Williams,27.0,99.602,31.547,43.585,24.47,SOFT,15.0,2.0,,,10.0,1,True,True,66.8,2.004,233.0,249.0,282.0,307.0
Bahrain,2023,SAR,Williams,28.0,99.62,31.548,43.544,24.528,SOFT,16.0,2.0,,,10.0,1,True,True,65.2,1.956,233.0,252.0,281.0,307.0
Bahrain,2023,SAR,Williams,29.0,99.673,31.672,43.498,24.503,SOFT,17.0,2.0,,,10.0,1,True,True,63.6,1.908,234.0,252.0,282.0,305.0
Bahrain,2023,SAR,Williams,30.0,102.409,31.687,43.426,27.296,SOFT,18.0,2.0,6787.988,,10.0,1,False,True,62.0,1.86,233.0,257.0,,307.0
Bahrain,2023,SAR,Williams,31.0,119.303,53.34,42.124,23.839,HARD,1.0,3.0,,6813.675,14.0,1,False,True,60.4,1.812,234.0,253.0,283.0,221.0
Bahrain,2023,SAR,Williams,32.0,97.613,30.975,42.694,23.944,HARD,2.0,3.0,,,14.0,1,True,True,58.8,1.764,233.0,248.0,283.0,305.0
Bahrain,2023,SAR,Williams,33.0,97.862,31.078,42.708,24.076,HARD,3.0,3.0,,,13.0,1,True,True,57.2,1.716,235.0,247.0,283.0,296.0
Bahrain,2023,SAR,Williams,34.0,97.902,31.157,42.798,23.947,HARD,4.0,3.0,,,13.0,1,True,True,55.6,1.668,235.0,249.0,283.0,307.0
Bahrain,2023,SAR,Williams,35.0,98.029,31.176,42.79,24.063,HARD,5.0,3.0,,,13.0,1,True,True,54.0,1.62,235.0,251.0,283.0,308.0
Bahrain,2023,SAR,Williams,36.0,97.717,31.091,42.688,23.938,HARD,6.0,3.0,,,13.0,1,True,True,52.4,1.572,234.0,254.0,283.0,307.0
Bahrain,2023,SAR,Williams,37.0,97.831,31.087,42.803,23.941,HARD,7.0,3.0,,,13.0,1,True,True,50.8,1.524,235.0,252.0,283.0,307.0
Bahrain,2023,SAR,Williams,38.0,98.015,31.136,42.813,24.066,HARD,8.0,3.0,,,13.0,1,True,True,49.2,1.476,234.0,250.0,283.0,308.0
Bahrain,2023,SAR,Williams,39.0,97.971,31.148,42.76,24.063,HARD,9.0,3.0,,,13.0,1,True,True,47.6,1.428,235.0,251.0,282.0,308.0
Bahrain,2023,SAR,Williams,40.0,113.753,31.202,48.556,33.995,HARD,10.0,3.0,7803.987,,12.0,126,False,True,46.0,1.38,234.0,163.0,,308.0
Bahrain,2023,SAR,Williams,41.0,125.614,59.069,42.812,23.733,SOFT,1.0,4.0,,7829.016,14.0,671,False,True,44.4,1.332,142.0,250.0,284.0,220.0
Bahrain,2023,SAR,Williams,42.0,96.037,30.492,41.875,23.67,SOFT,2.0,4.0,,,14.0,1,True,True,42.8,1.284,237.0,255.0,285.0,309.0
Bahrain,2023,SAR,Williams,43.0,96.801,30.693,42.146,23.962,SOFT,3.0,4.0,,,14.0,1,True,True,41.2,1.236,237.0,247.0,290.0,309.0
Bahrain,2023,SAR,Williams,44.0,97.407,30.808,42.689,23.91,SOFT,4.0,4.0,,,13.0,1,True,True,39.6,1.188,235.0,248.0,290.0,323.0
Bahrain,2023,SAR,Williams,45.0,97.462,30.743,42.757,23.962,SOFT,5.0,4.0,,,13.0,1,True,True,38.0,1.14,239.0,250.0,293.0,318.0
Bahrain,2023,SAR,Williams,46.0,98.441,31.144,43.267,24.03,SOFT,6.0,4.0,,,13.0,1,True,True,36.4,1.092,234.0,250.0,292.0,327.0
Bahrain,2023,SAR,Williams,47.0,97.227,31.054,42.356,23.817,SOFT,7.0,4.0,,,12.0,1,True,True,34.8,1.044,237.0,258.0,284.0,328.0
Bahrain,2023,SAR,Williams,48.0,97.068,30.916,42.28,23.872,SOFT,8.0,4.0,,,12.0,1,True,True,33.2,0.996,236.0,256.0,284.0,308.0
Bahrain,2023,SAR,Williams,49.0,97.225,30.906,42.422,23.897,SOFT,9.0,4.0,,,12.0,1,True,True,31.6,0.948,236.0,253.0,284.0,308.0
Bahrain,2023,SAR,Williams,50.0,97.29,30.955,42.418,23.917,SOFT,10.0,4.0,,,12.0,1,True,True,30.0,0.9,237.0,256.0,284.0,308.0
Bahrain,2023,SAR,Williams,51.0,97.472,31.024,42.523,23.925,SOFT,11.0,4.0,,,12.0,1,True,True,28.4,0.852,235.0,257.0,284.0,308.0
Bahrain,2023,SAR,Williams,52.0,97.456,31.031,42.485,23.94,SOFT,12.0,4.0,,,12.0,1,True,True,26.8,0.804,235.0,257.0,284.0,309.0
Bahrain,2023,SAR,Williams,53.0,97.662,31.044,42.593,24.025,SOFT,13.0,4.0,,,12.0,1,True,True,25.2,0.756,236.0,259.0,284.0,308.0
Bahrain,2023,SAR,Williams,54.0,97.936,31.046,42.824,24.066,SOFT,14.0,4.0,,,12.0,1,True,True,23.6,0.708,235.0,255.0,284.0,309.0
Bahrain,2023,SAR,Williams,55.0,98.316,31.122,43.107,24.087,SOFT,15.0,4.0,,,12.0,1,True,True,22.0,0.66,236.0,254.0,284.0,309.0
Bahrain,2023,SAR,Williams,56.0,99.626,31.157,44.242,24.227,SOFT,16.0,4.0,,,12.0,1,True,True,20.4,0.612,236.0,250.0,285.0,309.0
Bahrain,2023,MAG,Haas F1 Team,1.0,109.33,,46.858,25.043,HARD,1.0,1.0,,,18.0,12,False,True,108.4,3.252,235.0,241.0,280.0,243.0
Bahrain,2023,MAG,Haas F1 Team,2.0,101.521,32.42,44.355,24.746,HARD,2.0,1.0,,,19.0,21,True,True,106.8,3.204,231.0,242.0,280.0,306.0
Bahrain,2023,MAG,Haas F1 Team,3.0,101.978,31.821,45.009,25.148,HARD,3.0,1.0,,,20.0,1,True,True,105.2,3.156,227.0,237.0,286.0,294.0
Bahrain,2023,MAG,Haas F1 Team,4.0,100.773,31.755,44.045,24.973,HARD,4.0,1.0,,,20.0,1,True,True,103.6,3.108,229.0,239.0,284.0,303.0
Bahrain,2023,MAG,Haas F1 Team,5.0,101.34,31.769,44.572,24.999,HARD,5.0,1.0,,,20.0,1,True,True,102.0,3.06,228.0,239.0,280.0,314.0
Bahrain,2023,MAG,Haas F1 Team,6.0,101.125,32.023,44.289,24.813,HARD,6.0,1.0,,,20.0,1,True,True,100.4,3.012,227.0,239.0,279.0,299.0
Bahrain,2023,MAG,Haas F1 Team,7.0,101.526,32.135,44.46,24.931,HARD,7.0,1.0,,,20.0,1,True,True,98.8,2.964,227.0,241.0,280.0,299.0
Bahrain,2023,MAG,Haas F1 Team,8.0,101.283,32.062,44.289,24.932,HARD,8.0,1.0,,,20.0,1,True,True,97.2,2.916,227.0,249.0,280.0,303.0
Bahrain,2023,MAG,Haas F1 Team,9.0,101.278,32.161,44.196,24.921,HARD,9.0,1.0,,,20.0,1,True,True,95.6,2.868,226.0,250.0,280.0,299.0
Bahrain,2023,MAG,Haas F1 Team,10.0,101.719,32.289,44.441,24.989,HARD,10.0,1.0,,,19.0,1,True,True,94.0,2.82,225.0,249.0,280.0,302.0
Bahrain,2023,MAG,Haas F1 Team,11.0,102.049,32.334,44.458,25.257,HARD,11.0,1.0,,,15.0,1,True,True,92.4,2.772,228.0,250.0,279.0,304.0
Bahrain,2023,MAG,Haas F1 Team,12.0,101.345,32.185,44.197,24.963,HARD,12.0,1.0,,,13.0,1,True,True,90.8,2.724,230.0,250.0,279.0,300.0
Bahrain,2023,MAG,Haas F1 Team,13.0,101.654,32.197,44.455,25.002,HARD,13.0,1.0,,,9.0,1,True,True,89.2,2.676,229.0,247.0,279.0,297.0
Bahrain,2023,MAG,Haas F1 Team,14.0,101.739,32.409,44.478,24.852,HARD,14.0,1.0,,,9.0,1,True,True,87.6,2.628,227.0,246.0,279.0,296.0
Bahrain,2023,MAG,Haas F1 Team,15.0,104.899,32.424,44.674,27.801,HARD,15.0,1.0,5288.734,,11.0,1,False,True,86.0,2.58,227.0,251.0,,300.0
Bahrain,2023,MAG,Haas F1 Team,16.0,120.587,53.295,43.201,24.091,HARD,1.0,2.0,,5314.186,18.0,1,False,True,84.4,2.532,226.0,236.0,279.0,218.0
Bahrain,2023,MAG,Haas F1 Team,17.0,98.319,31.498,42.739,24.082,HARD,2.0,2.0,,,18.0,1,True,True,82.8,2.484,229.0,240.0,280.0,295.0
Bahrain,2023,MAG,Haas F1 Team,18.0,98.274,31.32,42.799,24.155,HARD,3.0,2.0,,,17.0,1,True,True,81.2,2.436,232.0,243.0,279.0,298.0
Bahrain,2023,MAG,Haas F1 Team,19.0,98.803,31.449,43.108,24.246,HARD,4.0,2.0,,,17.0,1,True,True,79.6,2.388,229.0,241.0,279.0,299.0
Bahrain,2023,MAG,Haas F1 Team,20.0,99.083,31.665,43.198,24.22,HARD,5.0,2.0,,,17.0,1,True,True,78.0,2.34,229.0,247.0,279.0,297.0
Bahrain,2023,MAG,Haas F1 Team,21.0,99.086,31.648,43.082,24.356,HARD,6.0,2.0,,,17.0,1,True,True,76.4,2.292,230.0,248.0,280.0,299.0
Bahrain,2023,MAG,Haas F1 Team,22.0,98.913,31.554,43.081,24.278,HARD,7.0,2.0,,,17.0,1,True,True,74.8,2.244,230.0,247.0,280.0,299.0
Bahrain,2023,MAG,Haas F1 Team,23.0,99.027,31.612,43.032,24.383,HARD,8.0,2.0,,,17.0,1,True,True,73.2,2.196,230.0,251.0,280.0,298.0
Bahrain,2023,MAG,Haas F1 Team,24.0,98.947,31.57,43.03,24.347,HARD,9.0,2.0,,,17.0,1,True,True,71.6,2.148,231.0,253.0,280.0,302.0
Bahrain,2023,MAG,Haas F1 Team,25.0,99.476,31.67,43.433,24.373,HARD,10.0,2.0,,,17.0,1,True,True,70.0,2.1,229.0,251.0,282.0,301.0
Bahrain,2023,MAG,Haas F1 Team,26.0,99.601,31.703,43.414,24.484,HARD,11.0,2.0,,,15.0,1,True,True,68.4,2.052,229.0,251.0,281.0,301.0
Bahrain,2023,MAG,Haas F1 Team,27.0,99.298,31.694,43.25,24.354,HARD,12.0,2.0,,,13.0,1,True,True,66.8,2.004,231.0,250.0,280.0,300.0
Bahrain,2023,MAG,Haas F1 Team,28.0,99.316,31.703,43.255,24.358,HARD,13.0,2.0,,,12.0,1,True,True,65.2,1.956,230.0,253.0,279.0,298.0
Bahrain,2023,MAG,Haas F1 Team,29.0,101.979,31.697,43.421,26.861,HARD,14.0,2.0,6699.396,,13.0,1,False,True,63.6,1.908,232.0,256.0,,300.0
Bahrain,2023,MAG,Haas F1 Team,30.0,120.933,52.88,43.703,24.35,SOFT,1.0,3.0,,6724.754,17.0,1,False,True,62.0,1.86,232.0,235.0,281.0,221.0
Bahrain,2023,MAG,Haas F1 Team,31.0,98.593,31.332,43.288,23.973,SOFT,2.0,3.0,,,17.0,1,True,True,60.4,1.812,229.0,236.0,282.0,297.0
Bahrain,2023,MAG,Haas F1 Team,32.0,97.644,30.962,42.718,23.964,SOFT,3.0,3.0,,,16.0,1,True,True,58.8,1.764,233.0,243.0,281.0,300.0
Bahrain,2023,MAG,Haas F1 Team,33.0,97.097,31.049,42.112,23.936,SOFT,4.0,3.0,,,16.0,1,True,True,57.2,1.716,232.0,255.0,280.0,297.0
Bahrain,2023,MAG,Haas F1 Team,34.0,97.528,31.133,42.454,23.941,SOFT,5.0,3.0,,,16.0,1,True,True,55.6,1.668,231.0,253.0,281.0,298.0
Bahrain,2023,MAG,Haas F1 Team,35.0,97.46,31.158,42.391,23.911,SOFT,6.0,3.0,,,16.0,1,True,True,54.0,1.62,233.0,255.0,281.0,301.0
Bahrain,2023,MAG,Haas F1 Team,36.0,97.754,31.223,42.466,24.065,SOFT,7.0,3.0,,,16.0,1,True,True,52.4,1.572,232.0,255.0,279.0,299.0
Bahrain,2023,MAG,Haas F1 Team,37.0,97.998,31.244,42.71,24.044,SOFT,8.0,3.0,,,16.0,1,True,True,50.8,1.524,232.0,251.0,280.0,299.0
Bahrain,2023,MAG,Haas F1 Team,38.0,98.303,31.297,42.864,24.142,SOFT,9.0,3.0,,,16.0,1,True,True,49.2,1.476,232.0,254.0,280.0,298.0
Bahrain,2023,MAG,Haas F1 Team,39.0,98.587,31.279,42.922,24.386,SOFT,10.0,3.0,,,16.0,1,True,True,47.6,1.428,232.0,247.0,280.0,299.0
Bahrain,2023,MAG,Haas F1 Team,40.0,117.797,31.406,51.042,35.349,SOFT,11.0,3.0,7819.125,,15.0,126,False,True,46.0,1.38,234.0,203.0,,299.0
Bahrain,2023,MAG,Haas F1 Team,41.0,122.547,56.351,42.391,23.805,SOFT,1.0,4.0,,7844.25,15.0,671,False,True,44.4,1.332,232.0,244.0,282.0,222.0
Bahrain,2023,MAG,Haas F1 Team,42.0,96.471,30.737,42.113,23.621,SOFT,2.0,4.0,,,15.0,1,True,True,42.8,1.284,234.0,241.0,282.0,300.0
Bahrain,2023,MAG,Haas F1 Team,43.0,96.942,30.753,42.381,23.808,SOFT,3.0,4.0,,,15.0,1,True,True,41.2,1.236,234.0,240.0,282.0,301.0
Bahrain,2023,MAG,Haas F1 Team,44.0,96.588,30.76,42.049,23.779,SOFT,4.0,4.0,,,15.0,1,True,True,39.6,1.188,235.0,247.0,282.0,301.0
Bahrain,2023,MAG,Haas F1 Team,45.0,97.126,30.983,42.268,23.875,SOFT,5.0,4.0,,,15.0,1,True,True,38.0,1.14,233.0,248.0,282.0,299.0
Bahrain,2023,MAG,Haas F1 Team,46.0,97.589,31.046,42.533,24.01,SOFT,6.0,4.0,,,15.0,1,True,True,36.4,1.092,233.0,246.0,281.0,302.0
Bahrain,2023,MAG,Haas F1 Team,47.0,97.629,31.029,42.64,23.96,SOFT,7.0,4.0,,,15.0,1,True,True,34.8,1.044,234.0,248.0,281.0,302.0
Bahrain,2023,MAG,Haas F1 Team,48.0,97.607,31.059,42.581,23.967,SOFT,8.0,4.0,,,15.0,1,True,True,33.2,0.996,234.0,250.0,281.0,299.0
Bahrain,2023,MAG,Haas F1 Team,49.0,97.739,31.077,42.715,23.947,SOFT,9.0,4.0,,,15.0,1,True,True,31.6,0.948,234.0,250.0,282.0,300.0
Bahrain,2023,MAG,Haas F1 Team,50.0,98.315,31.323,42.652,24.34,SOFT,10.0,4.0,,,15.0,1,True,True,30.0,0.9,233.0,255.0,290.0,302.0
Bahrain,2023,MAG,Haas F1 Team,51.0,98.157,31.364,42.723,24.07,SOFT,11.0,4.0,,,14.0,1,True,True,28.4,0.852,229.0,250.0,281.0,313.0
Bahrain,2023,MAG,Haas F1 Team,52.0,97.963,31.275,42.598,24.09,SOFT,12.0,4.0,,,14.0,1,True,True,26.8,0.804,231.0,253.0,281.0,296.0
Bahrain,2023,MAG,Haas F1 Team,53.0,97.982,31.324,42.612,24.046,SOFT,13.0,4.0,,,14.0,1,True,True,25.2,0.756,234.0,258.0,282.0,301.0
Bahrain,2023,MAG,Haas F1 Team,54.0,99.651,31.272,42.695,25.684,SOFT,14.0,4.0,,,14.0,1,True,True,23.6,0.708,235.0,256.0,288.0,301.0
Bahrain,2023,MAG,Haas F1 Team,55.0,98.446,31.366,42.971,24.109,SOFT,15.0,4.0,,,13.0,1,True,True,22.0,0.66,234.0,258.0,281.0,315.0
Bahrain,2023,MAG,Haas F1 Team,56.0,98.779,31.633,42.882,24.264,SOFT,16.0,4.0,,,13.0,1,True,True,20.4,0.612,234.0,255.0,282.0,302.0
Bahrain,2023,DEV,AlphaTauri,1.0,109.959,,46.835,25.179,SOFT,1.0,1.0,,,20.0,12,False,True,108.4,3.252,217.0,226.0,282.0,253.0
Bahrain,2023,DEV,AlphaTauri,2.0,101.289,32.136,44.304,24.849,SOFT,2.0,1.0,,,20.0,21,True,True,106.8,3.204,231.0,237.0,281.0,277.0
Bahrain,2023,DEV,AlphaTauri,3.0,100.914,31.761,44.368,24.785,SOFT,3.0,1.0,,,19.0,1,True,True,105.2,3.156,230.0,242.0,280.0,291.0
Bahrain,2023,DEV,AlphaTauri,4.0,100.373,31.611,43.9,24.862,SOFT,4.0,1.0,,,19.0,1,True,True,103.6,3.108,230.0,237.0,283.0,302.0
Bahrain,2023,DEV,AlphaTauri,5.0,100.63,31.428,44.155,25.047,SOFT,5.0,1.0,,,19.0,1,True,True,102.0,3.06,228.0,239.0,284.0,318.0
Bahrain,2023,DEV,AlphaTauri,6.0,101.125,31.563,44.451,25.111,SOFT,6.0,1.0,,,19.0,1,True,True,100.4,3.012,229.0,243.0,284.0,320.0
Bahrain,2023,DEV,AlphaTauri,7.0,101.166,31.511,44.638,25.017,SOFT,7.0,1.0,,,19.0,1,True,True,98.8,2.964,230.0,243.0,283.0,318.0
Bahrain,2023,DEV,AlphaTauri,8.0,101.23,31.601,44.514,25.115,SOFT,8.0,1.0,,,19.0,1,True,True,97.2,2.916,229.0,237.0,283.0,319.0
Bahrain,2023,DEV,AlphaTauri,9.0,101.573,31.817,44.54,25.216,SOFT,9.0,1.0,,,18.0,1,True,True,95.6,2.868,228.0,241.0,283.0,317.0
Bahrain,2023,DEV,AlphaTauri,10.0,101.666,31.78,44.807,25.079,SOFT,10.0,1.0,,,18.0,1,True,True,94.0,2.82,230.0,238.0,279.0,319.0
Bahrain,2023,DEV,AlphaTauri,11.0,105.46,32.072,44.715,28.673,SOFT,11.0,1.0,4880.585,,17.0,1,False,True,92.4,2.772,229.0,245.0,,299.0
Bahrain,2023,DEV,AlphaTauri,12.0,121.184,53.538,43.459,24.187,HARD,1.0,2.0,,4905.569,19.0,1,False,True,90.8,2.724,231.0,247.0,280.0,214.0
Bahrain,2023,DEV,AlphaTauri,13.0,98.924,31.468,43.189,24.267,HARD,2.0,2.0,,,18.0,1,True,True,89.2,2.676,232.0,241.0,280.0,302.0
Bahrain,2023,DEV,AlphaTauri,14.0,98.829,31.383,43.082,24.364,HARD,3.0,2.0,,,17.0,1,True,True,87.6,2.628,231.0,244.0,280.0,293.0
Bahrain,2023,DEV,AlphaTauri,15.0,98.868,31.425,43.124,24.319,HARD,4.0,2.0,,,17.0,1,True,True,86.0,2.58,229.0,244.0,281.0,297.0
Bahrain,2023,DEV,AlphaTauri,16.0,99.127,31.487,43.229,24.411,HARD,5.0,2.0,,,15.0,1,True,True,84.4,2.532,231.0,247.0,280.0,297.0
Bahrain,2023,DEV,AlphaTauri,17.0,98.996,31.498,43.126,24.372,HARD,6.0,2.0,,,14.0,1,True,True,82.8,2.484,231.0,250.0,279.0,297.0
Bahrain,2023,DEV,AlphaTauri,18.0,99.054,31.426,43.327,24.301,HARD,7.0,2.0,,,14.0,1,True,True,81.2,2.436,231.0,241.0,278.0,295.0
Bahrain,2023,DEV,AlphaTauri,19.0,99.078,31.442,43.253,24.383,HARD,8.0,2.0,,,14.0,1,True,True,79.6,2.388,232.0,245.0,278.0,296.0
Bahrain,2023,DEV,AlphaTauri,20.0,99.182,31.442,43.332,24.408,HARD,9.0,2.0,,,14.0,1,True,True,78.0,2.34,232.0,248.0,278.0,297.0
Bahrain,2023,DEV,AlphaTauri,21.0,99.182,31.508,43.309,24.365,HARD,10.0,2.0,,,14.0,1,True,True,76.4,2.292,231.0,246.0,278.0,295.0
Bahrain,2023,DEV,AlphaTauri,22.0,99.296,31.572,43.328,24.396,HARD,11.0,2.0,,,14.0,1,True,True,74.8,2.244,232.0,246.0,278.0,297.0
Bahrain,2023,DEV,AlphaTauri,23.0,99.542,31.637,43.479,24.426,HARD,12.0,2.0,,,14.0,1,True,True,73.2,2.196,231.0,245.0,278.0,297.0
Bahrain,2023,DEV,AlphaTauri,24.0,99.807,31.847,43.493,24.467,HARD,13.0,2.0,,,14.0,1,True,True,71.6,2.148,231.0,243.0,279.0,295.0
Bahrain,2023,DEV,AlphaTauri,25.0,100.96,32.101,44.14,24.719,HARD,14.0,2.0,,,15.0,1,True,True,70.0,2.1,234.0,246.0,281.0,296.0
Bahrain,2023,DEV,AlphaTauri,26.0,99.97,31.698,43.692,24.58,HARD,15.0,2.0,,,14.0,1,True,True,68.4,2.052,231.0,247.0,281.0,298.0
Bahrain,2023,DEV,AlphaTauri,27.0,102.309,31.644,43.489,27.176,HARD,16.0,2.0,6494.665,,12.0,1,False,True,66.8,2.004,230.0,251.0,,296.0
Bahrain,2023,DEV,AlphaTauri,28.0,120.083,53.173,42.985,23.925,HARD,1.0,3.0,,6519.899,16.0,1,False,True,65.2,1.956,232.0,242.0,278.0,214.0
Bahrain,2023,DEV,AlphaTauri,29.0,98.121,31.275,42.759,24.087,HARD,2.0,3.0,,,16.0,1,True,True,63.6,1.908,232.0,245.0,280.0,292.0
Bahrain,2023,DEV,AlphaTauri,30.0,97.709,31.186,42.605,23.918,HARD,3.0,3.0,,,15.0,1,True,True,62.0,1.86,234.0,244.0,280.0,300.0
Bahrain,2023,DEV,AlphaTauri,31.0,97.909,31.126,42.804,23.979,HARD,4.0,3.0,,,15.0,1,True,True,60.4,1.812,233.0,248.0,282.0,299.0
Bahrain,2023,DEV,AlphaTauri,32.0,97.902,31.118,42.773,24.011,HARD,5.0,3.0,,,15.0,1,True,True,58.8,1.764,232.0,250.0,282.0,298.0
Bahrain,2023,DEV,AlphaTauri,33.0,97.933,31.115,42.729,24.089,HARD,6.0,3.0,,,14.0,1,True,True,57.2,1.716,234.0,250.0,281.0,300.0
Bahrain,2023,DEV,AlphaTauri,34.0,98.266,31.226,42.896,24.144,HARD,7.0,3.0,,,14.0,1,True,True,55.6,1.668,233.0,251.0,281.0,295.0
Bahrain,2023,DEV,AlphaTauri,35.0,98.123,31.249,42.716,24.158,HARD,8.0,3.0,,,14.0,1,True,True,54.0,1.62,234.0,250.0,281.0,296.0
Bahrain,2023,DEV,AlphaTauri,36.0,98.206,31.265,42.791,24.15,HARD,9.0,3.0,,,14.0,1,True,True,52.4,1.572,233.0,246.0,280.0,296.0
Bahrain,2023,DEV,AlphaTauri,37.0,98.423,31.401,42.905,24.117,HARD,10.0,3.0,,,14.0,1,True,True,50.8,1.524,233.0,243.0,280.0,299.0
Bahrain,2023,DEV,AlphaTauri,38.0,98.379,31.355,42.877,24.147,HARD,11.0,3.0,,,14.0,1,True,True,49.2,1.476,233.0,245.0,280.0,299.0
Bahrain,2023,DEV,AlphaTauri,39.0,98.535,31.31,42.977,24.248,HARD,12.0,3.0,,,14.0,1,True,True,47.6,1.428,233.0,245.0,279.0,297.0
Bahrain,2023,DEV,AlphaTauri,40.0,113.544,31.346,53.363,28.835,HARD,13.0,3.0,,,13.0,126,False,True,46.0,1.38,234.0,178.0,210.0,297.0
Bahrain,2023,DEV,AlphaTauri,41.0,114.359,44.502,45.772,24.085,HARD,14.0,3.0,,,11.0,671,False,True,44.4,1.332,173.0,245.0,280.0,187.0
Bahrain,2023,DEV,AlphaTauri,42.0,99.873,32.199,43.466,24.208,HARD,15.0,3.0,,,12.0,1,True,True,42.8,1.284,234.0,242.0,280.0,304.0
Bahrain,2023,DEV,AlphaTauri,43.0,100.177,32.026,43.701,24.45,HARD,16.0,3.0,,,13.0,1,True,True,41.2,1.236,232.0,247.0,281.0,301.0
Bahrain,2023,DEV,AlphaTauri,44.0,99.588,31.78,43.483,24.325,HARD,17.0,3.0,,,14.0,1,True,True,39.6,1.188,232.0,248.0,281.0,298.0
Bahrain,2023,DEV,AlphaTauri,45.0,98.889,31.481,43.144,24.264,HARD,18.0,3.0,,,14.0,1,True,True,38.0,1.14,234.0,242.0,280.0,293.0
Bahrain,2023,DEV,AlphaTauri,46.0,98.871,31.557,43.061,24.253,HARD,19.0,3.0,,,14.0,1,True,True,36.4,1.092,234.0,245.0,280.0,295.0
Bahrain,2023,DEV,AlphaTauri,47.0,98.921,31.53,43.186,24.205,HARD,20.0,3.0,,,14.0,1,True,True,34.8,1.044,234.0,244.0,280.0,298.0
Bahrain,2023,DEV,AlphaTauri,48.0,100.441,32.523,43.596,24.322,HARD,21.0,3.0,,,14.0,1,True,True,33.2,0.996,205.0,249.0,280.0,302.0
Bahrain,2023,DEV,AlphaTauri,49.0,98.985,31.508,43.167,24.31,HARD,22.0,3.0,,,14.0,1,True,True,31.6,0.948,234.0,244.0,280.0,303.0
Bahrain,2023,DEV,AlphaTauri,50.0,99.089,31.532,43.24,24.317,HARD,23.0,3.0,,,14.0,1,True,True,30.0,0.9,234.0,242.0,280.0,297.0
Bahrain,2023,DEV,AlphaTauri,51.0,100.475,32.491,43.49,24.494,HARD,24.0,3.0,,,15.0,1,True,True,28.4,0.852,233.0,248.0,281.0,304.0
Bahrain,2023,DEV,AlphaTauri,52.0,100.33,31.497,44.208,24.625,HARD,25.0,3.0,,,15.0,1,True,True,26.8,0.804,234.0,245.0,281.0,300.0
Bahrain,2023,DEV,AlphaTauri,53.0,99.15,31.459,43.284,24.407,HARD,26.0,3.0,,,15.0,1,True,True,25.2,0.756,234.0,245.0,281.0,302.0
Bahrain,2023,DEV,AlphaTauri,54.0,98.885,31.467,43.108,24.31,HARD,27.0,3.0,,,15.0,1,True,True,23.6,0.708,234.0,249.0,281.0,299.0
Bahrain,2023,DEV,AlphaTauri,55.0,99.239,31.445,43.538,24.256,HARD,28.0,3.0,,,14.0,1,True,True,22.0,0.66,234.0,249.0,280.0,298.0
Bahrain,2023,DEV,AlphaTauri,56.0,99.161,31.644,43.211,24.306,HARD,29.0,3.0,,,14.0,1,True,True,20.4,0.612,234.0,249.0,280.0,295.0
Bahrain,2023,TSU,AlphaTauri,1.0,107.791,,45.884,24.925,SOFT,1.0,1.0,,,15.0,12,False,True,108.4,3.252,230.0,248.0,282.0,259.0
Bahrain,2023,TSU,AlphaTauri,2.0,100.837,31.976,43.987,24.874,SOFT,2.0,1.0,,,15.0,21,True,True,106.8,3.204,232.0,240.0,280.0,294.0
Bahrain,2023,TSU,AlphaTauri,3.0,100.243,31.699,43.736,24.808,SOFT,3.0,1.0,,,15.0,1,True,True,105.2,3.156,224.0,250.0,288.0,301.0
Bahrain,2023,TSU,AlphaTauri,4.0,99.95,31.259,43.59,25.101,SOFT,4.0,1.0,,,14.0,1,True,True,103.6,3.108,225.0,248.0,286.0,317.0
Bahrain,2023,TSU,AlphaTauri,5.0,101.131,31.566,44.562,25.003,SOFT,5.0,1.0,,,14.0,1,True,True,102.0,3.06,227.0,251.0,284.0,302.0
Bahrain,2023,TSU,AlphaTauri,6.0,100.886,31.671,44.172,25.043,SOFT,6.0,1.0,,,14.0,1,True,True,100.4,3.012,230.0,251.0,285.0,311.0
Bahrain,2023,TSU,AlphaTauri,7.0,100.952,31.564,44.259,25.129,SOFT,7.0,1.0,,,14.0,1,True,True,98.8,2.964,224.0,252.0,284.0,312.0
Bahrain,2023,TSU,AlphaTauri,8.0,100.846,31.566,44.156,25.124,SOFT,8.0,1.0,,,14.0,1,True,True,97.2,2.916,224.0,251.0,284.0,319.0
Bahrain,2023,TSU,AlphaTauri,9.0,101.01,31.627,44.241,25.142,SOFT,9.0,1.0,,,14.0,1,True,True,95.6,2.868,225.0,250.0,284.0,318.0
Bahrain,2023,TSU,AlphaTauri,10.0,103.749,31.649,44.285,27.815,SOFT,10.0,1.0,4772.587,,14.0,1,False,True,94.0,2.82,224.0,253.0,,322.0
Bahrain,2023,TSU,AlphaTauri,11.0,119.843,53.357,42.423,24.063,HARD,1.0,2.0,,4797.836,18.0,1,False,True,92.4,2.772,226.0,255.0,279.0,217.0
Bahrain,2023,TSU,AlphaTauri,12.0,99.143,31.623,43.14,24.38,HARD,2.0,2.0,,,16.0,1,True,True,90.8,2.724,226.0,244.0,280.0,303.0
Bahrain,2023,TSU,AlphaTauri,13.0,99.471,31.607,43.29,24.574,HARD,3.0,2.0,,,13.0,1,True,True,89.2,2.676,232.0,249.0,284.0,302.0
Bahrain,2023,TSU,AlphaTauri,14.0,98.742,31.227,43.111,24.404,HARD,4.0,2.0,,,13.0,1,True,True,87.6,2.628,226.0,257.0,281.0,317.0
Bahrain,2023,TSU,AlphaTauri,15.0,98.975,31.398,43.143,24.434,HARD,5.0,2.0,,,12.0,1,True,True,86.0,2.58,225.0,247.0,281.0,308.0
Bahrain,2023,TSU,AlphaTauri,16.0,99.061,31.429,43.184,24.448,HARD,6.0,2.0,,,11.0,1,True,True,84.4,2.532,226.0,251.0,280.0,308.0
Bahrain,2023,TSU,AlphaTauri,17.0,99.021,31.417,43.132,24.472,HARD,7.0,2.0,,,11.0,1,True,True,82.8,2.484,225.0,255.0,280.0,304.0
Bahrain,2023,TSU,AlphaTauri,18.0,99.302,31.402,43.402,24.498,HARD,8.0,2.0,,,11.0,1,True,True,81.2,2.436,229.0,237.0,279.0,307.0
Bahrain,2023,TSU,AlphaTauri,19.0,99.17,31.456,43.331,24.383,HARD,9.0,2.0,,,11.0,1,True,True,79.6,2.388,227.0,243.0,280.0,303.0
Bahrain,2023,TSU,AlphaTauri,20.0,99.282,31.476,43.398,24.408,HARD,10.0,2.0,,,11.0,1,True,True,78.0,2.34,227.0,248.0,280.0,306.0
Bahrain,2023,TSU,AlphaTauri,21.0,99.325,31.486,43.285,24.554,HARD,11.0,2.0,,,11.0,1,True,True,76.4,2.292,227.0,246.0,280.0,305.0
Bahrain,2023,TSU,AlphaTauri,22.0,99.439,31.479,43.415,24.545,HARD,12.0,2.0,,,11.0,1,True,True,74.8,2.244,226.0,250.0,281.0,304.0
Bahrain,2023,TSU,AlphaTauri,23.0,99.632,31.543,43.474,24.615,HARD,13.0,2.0,,,11.0,1,True,True,73.2,2.196,227.0,248.0,280.0,307.0
Bahrain,2023,TSU,AlphaTauri,24.0,100.109,32.039,43.405,24.665,HARD,14.0,2.0,,,11.0,1,True,True,71.6,2.148,228.0,252.0,280.0,304.0
Bahrain,2023,TSU,AlphaTauri,25.0,99.746,31.638,43.565,24.543,HARD,15.0,2.0,,,11.0,1,True,True,70.0,2.1,227.0,252.0,281.0,305.0
Bahrain,2023,TSU,AlphaTauri,26.0,102.227,31.619,43.452,27.156,HARD,16.0,2.0,6385.026,,11.0,1,False,True,68.4,2.052,229.0,251.0,,304.0
Bahrain,2023,TSU,AlphaTauri,27.0,120.3,52.788,43.364,24.148,HARD,1.0,3.0,,6409.416,16.0,1,False,True,66.8,2.004,236.0,254.0,289.0,219.0
Bahrain,2023,TSU,AlphaTauri,28.0,97.824,31.04,42.788,23.996,HARD,2.0,3.0,,,15.0,1,True,True,65.2,1.956,229.0,249.0,288.0,315.0
Bahrain,2023,TSU,AlphaTauri,29.0,97.779,31.071,42.582,24.126,HARD,3.0,3.0,,,15.0,1,True,True,63.6,1.908,230.0,256.0,289.0,311.0
Bahrain,2023,TSU,AlphaTauri,30.0,98.147,31.111,42.762,24.274,HARD,4.0,3.0,,,14.0,1,True,True,62.0,1.86,226.0,252.0,288.0,309.0
Bahrain,2023,TSU,AlphaTauri,31.0,97.813,30.795,42.857,24.161,HARD,5.0,3.0,,,13.0,1,True,True,60.4,1.812,230.0,244.0,288.0,315.0
Bahrain,2023,TSU,AlphaTauri,32.0,98.017,30.916,42.886,24.215,HARD,6.0,3.0,,,13.0,1,True,True,58.8,1.764,230.0,247.0,288.0,318.0
Bahrain,2023,TSU,AlphaTauri,33.0,98.094,30.843,42.923,24.328,HARD,7.0,3.0,,,12.0,1,True,True,57.2,1.716,232.0,249.0,287.0,318.0
Bahrain,2023,TSU,AlphaTauri,34.0,98.13,30.924,42.881,24.325,HARD,8.0,3.0,,,12.0,1,True,True,55.6,1.668,230.0,243.0,287.0,319.0
Bahrain,2023,TSU,AlphaTauri,35.0,98.163,31.053,42.779,24.331,HARD,9.0,3.0,,,12.0,1,True,True,54.0,1.62,229.0,254.0,287.0,321.0
Bahrain,2023,TSU,AlphaTauri,36.0,98.059,30.891,42.924,24.244,HARD,10.0,3.0,,,12.0,1,True,True,52.4,1.572,233.0,248.0,288.0,322.0
Bahrain,2023,TSU,AlphaTauri,37.0,98.075,31.004,42.708,24.363,HARD,11.0,3.0,,,12.0,1,True,True,50.8,1.524,230.0,258.0,287.0,319.0
Bahrain,2023,TSU,AlphaTauri,38.0,98.084,30.904,42.811,24.369,HARD,12.0,3.0,,,12.0,1,True,True,49.2,1.476,230.0,255.0,287.0,321.0
Bahrain,2023,TSU,AlphaTauri,39.0,98.419,31.108,42.882,24.429,HARD,13.0,3.0,,,12.0,1,True,True,47.6,1.428,229.0,260.0,287.0,322.0
Bahrain,2023,TSU,AlphaTauri,40.0,110.35,31.083,42.908,36.359,HARD,14.0,3.0,7792.391,,11.0,126,False,True,46.0,1.38,230.0,258.0,,322.0
Bahrain,2023,TSU,AlphaTauri,41.0,130.782,63.303,43.564,23.915,SOFT,4.0,4.0,,7818.125,13.0,671,False,False,44.4,1.332,177.0,263.0,290.0,223.0
Bahrain,2023,TSU,AlphaTauri,42.0,96.637,30.997,41.735,23.905,SOFT,5.0,4.0,,,11.0,1,True,False,42.8,1.284,236.0,253.0,281.0,318.0
Bahrain,2023,TSU,AlphaTauri,43.0,97.028,31.115,42.08,23.833,SOFT,6.0,4.0,,,11.0,1,True,False,41.2,1.236,229.0,251.0,281.0,303.0
Bahrain,2023,TSU,AlphaTauri,44.0,97.01,30.939,42.198,23.873,SOFT,7.0,4.0,,,11.0,1,True,False,39.6,1.188,233.0,250.0,281.0,303.0
Bahrain,2023,TSU,AlphaTauri,45.0,97.021,30.93,42.107,23.984,SOFT,8.0,4.0,,,11.0,1,True,False,38.0,1.14,232.0,256.0,282.0,305.0
Bahrain,2023,TSU,AlphaTauri,46.0,97.258,31.009,42.28,23.969,SOFT,9.0,4.0,,,11.0,1,True,False,36.4,1.092,230.0,251.0,282.0,305.0
Bahrain,2023,TSU,AlphaTauri,47.0,97.359,31.083,42.286,23.99,SOFT,10.0,4.0,,,11.0,1,True,False,34.8,1.044,232.0,257.0,282.0,303.0
Bahrain,2023,TSU,AlphaTauri,48.0,97.238,30.963,42.173,24.102,SOFT,11.0,4.0,,,11.0,1,True,False,33.2,0.996,233.0,259.0,282.0,304.0
Bahrain,2023,TSU,AlphaTauri,49.0,97.528,31.034,42.419,24.075,SOFT,12.0,4.0,,,11.0,1,True,False,31.6,0.948,232.0,257.0,282.0,304.0
Bahrain,2023,TSU,AlphaTauri,50.0,97.624,31.076,42.378,24.17,SOFT,13.0,4.0,,,11.0,1,True,False,30.0,0.9,233.0,261.0,282.0,306.0
Bahrain,2023,TSU,AlphaTauri,51.0,97.706,31.074,42.499,24.133,SOFT,14.0,4.0,,,11.0,1,True,False,28.4,0.852,232.0,258.0,283.0,304.0
Bahrain,2023,TSU,AlphaTauri,52.0,97.59,31.005,42.419,24.166,SOFT,15.0,4.0,,,11.0,1,True,False,26.8,0.804,234.0,262.0,287.0,304.0
Bahrain,2023,TSU,AlphaTauri,53.0,97.675,30.863,42.461,24.351,SOFT,16.0,4.0,,,11.0,1,True,False,25.2,0.756,233.0,263.0,287.0,317.0
Bahrain,2023,TSU,AlphaTauri,54.0,97.72,31.051,42.411,24.258,SOFT,17.0,4.0,,,11.0,1,True,False,23.6,0.708,234.0,261.0,287.0,318.0
Bahrain,2023,TSU,AlphaTauri,55.0,97.945,30.804,42.709,24.432,SOFT,18.0,4.0,,,11.0,1,True,False,22.0,0.66,232.0,262.0,287.0,321.0
Bahrain,2023,TSU,AlphaTauri,56.0,98.102,30.921,42.841,24.34,SOFT,19.0,4.0,,,11.0,1,True,False,20.4,0.612,233.0,260.0,288.0,323.0
Bahrain,2023,TSU,AlphaTauri,57.0,98.246,30.946,42.795,24.505,SOFT,20.0,4.0,,,11.0,1,True,False,18.8,0.564,234.0,262.0,285.0,320.0
Bahrain,2023,ALB,Williams,1.0,106.453,,45.491,24.742,SOFT,1.0,1.0,,,12.0,12,False,True,108.4,3.252,206.0,245.0,286.0,245.0
Bahrain,2023,ALB,Williams,2.0,100.43,31.765,43.909,24.756,SOFT,2.0,1.0,,,12.0,21,True,True,106.8,3.204,228.0,245.0,285.0,306.0
Bahrain,2023,ALB,Williams,3.0,100.143,31.66,43.782,24.701,SOFT,3.0,1.0,,,12.0,1,True,True,105.2,3.156,225.0,247.0,290.0,308.0
Bahrain,2023,ALB,Williams,4.0,99.761,31.226,43.808,24.727,SOFT,4.0,1.0,,,11.0,1,True,True,103.6,3.108,229.0,247.0,288.0,324.0
Bahrain,2023,ALB,Williams,5.0,100.606,31.48,44.21,24.916,SOFT,5.0,1.0,,,11.0,1,True,True,102.0,3.06,229.0,241.0,284.0,321.0
Bahrain,2023,ALB,Williams,6.0,100.744,31.764,44.077,24.903,SOFT,6.0,1.0,,,11.0,1,True,True,100.4,3.012,227.0,242.0,283.0,312.0
Bahrain,2023,ALB,Williams,7.0,100.646,31.833,44.04,24.773,SOFT,7.0,1.0,,,11.0,1,True,True,98.8,2.964,227.0,243.0,283.0,310.0
Bahrain,2023,ALB,Williams,8.0,100.918,31.83,44.297,24.791,SOFT,8.0,1.0,,,11.0,1,True,True,97.2,2.916,228.0,239.0,283.0,312.0
Bahrain,2023,ALB,Williams,9.0,100.969,31.837,44.298,24.834,SOFT,9.0,1.0,,,11.0,1,True,True,95.6,2.868,230.0,241.0,283.0,310.0
Bahrain,2023,ALB,Williams,10.0,101.119,31.855,44.432,24.832,SOFT,10.0,1.0,,,11.0,1,True,True,94.0,2.82,228.0,247.0,284.0,313.0
Bahrain,2023,ALB,Williams,11.0,103.948,31.953,44.361,27.634,SOFT,11.0,1.0,4870.913,,12.0,1,False,True,92.4,2.772,228.0,251.0,,311.0
Bahrain,2023,ALB,Williams,12.0,119.445,52.452,42.947,24.046,SOFT,1.0,2.0,,4895.928,15.0,1,False,True,90.8,2.724,233.0,239.0,285.0,220.0
Bahrain,2023,ALB,Williams,13.0,98.649,31.512,42.949,24.188,SOFT,2.0,2.0,,,11.0,1,True,True,89.2,2.676,234.0,237.0,285.0,312.0
Bahrain,2023,ALB,Williams,14.0,98.472,31.104,43.144,24.224,SOFT,3.0,2.0,,,11.0,1,True,True,87.6,2.628,230.0,248.0,285.0,314.0
Bahrain,2023,ALB,Williams,15.0,99.158,31.3,43.386,24.472,SOFT,4.0,2.0,,,10.0,1,True,True,86.0,2.58,227.0,242.0,285.0,315.0
Bahrain,2023,ALB,Williams,16.0,99.253,31.205,43.747,24.301,SOFT,5.0,2.0,,,10.0,1,True,True,84.4,2.532,230.0,233.0,286.0,314.0
Bahrain,2023,ALB,Williams,17.0,99.094,31.288,43.482,24.324,SOFT,6.0,2.0,,,10.0,1,True,True,82.8,2.484,231.0,234.0,285.0,306.0
Bahrain,2023,ALB,Williams,18.0,99.049,31.24,43.43,24.379,SOFT,7.0,2.0,,,10.0,1,True,True,81.2,2.436,231.0,236.0,285.0,315.0
Bahrain,2023,ALB,Williams,19.0,99.272,31.412,43.511,24.349,SOFT,8.0,2.0,,,10.0,1,True,True,79.6,2.388,230.0,241.0,285.0,304.0
Bahrain,2023,ALB,Williams,20.0,99.299,31.372,43.498,24.429,SOFT,9.0,2.0,,,10.0,1,True,True,78.0,2.34,230.0,240.0,285.0,314.0
Bahrain,2023,ALB,Williams,21.0,99.591,31.415,43.682,24.494,SOFT,10.0,2.0,,,10.0,1,True,True,76.4,2.292,230.0,240.0,285.0,311.0
Bahrain,2023,ALB,Williams,22.0,99.588,31.391,43.783,24.414,SOFT,11.0,2.0,,,10.0,1,True,True,74.8,2.244,231.0,242.0,285.0,313.0
Bahrain,2023,ALB,Williams,23.0,99.802,31.503,43.786,24.513,SOFT,12.0,2.0,,,10.0,1,True,True,73.2,2.196,232.0,239.0,285.0,312.0
Bahrain,2023,ALB,Williams,24.0,99.89,31.616,43.801,24.473,SOFT,13.0,2.0,,,10.0,1,True,True,71.6,2.148,230.0,241.0,284.0,311.0
Bahrain,2023,ALB,Williams,25.0,99.832,31.547,43.808,24.477,SOFT,14.0,2.0,,,10.0,1,True,True,70.0,2.1,231.0,244.0,284.0,312.0
Bahrain,2023,ALB,Williams,26.0,102.61,31.597,43.733,27.28,SOFT,15.0,2.0,6383.948,,10.0,1,False,True,68.4,2.052,232.0,252.0,,313.0
Bahrain,2023,ALB,Williams,27.0,119.87,53.056,42.957,23.857,HARD,1.0,3.0,,6408.838,14.0,1,False,True,66.8,2.004,234.0,248.0,286.0,219.0
Bahrain,2023,ALB,Williams,28.0,97.503,30.968,42.567,23.968,HARD,2.0,3.0,,,13.0,1,True,True,65.2,1.956,235.0,242.0,286.0,312.0
Bahrain,2023,ALB,Williams,29.0,98.127,31.1,43.034,23.993,HARD,3.0,3.0,,,12.0,1,True,True,63.6,1.908,230.0,243.0,286.0,312.0
Bahrain,2023,ALB,Williams,30.0,97.931,31.11,42.857,23.964,HARD,4.0,3.0,,,12.0,1,True,True,62.0,1.86,234.0,249.0,287.0,311.0
Bahrain,2023,ALB,Williams,31.0,98.104,31.211,42.963,23.93,HARD,5.0,3.0,,,11.0,1,True,True,60.4,1.812,233.0,250.0,287.0,314.0
Bahrain,2023,ALB,Williams,32.0,97.919,31.133,42.843,23.943,HARD,6.0,3.0,,,11.0,1,True,True,58.8,1.764,233.0,252.0,286.0,313.0
Bahrain,2023,ALB,Williams,33.0,98.104,31.165,42.921,24.018,HARD,7.0,3.0,,,10.0,1,True,True,57.2,1.716,235.0,250.0,286.0,313.0
Bahrain,2023,ALB,Williams,34.0,97.961,31.19,42.832,23.939,HARD,8.0,3.0,,,10.0,1,True,True,55.6,1.668,235.0,256.0,286.0,313.0
Bahrain,2023,ALB,Williams,35.0,97.984,31.113,42.921,23.95,HARD,9.0,3.0,,,10.0,1,True,True,54.0,1.62,235.0,255.0,286.0,313.0
Bahrain,2023,ALB,Williams,36.0,98.176,31.233,42.956,23.987,HARD,10.0,3.0,,,10.0,1,True,True,52.4,1.572,234.0,255.0,286.0,313.0
Bahrain,2023,ALB,Williams,37.0,98.038,31.265,42.801,23.972,HARD,11.0,3.0,,,10.0,1,True,True,50.8,1.524,233.0,256.0,286.0,312.0
Bahrain,2023,ALB,Williams,38.0,98.33,31.372,42.907,24.051,HARD,12.0,3.0,,,10.0,1,True,True,49.2,1.476,234.0,254.0,286.0,313.0
Bahrain,2023,ALB,Williams,39.0,98.346,31.401,42.884,24.061,HARD,13.0,3.0,,,10.0,1,True,True,47.6,1.428,235.0,258.0,285.0,312.0
Bahrain,2023,ALB,Williams,40.0,110.177,31.353,42.999,35.825,HARD,14.0,3.0,7790.485,,9.0,126,False,True,46.0,1.38,235.0,259.0,,312.0
Bahrain,2023,ALB,Williams,41.0,128.659,59.22,45.873,23.566,SOFT,1.0,4.0,,7814.985,9.0,671,False,False,44.4,1.332,162.0,255.0,286.0,217.0
Bahrain,2023,ALB,Williams,42.0,97.211,31.062,42.485,23.664,SOFT,2.0,4.0,,,10.0,1,True,False,42.8,1.284,240.0,254.0,287.0,309.0
Bahrain,2023,ALB,Williams,43.0,97.144,30.767,42.589,23.788,SOFT,3.0,4.0,,,10.0,1,True,False,41.2,1.236,235.0,251.0,287.0,313.0
Bahrain,2023,ALB,Williams,44.0,97.327,30.953,42.567,23.807,SOFT,4.0,4.0,,,10.0,1,True,False,39.6,1.188,236.0,247.0,287.0,312.0
Bahrain,2023,ALB,Williams,45.0,97.503,31.121,42.624,23.758,SOFT,5.0,4.0,,,10.0,1,True,False,38.0,1.14,232.0,250.0,287.0,306.0
Bahrain,2023,ALB,Williams,46.0,97.577,31.025,42.764,23.788,SOFT,6.0,4.0,,,10.0,1,True,False,36.4,1.092,234.0,243.0,287.0,311.0
Bahrain,2023,ALB,Williams,47.0,97.545,31.048,42.675,23.822,SOFT,7.0,4.0,,,10.0,1,True,False,34.8,1.044,235.0,243.0,287.0,312.0
Bahrain,2023,ALB,Williams,48.0,97.684,31.112,42.713,23.859,SOFT,8.0,4.0,,,10.0,1,True,False,33.2,0.996,235.0,243.0,287.0,311.0
Bahrain,2023,ALB,Williams,49.0,97.609,31.051,42.726,23.832,SOFT,9.0,4.0,,,10.0,1,True,False,31.6,0.948,236.0,251.0,286.0,312.0
Bahrain,2023,ALB,Williams,50.0,97.695,31.087,42.703,23.905,SOFT,10.0,4.0,,,10.0,1,True,False,30.0,0.9,236.0,247.0,287.0,311.0
Bahrain,2023,ALB,Williams,51.0,97.727,31.157,42.662,23.908,SOFT,11.0,4.0,,,10.0,1,True,False,28.4,0.852,235.0,248.0,287.0,312.0
Bahrain,2023,ALB,Williams,52.0,97.861,31.11,42.907,23.844,SOFT,12.0,4.0,,,10.0,1,True,False,26.8,0.804,236.0,249.0,287.0,312.0
Bahrain,2023,ALB,Williams,53.0,97.778,31.109,42.799,23.87,SOFT,13.0,4.0,,,10.0,1,True,False,25.2,0.756,237.0,255.0,287.0,311.0
Bahrain,2023,ALB,Williams,54.0,97.78,31.074,42.796,23.91,SOFT,14.0,4.0,,,10.0,1,True,False,23.6,0.708,236.0,256.0,286.0,312.0
Bahrain,2023,ALB,Williams,55.0,97.803,31.113,42.777,23.913,SOFT,15.0,4.0,,,10.0,1,True,False,22.0,0.66,237.0,256.0,286.0,312.0
Bahrain,2023,ALB,Williams,56.0,98.159,31.157,42.905,24.097,SOFT,16.0,4.0,,,10.0,1,True,False,20.4,0.612,238.0,252.0,288.0,312.0
Bahrain,2023,ALB,Williams,57.0,98.137,31.128,42.928,24.081,SOFT,17.0,4.0,,,10.0,1,True,False,18.8,0.564,237.0,261.0,288.0,312.0
Bahrain,2023,ZHO,Alfa Romeo,1.0,108.467,,45.972,24.736,SOFT,1.0,1.0,,,17.0,12,False,True,108.4,3.252,223.0,241.0,282.0,246.0
Bahrain,2023,ZHO,Alfa Romeo,2.0,101.091,32.232,44.025,24.834,SOFT,2.0,1.0,,,17.0,21,True,True,106.8,3.204,228.0,243.0,280.0,307.0
Bahrain,2023,ZHO,Alfa Romeo,3.0,100.596,31.73,44.033,24.833,SOFT,3.0,1.0,,,17.0,1,True,True,105.2,3.156,229.0,244.0,286.0,304.0
Bahrain,2023,ZHO,Alfa Romeo,4.0,100.853,31.457,44.6,24.796,SOFT,4.0,1.0,,,17.0,1,True,True,103.6,3.108,229.0,244.0,284.0,323.0
Bahrain,2023,ZHO,Alfa Romeo,5.0,100.814,31.58,44.334,24.9,SOFT,5.0,1.0,,,17.0,1,True,True,102.0,3.06,226.0,248.0,284.0,325.0
Bahrain,2023,ZHO,Alfa Romeo,6.0,101.156,31.782,44.431,24.943,SOFT,6.0,1.0,,,17.0,1,True,True,100.4,3.012,224.0,237.0,284.0,308.0
Bahrain,2023,ZHO,Alfa Romeo,7.0,101.197,31.609,44.554,25.034,SOFT,7.0,1.0,,,17.0,1,True,True,98.8,2.964,229.0,236.0,284.0,323.0
Bahrain,2023,ZHO,Alfa Romeo,8.0,101.184,31.722,44.39,25.072,SOFT,8.0,1.0,,,17.0,1,True,True,97.2,2.916,226.0,231.0,284.0,314.0
Bahrain,2023,ZHO,Alfa Romeo,9.0,101.526,31.73,44.682,25.114,SOFT,9.0,1.0,,,17.0,1,True,True,95.6,2.868,223.0,235.0,285.0,307.0
Bahrain,2023,ZHO,Alfa Romeo,10.0,101.743,31.833,44.623,25.287,SOFT,10.0,1.0,,,17.0,1,True,True,94.0,2.82,226.0,242.0,284.0,310.0
Bahrain,2023,ZHO,Alfa Romeo,11.0,102.108,32.197,44.947,24.964,SOFT,11.0,1.0,,,14.0,1,True,True,92.4,2.772,224.0,247.0,278.0,312.0
Bahrain,2023,ZHO,Alfa Romeo,12.0,103.87,32.015,44.178,27.677,SOFT,12.0,1.0,4979.739,,12.0,1,False,True,90.8,2.724,229.0,251.0,,303.0
Bahrain,2023,ZHO,Alfa Romeo,13.0,122.101,54.117,43.596,24.388,HARD,1.0,2.0,,5005.536,20.0,1,False,True,89.2,2.676,231.0,251.0,293.0,215.0
Bahrain,2023,ZHO,Alfa Romeo,14.0,99.33,31.335,43.564,24.431,HARD,2.0,2.0,,,19.0,1,True,True,87.6,2.628,224.0,244.0,285.0,324.0
Bahrain,2023,ZHO,Alfa Romeo,15.0,99.229,31.385,43.353,24.491,HARD,3.0,2.0,,,19.0,1,True,True,86.0,2.58,225.0,244.0,285.0,311.0
Bahrain,2023,ZHO,Alfa Romeo,16.0,98.998,31.133,43.302,24.563,HARD,4.0,2.0,,,17.0,1,True,True,84.4,2.532,225.0,247.0,284.0,322.0
Bahrain,2023,ZHO,Alfa Romeo,17.0,99.143,31.399,43.248,24.496,HARD,5.0,2.0,,,17.0,1,True,True,82.8,2.484,224.0,249.0,286.0,309.0
Bahrain,2023,ZHO,Alfa Romeo,18.0,98.873,31.104,43.376,24.393,HARD,6.0,2.0,,,15.0,1,True,True,81.2,2.436,228.0,243.0,278.0,327.0
Bahrain,2023,ZHO,Alfa Romeo,19.0,98.794,31.493,43.007,24.294,HARD,7.0,2.0,,,15.0,1,True,True,79.6,2.388,230.0,248.0,278.0,289.0
Bahrain,2023,ZHO,Alfa Romeo,20.0,98.896,31.546,43.055,24.295,HARD,8.0,2.0,,,15.0,1,True,True,78.0,2.34,231.0,248.0,279.0,298.0
Bahrain,2023,ZHO,Alfa Romeo,21.0,98.888,31.46,43.064,24.364,HARD,9.0,2.0,,,15.0,1,True,True,76.4,2.292,231.0,245.0,280.0,298.0
Bahrain,2023,ZHO,Alfa Romeo,22.0,99.115,31.548,43.054,24.513,HARD,10.0,2.0,,,15.0,1,True,True,74.8,2.244,233.0,245.0,285.0,300.0
Bahrain,2023,ZHO,Alfa Romeo,23.0,99.462,31.41,43.384,24.668,HARD,11.0,2.0,,,15.0,1,True,True,73.2,2.196,228.0,245.0,285.0,313.0
Bahrain,2023,ZHO,Alfa Romeo,24.0,99.503,31.448,43.537,24.518,HARD,12.0,2.0,,,15.0,1,True,True,71.6,2.148,228.0,245.0,287.0,322.0
Bahrain,2023,ZHO,Alfa Romeo,25.0,99.066,31.337,43.38,24.349,HARD,13.0,2.0,,,14.0,1,True,True,70.0,2.1,228.0,245.0,279.0,326.0
Bahrain,2023,ZHO,Alfa Romeo,26.0,99.427,31.674,43.349,24.404,HARD,14.0,2.0,,,13.0,1,True,True,68.4,2.052,223.0,242.0,278.0,301.0
Bahrain,2023,ZHO,Alfa Romeo,27.0,99.235,31.58,43.319,24.336,HARD,15.0,2.0,,,11.0,1,True,True,66.8,2.004,225.0,245.0,279.0,302.0
Bahrain,2023,ZHO,Alfa Romeo,28.0,99.412,31.717,43.311,24.384,HARD,16.0,2.0,,,11.0,1,True,True,65.2,1.956,229.0,247.0,279.0,293.0
Bahrain,2023,ZHO,Alfa Romeo,29.0,99.361,31.669,43.346,24.346,HARD,17.0,2.0,,,11.0,1,True,True,63.6,1.908,232.0,250.0,279.0,295.0
Bahrain,2023,ZHO,Alfa Romeo,30.0,99.382,31.741,43.19,24.451,HARD,18.0,2.0,,,9.0,1,True,True,62.0,1.86,232.0,244.0,278.0,298.0
Bahrain,2023,ZHO,Alfa Romeo,31.0,99.67,31.824,43.5,24.346,HARD,19.0,2.0,,,9.0,1,True,True,60.4,1.812,231.0,247.0,278.0,295.0
Bahrain,2023,ZHO,Alfa Romeo,32.0,102.096,31.82,43.189,27.087,HARD,20.0,2.0,6989.718,,10.0,1,False,True,58.8,1.764,231.0,244.0,,294.0
Bahrain,2023,ZHO,Alfa Romeo,33.0,119.659,53.038,42.807,23.814,SOFT,4.0,3.0,,7015.077,15.0,1,False,False,57.2,1.716,230.0,246.0,280.0,216.0
Bahrain,2023,ZHO,Alfa Romeo,34.0,97.037,30.938,42.291,23.808,SOFT,5.0,3.0,,,15.0,1,True,False,55.6,1.668,234.0,241.0,280.0,298.0
Bahrain,2023,ZHO,Alfa Romeo,35.0,97.55,31.122,42.475,23.953,SOFT,6.0,3.0,,,15.0,1,True,False,54.0,1.62,235.0,241.0,280.0,299.0
Bahrain,2023,ZHO,Alfa Romeo,36.0,97.957,31.13,42.836,23.991,SOFT,7.0,3.0,,,15.0,1,True,False,52.4,1.572,234.0,239.0,280.0,298.0
Bahrain,2023,ZHO,Alfa Romeo,37.0,98.003,31.256,42.848,23.899,SOFT,8.0,3.0,,,15.0,1,True,False,50.8,1.524,234.0,242.0,279.0,297.0
Bahrain,2023,ZHO,Alfa Romeo,38.0,98.422,31.438,42.996,23.988,SOFT,9.0,3.0,,,15.0,1,True,False,49.2,1.476,234.0,244.0,280.0,297.0
Bahrain,2023,ZHO,Alfa Romeo,39.0,98.368,31.471,42.79,24.107,SOFT,10.0,3.0,,,15.0,1,True,False,47.6,1.428,234.0,240.0,279.0,296.0
Bahrain,2023,ZHO,Alfa Romeo,40.0,113.456,31.573,52.102,29.781,SOFT,11.0,3.0,,,14.0,126,False,False,46.0,1.38,234.0,178.0,213.0,295.0
Bahrain,2023,ZHO,Alfa Romeo,41.0,112.5,44.129,44.401,23.97,SOFT,12.0,3.0,,,12.0,671,False,False,44.4,1.332,201.0,252.0,284.0,188.0
Bahrain,2023,ZHO,Alfa Romeo,42.0,99.904,31.967,43.74,24.197,SOFT,13.0,3.0,,,13.0,1,True,False,42.8,1.284,231.0,248.0,289.0,311.0
Bahrain,2023,ZHO,Alfa Romeo,43.0,98.311,31.159,43.152,24.0,SOFT,14.0,3.0,,,12.0,1,True,False,41.2,1.236,226.0,248.0,279.0,318.0
Bahrain,2023,ZHO,Alfa Romeo,44.0,97.974,31.364,42.648,23.962,SOFT,15.0,3.0,,,12.0,1,True,False,39.6,1.188,232.0,249.0,279.0,300.0
Bahrain,2023,ZHO,Alfa Romeo,45.0,97.95,31.334,42.678,23.938,SOFT,16.0,3.0,,,12.0,1,True,False,38.0,1.14,236.0,247.0,279.0,301.0
Bahrain,2023,ZHO,Alfa Romeo,46.0,98.336,31.439,42.97,23.927,SOFT,17.0,3.0,,,12.0,1,True,False,36.4,1.092,232.0,250.0,279.0,298.0
Bahrain,2023,ZHO,Alfa Romeo,47.0,99.553,32.022,43.31,24.221,SOFT,18.0,3.0,,,13.0,1,True,False,34.8,1.044,230.0,249.0,280.0,298.0
Bahrain,2023,ZHO,Alfa Romeo,48.0,98.596,31.451,42.912,24.233,SOFT,19.0,3.0,,,13.0,1,True,False,33.2,0.996,229.0,250.0,280.0,301.0
Bahrain,2023,ZHO,Alfa Romeo,49.0,98.628,31.475,42.942,24.211,SOFT,20.0,3.0,,,13.0,1,True,False,31.6,0.948,230.0,244.0,279.0,301.0
Bahrain,2023,ZHO,Alfa Romeo,50.0,99.893,31.561,42.916,25.416,SOFT,21.0,3.0,,,13.0,1,True,False,30.0,0.9,230.0,246.0,286.0,301.0
Bahrain,2023,ZHO,Alfa Romeo,51.0,98.719,31.663,42.921,24.135,SOFT,22.0,3.0,,,13.0,1,True,False,28.4,0.852,236.0,250.0,281.0,288.0
Bahrain,2023,ZHO,Alfa Romeo,52.0,98.713,31.522,42.936,24.255,SOFT,23.0,3.0,,,13.0,1,True,False,26.8,0.804,233.0,240.0,280.0,302.0
Bahrain,2023,ZHO,Alfa Romeo,53.0,98.634,31.452,43.01,24.172,SOFT,24.0,3.0,,,13.0,1,True,False,25.2,0.756,236.0,240.0,279.0,297.0
Bahrain,2023,ZHO,Alfa Romeo,54.0,101.967,31.543,43.359,27.065,SOFT,25.0,3.0,9209.882,,13.0,1,False,False,23.6,0.708,234.0,251.0,,295.0
Bahrain,2023,ZHO,Alfa Romeo,55.0,127.673,58.478,44.129,25.066,SOFT,4.0,4.0,,9240.006,16.0,1,False,False,22.0,0.66,227.0,242.0,281.0,209.0
Bahrain,2023,ZHO,Alfa Romeo,56.0,93.996,30.183,40.533,23.28,SOFT,5.0,4.0,,,16.0,1,True,False,20.4,0.612,239.0,268.0,282.0,292.0
Bahrain,2023,HUL,Haas F1 Team,1.0,107.339,,45.924,24.741,SOFT,4.0,1.0,,,14.0,12,False,False,108.4,3.252,220.0,239.0,282.0,249.0
Bahrain,2023,HUL,Haas F1 Team,2.0,100.72,31.78,44.191,24.749,SOFT,5.0,1.0,,,14.0,21,True,False,106.8,3.204,230.0,242.0,281.0,299.0
Bahrain,2023,HUL,Haas F1 Team,3.0,100.484,31.671,43.801,25.012,SOFT,6.0,1.0,,,14.0,1,True,False,105.2,3.156,228.0,245.0,286.0,300.0
Bahrain,2023,HUL,Haas F1 Team,4.0,101.004,32.225,43.817,24.962,SOFT,7.0,1.0,,,15.0,1,True,False,103.6,3.108,227.0,248.0,285.0,328.0
Bahrain,2023,HUL,Haas F1 Team,5.0,101.002,31.56,44.453,24.989,SOFT,8.0,1.0,,,15.0,1,True,False,102.0,3.06,230.0,246.0,286.0,318.0
Bahrain,2023,HUL,Haas F1 Team,6.0,101.002,31.566,44.338,25.098,SOFT,9.0,1.0,,,15.0,1,True,False,100.4,3.012,230.0,248.0,286.0,323.0
Bahrain,2023,HUL,Haas F1 Team,7.0,101.148,31.575,44.33,25.243,SOFT,10.0,1.0,,,15.0,1,True,False,98.8,2.964,227.0,249.0,285.0,315.0
Bahrain,2023,HUL,Haas F1 Team,8.0,101.249,31.819,44.221,25.209,SOFT,11.0,1.0,,,15.0,1,True,False,97.2,2.916,227.0,248.0,281.0,322.0
Bahrain,2023,HUL,Haas F1 Team,9.0,101.615,32.117,44.419,25.079,SOFT,12.0,1.0,,,15.0,1,True,False,95.6,2.868,226.0,249.0,281.0,305.0
Bahrain,2023,HUL,Haas F1 Team,10.0,102.252,32.095,44.673,25.484,SOFT,13.0,1.0,,,15.0,1,True,False,94.0,2.82,227.0,246.0,278.0,305.0
Bahrain,2023,HUL,Haas F1 Team,11.0,106.79,32.73,45.759,28.301,SOFT,14.0,1.0,4879.757,,16.0,1,False,False,92.4,2.772,227.0,241.0,,293.0
Bahrain,2023,HUL,Haas F1 Team,12.0,122.579,54.5,43.599,24.48,HARD,1.0,2.0,,4905.834,20.0,1,False,True,90.8,2.724,213.0,245.0,288.0,212.0
Bahrain,2023,HUL,Haas F1 Team,13.0,99.406,31.504,43.055,24.847,HARD,2.0,2.0,,,19.0,1,True,True,89.2,2.676,230.0,248.0,285.0,295.0
Bahrain,2023,HUL,Haas F1 Team,14.0,98.847,31.291,43.147,24.409,HARD,3.0,2.0,,,18.0,1,True,True,87.6,2.628,232.0,254.0,283.0,325.0
Bahrain,2023,HUL,Haas F1 Team,15.0,98.972,31.408,43.081,24.483,HARD,4.0,2.0,,,18.0,1,True,True,86.0,2.58,229.0,252.0,283.0,304.0
Bahrain,2023,HUL,Haas F1 Team,16.0,99.136,31.437,43.257,24.442,HARD,5.0,2.0,,,16.0,1,True,True,84.4,2.532,228.0,246.0,282.0,303.0
Bahrain,2023,HUL,Haas F1 Team,17.0,99.396,31.458,43.372,24.566,HARD,6.0,2.0,,,16.0,1,True,True,82.8,2.484,229.0,248.0,281.0,304.0
Bahrain,2023,HUL,Haas F1 Team,18.0,100.323,32.119,43.519,24.685,HARD,7.0,2.0,,,16.0,1,True,True,81.2,2.436,229.0,246.0,284.0,308.0
Bahrain,2023,HUL,Haas F1 Team,19.0,99.633,31.771,43.31,24.552,HARD,8.0,2.0,,,16.0,1,True,True,79.6,2.388,227.0,248.0,282.0,322.0
Bahrain,2023,HUL,Haas F1 Team,20.0,99.495,31.592,43.273,24.63,HARD,9.0,2.0,,,16.0,1,True,True,78.0,2.34,231.0,253.0,280.0,305.0
Bahrain,2023,HUL,Haas F1 Team,21.0,99.703,31.669,43.393,24.641,HARD,10.0,2.0,,,16.0,1,True,True,76.4,2.292,230.0,254.0,281.0,303.0
Bahrain,2023,HUL,Haas F1 Team,22.0,99.934,31.837,43.443,24.654,HARD,11.0,2.0,,,16.0,1,True,True,74.8,2.244,228.0,253.0,281.0,301.0
Bahrain,2023,HUL,Haas F1 Team,23.0,99.866,31.733,43.474,24.659,HARD,12.0,2.0,,,16.0,1,True,True,73.2,2.196,230.0,254.0,280.0,302.0
Bahrain,2023,HUL,Haas F1 Team,24.0,99.855,31.809,43.418,24.628,HARD,13.0,2.0,,,16.0,1,True,True,71.6,2.148,229.0,251.0,281.0,302.0
Bahrain,2023,HUL,Haas F1 Team,25.0,100.295,31.869,43.869,24.557,HARD,14.0,2.0,,,16.0,1,True,True,70.0,2.1,229.0,250.0,281.0,303.0
Bahrain,2023,HUL,Haas F1 Team,26.0,102.931,31.744,43.635,27.552,HARD,15.0,2.0,6400.135,,16.0,1,False,True,68.4,2.052,231.0,255.0,,303.0
Bahrain,2023,HUL,Haas F1 Team,27.0,132.037,65.552,42.412,24.073,HARD,1.0,3.0,,6437.9,19.0,1,False,True,66.8,2.004,229.0,246.0,281.0,208.0
Bahrain,2023,HUL,Haas F1 Team,28.0,96.981,30.875,42.048,24.058,HARD,2.0,3.0,,,18.0,1,True,True,65.2,1.956,233.0,247.0,280.0,299.0
Bahrain,2023,HUL,Haas F1 Team,29.0,97.398,30.954,42.329,24.115,HARD,3.0,3.0,,,18.0,1,True,True,63.6,1.908,233.0,245.0,281.0,298.0
Bahrain,2023,HUL,Haas F1 Team,30.0,97.617,31.178,42.467,23.972,HARD,4.0,3.0,,,18.0,1,True,True,62.0,1.86,231.0,248.0,281.0,298.0
Bahrain,2023,HUL,Haas F1 Team,31.0,97.891,31.175,42.637,24.079,HARD,5.0,3.0,,,18.0,1,True,True,60.4,1.812,231.0,246.0,281.0,299.0
Bahrain,2023,HUL,Haas F1 Team,32.0,97.806,31.11,42.524,24.172,HARD,6.0,3.0,,,17.0,1,True,True,58.8,1.764,231.0,249.0,281.0,299.0
Bahrain,2023,HUL,Haas F1 Team,33.0,97.761,31.187,42.427,24.147,HARD,7.0,3.0,,,17.0,1,True,True,57.2,1.716,232.0,252.0,280.0,300.0
Bahrain,2023,HUL,Haas F1 Team,34.0,97.895,31.192,42.592,24.111,HARD,8.0,3.0,,,17.0,1,True,True,55.6,1.668,234.0,253.0,281.0,304.0
Bahrain,2023,HUL,Haas F1 Team,35.0,98.093,31.363,42.614,24.116,HARD,9.0,3.0,,,17.0,1,True,True,54.0,1.62,229.0,256.0,281.0,299.0
Bahrain,2023,HUL,Haas F1 Team,36.0,98.245,31.451,42.707,24.087,HARD,10.0,3.0,,,17.0,1,True,True,52.4,1.572,231.0,248.0,280.0,298.0
Bahrain,2023,HUL,Haas F1 Team,37.0,98.108,31.452,42.558,24.098,HARD,11.0,3.0,,,17.0,1,True,True,50.8,1.524,231.0,252.0,280.0,296.0
Bahrain,2023,HUL,Haas F1 Team,38.0,98.191,31.377,42.608,24.206,HARD,12.0,3.0,,,17.0,1,True,True,49.2,1.476,231.0,250.0,280.0,296.0
Bahrain,2023,HUL,Haas F1 Team,39.0,98.184,31.355,42.622,24.207,HARD,13.0,3.0,,,17.0,1,True,True,47.6,1.428,231.0,251.0,280.0,294.0
Bahrain,2023,HUL,Haas F1 Team,40.0,118.689,31.463,52.06,35.166,HARD,14.0,3.0,7824.985,,16.0,126,False,True,46.0,1.38,232.0,192.0,,298.0
Bahrain,2023,HUL,Haas F1 Team,41.0,125.275,56.839,44.428,24.008,SOFT,4.0,4.0,,7852.078,16.0,671,False,False,44.4,1.332,233.0,245.0,282.0,211.0
Bahrain,2023,HUL,Haas F1 Team,42.0,96.616,30.788,42.011,23.817,SOFT,5.0,4.0,,,16.0,1,True,False,42.8,1.284,237.0,246.0,283.0,302.0
Bahrain,2023,HUL,Haas F1 Team,43.0,96.793,30.915,41.855,24.023,SOFT,6.0,4.0,,,16.0,1,True,False,41.2,1.236,235.0,250.0,283.0,299.0
Bahrain,2023,HUL,Haas F1 Team,44.0,97.076,30.941,42.199,23.936,SOFT,7.0,4.0,,,16.0,1,True,False,39.6,1.188,232.0,252.0,283.0,297.0
Bahrain,2023,HUL,Haas F1 Team,45.0,97.314,31.074,42.194,24.046,SOFT,8.0,4.0,,,16.0,1,True,False,38.0,1.14,233.0,248.0,283.0,297.0
Bahrain,2023,HUL,Haas F1 Team,46.0,99.972,30.962,44.939,24.071,SOFT,9.0,4.0,,,16.0,1,True,False,36.4,1.092,234.0,240.0,281.0,300.0
Bahrain,2023,HUL,Haas F1 Team,47.0,96.806,30.895,42.035,23.876,SOFT,10.0,4.0,,,16.0,1,True,False,34.8,1.044,235.0,252.0,281.0,300.0
Bahrain,2023,HUL,Haas F1 Team,48.0,97.086,31.014,42.126,23.946,SOFT,11.0,4.0,,,16.0,1,True,False,33.2,0.996,234.0,252.0,281.0,298.0
Bahrain,2023,HUL,Haas F1 Team,49.0,97.077,31.069,42.073,23.935,SOFT,12.0,4.0,,,16.0,1,True,False,31.6,0.948,234.0,254.0,281.0,298.0
Bahrain,2023,HUL,Haas F1 Team,50.0,97.242,31.081,42.064,24.097,SOFT,13.0,4.0,,,16.0,1,True,False,30.0,0.9,234.0,255.0,281.0,298.0
Bahrain,2023,HUL,Haas F1 Team,51.0,97.306,31.116,42.192,23.998,SOFT,14.0,4.0,,,16.0,1,True,False,28.4,0.852,234.0,256.0,281.0,299.0
Bahrain,2023,HUL,Haas F1 Team,52.0,97.917,31.146,42.515,24.256,SOFT,15.0,4.0,,,16.0,1,True,False,26.8,0.804,234.0,254.0,281.0,301.0
Bahrain,2023,HUL,Haas F1 Team,53.0,98.067,31.267,42.619,24.181,SOFT,16.0,4.0,,,16.0,1,True,False,25.2,0.756,233.0,258.0,282.0,302.0
Bahrain,2023,HUL,Haas F1 Team,54.0,98.458,31.303,42.713,24.442,SOFT,17.0,4.0,,,16.0,1,True,False,23.6,0.708,234.0,255.0,282.0,301.0
Bahrain,2023,HUL,Haas F1 Team,55.0,98.564,31.42,42.876,24.268,SOFT,18.0,4.0,,,15.0,1,True,False,22.0,0.66,233.0,258.0,283.0,303.0
Bahrain,2023,HUL,Haas F1 Team,56.0,99.206,31.66,42.973,24.573,SOFT,19.0,4.0,,,15.0,1,True,False,20.4,0.612,235.0,259.0,282.0,303.0
Bahrain,2023,OCO,Alpine,1.0,105.967,,45.213,24.698,SOFT,4.0,1.0,,,11.0,12,False,False,108.4,3.252,233.0,238.0,280.0,254.0
Bahrain,2023,OCO,Alpine,2.0,100.408,31.783,43.896,24.729,SOFT,5.0,1.0,,,11.0,21,True,False,106.8,3.204,228.0,243.0,280.0,293.0
Bahrain,2023,OCO,Alpine,3.0,99.948,31.547,43.662,24.739,SOFT,6.0,1.0,,,11.0,1,True,False,105.2,3.156,229.0,243.0,284.0,291.0
Bahrain,2023,OCO,Alpine,4.0,99.543,31.349,43.518,24.676,SOFT,7.0,1.0,,,10.0,1,True,False,103.6,3.108,226.0,245.0,279.0,327.0
Bahrain,2023,OCO,Alpine,5.0,100.281,31.709,43.727,24.845,SOFT,8.0,1.0,,,10.0,1,True,False,102.0,3.06,226.0,241.0,279.0,297.0
Bahrain,2023,OCO,Alpine,6.0,100.331,31.767,43.724,24.84,SOFT,9.0,1.0,,,10.0,1,True,False,100.4,3.012,227.0,244.0,279.0,297.0
Bahrain,2023,OCO,Alpine,7.0,100.488,31.819,43.773,24.896,SOFT,10.0,1.0,,,10.0,1,True,False,98.8,2.964,227.0,243.0,279.0,297.0
Bahrain,2023,OCO,Alpine,8.0,100.562,31.873,43.836,24.853,SOFT,11.0,1.0,,,10.0,1,True,False,97.2,2.916,227.0,243.0,279.0,292.0
Bahrain,2023,OCO,Alpine,9.0,100.866,31.957,44.034,24.875,SOFT,12.0,1.0,,,10.0,1,True,False,95.6,2.868,226.0,244.0,279.0,288.0
Bahrain,2023,OCO,Alpine,10.0,100.858,31.918,43.957,24.983,SOFT,13.0,1.0,,,10.0,1,True,False,94.0,2.82,227.0,244.0,279.0,284.0
Bahrain,2023,OCO,Alpine,11.0,101.035,32.006,44.056,24.973,SOFT,14.0,1.0,,,10.0,1,True,False,92.4,2.772,227.0,245.0,278.0,284.0
Bahrain,2023,OCO,Alpine,12.0,103.787,32.034,44.101,27.652,SOFT,15.0,1.0,4969.224,,9.0,1,False,False,90.8,2.724,225.0,247.0,,289.0
Bahrain,2023,OCO,Alpine,13.0,120.381,53.451,42.674,24.256,HARD,1.0,2.0,,4994.208,12.0,1,False,True,89.2,2.676,228.0,246.0,287.0,217.0
Bahrain,2023,OCO,Alpine,14.0,98.649,31.163,43.16,24.326,HARD,2.0,2.0,,,12.0,1,True,True,87.6,2.628,225.0,250.0,286.0,329.0
Bahrain,2023,OCO,Alpine,15.0,101.863,31.363,43.264,27.236,HARD,3.0,2.0,5290.124,,13.0,1,False,True,86.0,2.58,223.0,253.0,,318.0
Bahrain,2023,OCO,Alpine,16.0,135.708,68.689,42.863,24.156,HARD,4.0,3.0,,5331.608,19.0,1,False,False,84.4,2.532,225.0,253.0,278.0,220.0
Bahrain,2023,OCO,Alpine,17.0,98.78,31.538,43.002,24.24,HARD,5.0,3.0,,,19.0,1,True,False,82.8,2.484,223.0,252.0,278.0,292.0
Bahrain,2023,OCO,Alpine,18.0,98.886,31.577,43.055,24.254,HARD,6.0,3.0,,,18.0,1,True,False,81.2,2.436,225.0,248.0,278.0,290.0
Bahrain,2023,OCO,Alpine,19.0,98.817,31.651,42.936,24.23,HARD,7.0,3.0,,,18.0,1,True,False,79.6,2.388,224.0,248.0,278.0,289.0
Bahrain,2023,OCO,Alpine,20.0,98.809,31.605,43.024,24.18,HARD,8.0,3.0,,,18.0,1,True,False,78.0,2.34,225.0,254.0,278.0,289.0
Bahrain,2023,OCO,Alpine,21.0,98.976,31.634,43.064,24.278,HARD,9.0,3.0,,,18.0,1,True,False,76.4,2.292,225.0,251.0,278.0,288.0
Bahrain,2023,OCO,Alpine,22.0,99.028,31.568,43.193,24.267,HARD,10.0,3.0,,,18.0,1,True,False,74.8,2.244,225.0,251.0,279.0,295.0
Bahrain,2023,OCO,Alpine,23.0,100.052,32.119,43.443,24.49,HARD,11.0,3.0,,,19.0,1,True,False,73.2,2.196,226.0,252.0,280.0,304.0
Bahrain,2023,OCO,Alpine,24.0,99.382,31.661,43.286,24.435,HARD,12.0,3.0,,,19.0,1,True,False,71.6,2.148,225.0,252.0,280.0,298.0
Bahrain,2023,OCO,Alpine,25.0,99.435,31.667,43.405,24.363,HARD,13.0,3.0,,,19.0,1,True,False,70.0,2.1,224.0,250.0,281.0,297.0
Bahrain,2023,OCO,Alpine,26.0,99.521,31.669,43.437,24.415,HARD,14.0,3.0,,,19.0,1,True,False,68.4,2.052,225.0,250.0,280.0,295.0
Bahrain,2023,OCO,Alpine,27.0,99.594,31.711,43.443,24.44,HARD,15.0,3.0,,,18.0,1,True,False,66.8,2.004,224.0,249.0,279.0,298.0
Bahrain,2023,OCO,Alpine,28.0,100.026,31.826,43.747,24.453,HARD,16.0,3.0,,,17.0,1,True,False,65.2,1.956,226.0,249.0,281.0,297.0
Bahrain,2023,OCO,Alpine,29.0,101.181,31.685,44.908,24.588,HARD,17.0,3.0,,,17.0,1,True,False,63.6,1.908,226.0,252.0,281.0,293.0
Bahrain,2023,OCO,Alpine,30.0,99.757,31.696,43.535,24.526,HARD,18.0,3.0,,,16.0,1,True,False,62.0,1.86,225.0,253.0,280.0,296.0
Bahrain,2023,OCO,Alpine,31.0,99.748,31.748,43.573,24.427,HARD,19.0,3.0,,,16.0,1,True,False,60.4,1.812,225.0,247.0,280.0,296.0
Bahrain,2023,OCO,Alpine,32.0,104.296,31.727,43.947,28.622,HARD,20.0,3.0,7022.14,,18.0,1,False,False,58.8,1.764,226.0,245.0,,292.0
Bahrain,2023,OCO,Alpine,33.0,138.694,72.748,42.304,23.642,HARD,1.0,4.0,,7066.639,19.0,1,False,True,57.2,1.716,227.0,255.0,281.0,215.0
Bahrain,2023,OCO,Alpine,34.0,96.797,30.92,42.107,23.77,HARD,2.0,4.0,,,19.0,1,True,True,55.6,1.668,227.0,255.0,281.0,296.0
Bahrain,2023,OCO,Alpine,35.0,96.964,31.041,42.199,23.724,HARD,3.0,4.0,,,19.0,1,True,True,54.0,1.62,228.0,255.0,281.0,297.0
Bahrain,2023,OCO,Alpine,36.0,97.364,31.036,42.488,23.84,HARD,4.0,4.0,,,19.0,1,True,True,52.4,1.572,228.0,250.0,281.0,299.0
Bahrain,2023,OCO,Alpine,37.0,97.338,31.098,42.381,23.859,HARD,5.0,4.0,,,19.0,1,True,True,50.8,1.524,229.0,250.0,281.0,291.0
Bahrain,2023,OCO,Alpine,38.0,97.216,31.045,42.382,23.789,HARD,6.0,4.0,,,18.0,1,True,True,49.2,1.476,228.0,251.0,281.0,297.0
Bahrain,2023,OCO,Alpine,39.0,97.523,31.243,42.389,23.891,HARD,7.0,4.0,,,18.0,12,True,True,47.6,1.428,228.0,252.0,280.0,294.0
Bahrain,2023,OCO,Alpine,40.0,128.023,40.89,57.691,29.442,HARD,8.0,4.0,,,17.0,2671,False,True,46.0,1.38,190.0,156.0,273.0,290.0
Bahrain,2023,OCO,Alpine,41.0,102.684,31.234,42.177,29.273,HARD,9.0,4.0,7974.779,,17.0,1,False,True,44.4,1.332,228.0,255.0,,293.0
Bahrain,2023,NOR,McLaren,1.0,105.364,,44.789,24.561,SOFT,1.0,1.0,,,10.0,12,False,True,108.4,3.252,229.0,236.0,279.0,263.0
Bahrain,2023,NOR,McLaren,2.0,100.433,31.867,43.83,24.736,SOFT,2.0,1.0,,,10.0,21,True,True,106.8,3.204,231.0,238.0,278.0,291.0
Bahrain,2023,NOR,McLaren,3.0,99.777,31.627,43.448,24.702,SOFT,3.0,1.0,,,10.0,1,True,True,105.2,3.156,232.0,255.0,278.0,300.0
Bahrain,2023,NOR,McLaren,4.0,102.267,32.947,44.387,24.933,SOFT,4.0,1.0,,,12.0,1,True,True,103.6,3.108,227.0,224.0,283.0,286.0
Bahrain,2023,NOR,McLaren,5.0,100.664,32.022,43.875,24.767,SOFT,5.0,1.0,,,12.0,1,True,True,102.0,3.06,225.0,248.0,278.0,315.0
Bahrain,2023,NOR,McLaren,6.0,100.814,31.98,44.01,24.824,SOFT,6.0,1.0,,,12.0,1,True,True,100.4,3.012,227.0,243.0,279.0,297.0
Bahrain,2023,NOR,McLaren,7.0,100.726,31.923,43.89,24.913,SOFT,7.0,1.0,,,12.0,1,True,True,98.8,2.964,227.0,251.0,279.0,301.0
Bahrain,2023,NOR,McLaren,8.0,100.857,32.024,43.869,24.964,SOFT,8.0,1.0,,,12.0,1,True,True,97.2,2.916,226.0,244.0,279.0,298.0
Bahrain,2023,NOR,McLaren,9.0,100.783,31.843,43.98,24.96,SOFT,9.0,1.0,,,12.0,1,True,True,95.6,2.868,227.0,248.0,283.0,297.0
Bahrain,2023,NOR,McLaren,10.0,103.521,31.762,44.097,27.662,SOFT,10.0,1.0,4770.368,,13.0,1,False,True,94.0,2.82,227.0,244.0,,309.0
Bahrain,2023,NOR,McLaren,11.0,129.886,61.49,43.939,24.457,HARD,1.0,2.0,,4803.117,20.0,1,False,True,92.4,2.772,227.0,236.0,278.0,213.0
Bahrain,2023,NOR,McLaren,12.0,99.314,31.825,43.134,24.355,HARD,2.0,2.0,,,18.0,1,True,True,90.8,2.724,228.0,241.0,279.0,291.0
Bahrain,2023,NOR,McLaren,13.0,99.51,31.74,43.246,24.524,HARD,3.0,2.0,,,17.0,1,True,True,89.2,2.676,229.0,244.0,278.0,294.0
Bahrain,2023,NOR,McLaren,14.0,99.243,31.728,43.15,24.365,HARD,4.0,2.0,,,16.0,1,True,True,87.6,2.628,229.0,247.0,278.0,289.0
Bahrain,2023,NOR,McLaren,15.0,98.87,31.562,42.936,24.372,HARD,5.0,2.0,,,16.0,1,True,True,86.0,2.58,229.0,253.0,278.0,297.0
Bahrain,2023,NOR,McLaren,16.0,98.86,31.537,42.928,24.395,HARD,6.0,2.0,,,14.0,1,True,True,84.4,2.532,230.0,253.0,278.0,297.0
Bahrain,2023,NOR,McLaren,17.0,101.501,31.573,42.806,27.122,HARD,7.0,2.0,5497.542,,15.0,1,False,True,82.8,2.484,231.0,252.0,,298.0
Bahrain,2023,NOR,McLaren,18.0,128.607,60.993,43.457,24.157,SOFT,4.0,3.0,,5531.464,19.0,1,False,False,81.2,2.436,231.0,230.0,278.0,220.0
Bahrain,2023,NOR,McLaren,19.0,97.966,31.206,42.704,24.056,SOFT,5.0,3.0,,,19.0,1,True,False,79.6,2.388,230.0,240.0,279.0,294.0
Bahrain,2023,NOR,McLaren,20.0,98.345,31.318,42.762,24.265,SOFT,6.0,3.0,,,19.0,1,True,False,78.0,2.34,231.0,243.0,280.0,295.0
Bahrain,2023,NOR,McLaren,21.0,98.297,31.319,42.673,24.305,SOFT,7.0,3.0,,,19.0,1,True,False,76.4,2.292,232.0,253.0,287.0,296.0
Bahrain,2023,NOR,McLaren,22.0,98.908,31.306,43.305,24.297,SOFT,8.0,3.0,,,19.0,1,True,False,74.8,2.244,227.0,249.0,287.0,321.0
Bahrain,2023,NOR,McLaren,23.0,98.291,31.283,42.726,24.282,SOFT,9.0,3.0,,,18.0,1,True,False,73.2,2.196,220.0,241.0,278.0,325.0
Bahrain,2023,NOR,McLaren,24.0,98.696,31.468,42.973,24.255,SOFT,10.0,3.0,,,18.0,1,True,False,71.6,2.148,229.0,236.0,278.0,295.0
Bahrain,2023,NOR,McLaren,25.0,98.447,31.438,42.732,24.277,SOFT,11.0,3.0,,,18.0,1,True,False,70.0,2.1,230.0,237.0,278.0,296.0
Bahrain,2023,NOR,McLaren,26.0,98.44,31.441,42.713,24.286,SOFT,12.0,3.0,,,18.0,1,True,False,68.4,2.052,231.0,251.0,279.0,300.0
Bahrain,2023,NOR,McLaren,27.0,100.973,31.514,42.723,26.736,SOFT,13.0,3.0,6514.493,,17.0,1,False,False,66.8,2.004,231.0,253.0,,298.0
Bahrain,2023,NOR,McLaren,28.0,127.663,61.171,42.498,23.994,MEDIUM,1.0,4.0,,6547.976,19.0,1,False,True,65.2,1.956,233.0,238.0,279.0,216.0
Bahrain,2023,NOR,McLaren,29.0,97.26,31.144,42.226,23.89,MEDIUM,2.0,4.0,,,19.0,1,True,True,63.6,1.908,232.0,243.0,280.0,300.0
Bahrain,2023,NOR,McLaren,30.0,97.605,31.235,42.354,24.016,MEDIUM,3.0,4.0,,,19.0,1,True,True,62.0,1.86,232.0,241.0,281.0,297.0
Bahrain,2023,NOR,McLaren,31.0,97.768,31.174,42.459,24.135,MEDIUM,4.0,4.0,,,19.0,1,True,True,60.4,1.812,233.0,244.0,280.0,297.0
Bahrain,2023,NOR,McLaren,32.0,98.111,31.113,42.775,24.223,MEDIUM,5.0,4.0,,,19.0,1,True,True,58.8,1.764,234.0,244.0,286.0,303.0
Bahrain,2023,NOR,McLaren,33.0,97.52,30.999,42.476,24.045,MEDIUM,6.0,4.0,,,18.0,1,True,True,57.2,1.716,230.0,244.0,279.0,312.0
Bahrain,2023,NOR,McLaren,34.0,97.987,31.333,42.606,24.048,MEDIUM,7.0,4.0,,,18.0,1,True,True,55.6,1.668,234.0,241.0,279.0,294.0
Bahrain,2023,NOR,McLaren,35.0,97.87,31.336,42.535,23.999,MEDIUM,8.0,4.0,,,18.0,1,True,True,54.0,1.62,233.0,246.0,280.0,300.0
Bahrain,2023,NOR,McLaren,36.0,99.886,32.216,43.423,24.247,MEDIUM,9.0,4.0,,,18.0,1,True,True,52.4,1.572,141.0,256.0,281.0,300.0
Bahrain,2023,NOR,McLaren,37.0,100.197,31.376,42.461,26.36,MEDIUM,10.0,4.0,7526.365,,18.0,1,False,True,50.8,1.524,231.0,254.0,,301.0
Bahrain,2023,NOR,McLaren,38.0,128.682,62.477,42.444,23.761,HARD,1.0,5.0,,7559.599,19.0,1,False,True,49.2,1.476,234.0,255.0,282.0,182.0
Bahrain,2023,NOR,McLaren,39.0,98.347,30.941,43.025,24.381,HARD,2.0,5.0,,,19.0,12,True,True,47.6,1.428,234.0,250.0,280.0,299.0
Bahrain,2023,NOR,McLaren,40.0,127.97,42.446,57.862,27.662,HARD,3.0,5.0,,,18.0,2671,False,True,46.0,1.38,164.0,159.0,279.0,217.0
Bahrain,2023,NOR,McLaren,41.0,96.705,31.101,41.67,23.934,HARD,4.0,5.0,,,18.0,1,True,True,44.4,1.332,235.0,258.0,280.0,301.0
Bahrain,2023,NOR,McLaren,42.0,96.668,30.948,41.864,23.856,HARD,5.0,5.0,,,17.0,1,True,True,42.8,1.284,231.0,251.0,281.0,302.0
Bahrain,2023,NOR,McLaren,43.0,96.687,30.898,41.964,23.825,HARD,6.0,5.0,,,17.0,1,True,True,41.2,1.236,231.0,252.0,281.0,304.0
Bahrain,2023,NOR,McLaren,44.0,97.219,30.936,42.401,23.882,HARD,7.0,5.0,,,17.0,1,True,True,39.6,1.188,232.0,252.0,281.0,305.0
Bahrain,2023,NOR,McLaren,45.0,97.426,31.112,42.179,24.135,HARD,8.0,5.0,,,17.0,1,True,True,38.0,1.14,232.0,253.0,281.0,307.0
Bahrain,2023,NOR,McLaren,46.0,97.656,31.106,42.351,24.199,HARD,9.0,5.0,,,17.0,1,True,True,36.4,1.092,232.0,253.0,289.0,306.0
Bahrain,2023,NOR,McLaren,47.0,100.433,30.951,42.71,26.772,HARD,10.0,5.0,8564.159,,17.0,1,False,True,34.8,1.044,233.0,254.0,,323.0
Bahrain,2023,NOR,McLaren,48.0,126.905,59.26,43.221,24.424,SOFT,5.0,6.0,,8594.893,17.0,1,False,False,33.2,0.996,236.0,237.0,281.0,195.0
Bahrain,2023,NOR,McLaren,49.0,99.08,31.867,42.987,24.226,SOFT,6.0,6.0,,,17.0,1,True,False,31.6,0.948,229.0,245.0,281.0,287.0
Bahrain,2023,NOR,McLaren,50.0,95.257,30.533,41.13,23.594,SOFT,7.0,6.0,,,17.0,1,True,False,30.0,0.9,237.0,266.0,281.0,301.0
Bahrain,2023,NOR,McLaren,51.0,95.822,30.749,41.366,23.707,SOFT,8.0,6.0,,,17.0,1,True,False,28.4,0.852,235.0,261.0,281.0,301.0
Bahrain,2023,NOR,McLaren,52.0,96.152,30.747,41.651,23.754,SOFT,9.0,6.0,,,17.0,1,True,False,26.8,0.804,234.0,261.0,282.0,299.0
Bahrain,2023,NOR,McLaren,53.0,96.5,30.909,41.607,23.984,SOFT,10.0,6.0,,,17.0,1,True,False,25.2,0.756,235.0,263.0,281.0,298.0
Bahrain,2023,NOR,McLaren,54.0,99.789,30.938,42.162,26.689,SOFT,11.0,6.0,9273.677,,17.0,1,False,False,23.6,0.708,235.0,260.0,,301.0
Bahrain,2023,NOR,McLaren,55.0,124.847,59.558,41.73,23.559,SOFT,7.0,7.0,,9305.192,17.0,1,False,False,22.0,0.66,229.0,260.0,280.0,215.0
Bahrain,2023,HAM,Mercedes,1.0,102.288,,43.494,24.338,SOFT,4.0,1.0,,,5.0,12,False,False,108.4,3.252,234.0,247.0,283.0,266.0
Bahrain,2023,HAM,Mercedes,2.0,99.166,31.408,43.352,24.406,SOFT,5.0,1.0,,,5.0,21,True,False,106.8,3.204,234.0,247.0,282.0,311.0
Bahrain,2023,HAM,Mercedes,3.0,99.22,31.298,43.499,24.423,SOFT,6.0,1.0,,,5.0,1,True,False,105.2,3.156,228.0,246.0,283.0,303.0
Bahrain,2023,HAM,Mercedes,4.0,99.198,31.315,43.446,24.437,SOFT,7.0,1.0,,,5.0,1,True,False,103.6,3.108,231.0,240.0,282.0,311.0
Bahrain,2023,HAM,Mercedes,5.0,99.335,31.35,43.508,24.477,SOFT,8.0,1.0,,,5.0,1,True,False,102.0,3.06,230.0,246.0,281.0,308.0
Bahrain,2023,HAM,Mercedes,6.0,99.756,31.434,43.751,24.571,SOFT,9.0,1.0,,,5.0,1,True,False,100.4,3.012,231.0,245.0,282.0,309.0
Bahrain,2023,HAM,Mercedes,7.0,99.757,31.48,43.664,24.613,SOFT,10.0,1.0,,,5.0,1,True,False,98.8,2.964,233.0,249.0,281.0,310.0
Bahrain,2023,HAM,Mercedes,8.0,100.267,31.718,43.82,24.729,SOFT,11.0,1.0,,,5.0,1,True,False,97.2,2.916,231.0,249.0,280.0,306.0
Bahrain,2023,HAM,Mercedes,9.0,100.323,31.893,43.776,24.654,SOFT,12.0,1.0,,,5.0,1,True,False,95.6,2.868,231.0,249.0,281.0,309.0
Bahrain,2023,HAM,Mercedes,10.0,100.289,31.649,43.985,24.655,SOFT,13.0,1.0,,,5.0,1,True,False,94.0,2.82,230.0,248.0,280.0,308.0
Bahrain,2023,HAM,Mercedes,11.0,100.752,31.823,44.205,24.724,SOFT,14.0,1.0,,,5.0,1,True,False,92.4,2.772,230.0,243.0,280.0,306.0
Bahrain,2023,HAM,Mercedes,12.0,103.336,31.821,44.259,27.256,SOFT,15.0,1.0,4958.865,,7.0,1,False,False,90.8,2.724,231.0,249.0,,308.0
Bahrain,2023,HAM,Mercedes,13.0,119.179,52.819,42.559,23.801,HARD,1.0,2.0,,4983.52,8.0,1,False,True,89.2,2.676,230.0,252.0,282.0,214.0
Bahrain,2023,HAM,Mercedes,14.0,98.308,30.783,43.351,24.174,HARD,2.0,2.0,,,7.0,1,True,True,87.6,2.628,232.0,226.0,283.0,302.0
Bahrain,2023,HAM,Mercedes,15.0,98.527,31.23,43.259,24.038,HARD,3.0,2.0,,,6.0,1,True,True,86.0,2.58,231.0,240.0,283.0,309.0
Bahrain,2023,HAM,Mercedes,16.0,98.617,31.162,43.414,24.041,HARD,4.0,2.0,,,5.0,1,True,True,84.4,2.532,232.0,232.0,282.0,304.0
Bahrain,2023,HAM,Mercedes,17.0,98.704,31.16,43.372,24.172,HARD,5.0,2.0,,,5.0,1,True,True,82.8,2.484,231.0,242.0,282.0,306.0
Bahrain,2023,HAM,Mercedes,18.0,98.69,31.263,43.262,24.165,HARD,6.0,2.0,,,5.0,1,True,True,81.2,2.436,232.0,240.0,282.0,305.0
Bahrain,2023,HAM,Mercedes,19.0,98.684,31.294,43.297,24.093,HARD,7.0,2.0,,,5.0,1,True,True,79.6,2.388,232.0,238.0,282.0,308.0
Bahrain,2023,HAM,Mercedes,20.0,98.478,31.163,43.227,24.088,HARD,8.0,2.0,,,5.0,1,True,True,78.0,2.34,233.0,234.0,282.0,308.0
Bahrain,2023,HAM,Mercedes,21.0,98.581,31.151,43.35,24.08,HARD,9.0,2.0,,,5.0,1,True,True,76.4,2.292,230.0,235.0,282.0,308.0
Bahrain,2023,HAM,Mercedes,22.0,98.46,31.336,43.109,24.015,HARD,10.0,2.0,,,5.0,1,True,True,74.8,2.244,229.0,238.0,283.0,307.0
Bahrain,2023,HAM,Mercedes,23.0,98.384,31.164,43.21,24.01,HARD,11.0,2.0,,,5.0,1,True,True,73.2,2.196,231.0,236.0,283.0,307.0
Bahrain,2023,HAM,Mercedes,24.0,98.367,31.202,43.079,24.086,HARD,12.0,2.0,,,5.0,1,True,True,71.6,2.148,230.0,244.0,282.0,308.0
Bahrain,2023,HAM,Mercedes,25.0,98.29,31.209,42.97,24.111,HARD,13.0,2.0,,,5.0,1,True,True,70.0,2.1,232.0,245.0,283.0,307.0
Bahrain,2023,HAM,Mercedes,26.0,98.339,31.345,42.89,24.104,HARD,14.0,2.0,,,5.0,1,True,True,68.4,2.052,231.0,250.0,283.0,307.0
Bahrain,2023,HAM,Mercedes,27.0,98.369,31.379,42.864,24.126,HARD,15.0,2.0,,,5.0,1,True,True,66.8,2.004,231.0,251.0,283.0,307.0
Bahrain,2023,HAM,Mercedes,28.0,98.265,31.232,42.845,24.188,HARD,16.0,2.0,,,5.0,1,True,True,65.2,1.956,231.0,251.0,283.0,306.0
Bahrain,2023,HAM,Mercedes,29.0,98.38,31.319,42.914,24.147,HARD,17.0,2.0,,,5.0,1,True,True,63.6,1.908,232.0,252.0,284.0,309.0
Bahrain,2023,HAM,Mercedes,30.0,101.175,31.375,42.964,26.836,HARD,18.0,2.0,6754.645,,6.0,1,False,True,62.0,1.86,233.0,251.0,,309.0
Bahrain,2023,HAM,Mercedes,31.0,119.503,52.363,43.477,23.663,HARD,1.0,3.0,,6779.316,7.0,1,False,True,60.4,1.812,235.0,238.0,283.0,219.0
Bahrain,2023,HAM,Mercedes,32.0,97.563,30.795,42.982,23.786,HARD,2.0,3.0,,,6.0,1,True,True,58.8,1.764,234.0,236.0,285.0,304.0
Bahrain,2023,HAM,Mercedes,33.0,97.549,30.882,42.999,23.668,HARD,3.0,3.0,,,6.0,1,True,True,57.2,1.716,229.0,228.0,284.0,306.0
Bahrain,2023,HAM,Mercedes,34.0,98.135,30.81,43.571,23.754,HARD,4.0,3.0,,,6.0,1,True,True,55.6,1.668,227.0,222.0,284.0,305.0
Bahrain,2023,HAM,Mercedes,35.0,96.831,30.798,42.403,23.63,HARD,5.0,3.0,,,5.0,1,True,True,54.0,1.62,231.0,250.0,283.0,308.0
Bahrain,2023,HAM,Mercedes,36.0,96.546,30.869,42.013,23.664,HARD,6.0,3.0,,,5.0,1,True,True,52.4,1.572,232.0,258.0,285.0,308.0
Bahrain,2023,HAM,Mercedes,37.0,97.388,31.413,42.243,23.732,HARD,7.0,3.0,,,5.0,1,True,True,50.8,1.524,232.0,256.0,284.0,310.0
Bahrain,2023,HAM,Mercedes,38.0,98.304,31.05,43.267,23.987,HARD,8.0,3.0,,,6.0,1,True,True,49.2,1.476,235.0,251.0,290.0,309.0
Bahrain,2023,HAM,Mercedes,39.0,97.478,30.837,42.719,23.922,HARD,9.0,3.0,,,6.0,1,True,True,47.6,1.428,230.0,255.0,290.0,330.0
Bahrain,2023,HAM,Mercedes,40.0,97.494,30.768,42.806,23.92,HARD,10.0,3.0,,,5.0,12,True,True,46.0,1.38,236.0,249.0,290.0,325.0
Bahrain,2023,HAM,Mercedes,41.0,126.491,40.61,57.504,28.377,HARD,11.0,3.0,,,5.0,2671,False,True,44.4,1.332,125.0,183.0,285.0,324.0
Bahrain,2023,HAM,Mercedes,42.0,97.061,30.924,42.354,23.783,HARD,12.0,3.0,,,5.0,1,True,True,42.8,1.284,237.0,259.0,284.0,311.0
Bahrain,2023,HAM,Mercedes,43.0,97.111,30.89,42.235,23.986,HARD,13.0,3.0,,,5.0,1,True,True,41.2,1.236,235.0,259.0,284.0,310.0
Bahrain,2023,HAM,Mercedes,44.0,97.048,30.807,42.353,23.888,HARD,14.0,3.0,,,5.0,1,True,True,39.6,1.188,235.0,259.0,285.0,309.0
Bahrain,2023,HAM,Mercedes,45.0,97.661,30.902,42.666,24.093,HARD,15.0,3.0,,,5.0,1,True,True,38.0,1.14,237.0,262.0,292.0,309.0
Bahrain,2023,HAM,Mercedes,46.0,97.779,30.898,42.786,24.095,HARD,16.0,3.0,,,5.0,1,True,True,36.4,1.092,237.0,258.0,291.0,333.0
Bahrain,2023,HAM,Mercedes,47.0,98.517,31.32,43.157,24.04,HARD,17.0,3.0,,,5.0,1,True,True,34.8,1.044,236.0,255.0,290.0,329.0
Bahrain,2023,HAM,Mercedes,48.0,97.844,30.882,42.772,24.19,HARD,18.0,3.0,,,5.0,1,True,True,33.2,0.996,240.0,262.0,289.0,321.0
Bahrain,2023,HAM,Mercedes,49.0,97.954,30.947,42.945,24.062,HARD,19.0,3.0,,,5.0,1,True,True,31.6,0.948,241.0,253.0,289.0,328.0
Bahrain,2023,HAM,Mercedes,50.0,97.77,30.824,42.711,24.235,HARD,20.0,3.0,,,5.0,1,True,True,30.0,0.9,239.0,261.0,285.0,321.0
Bahrain,2023,HAM,Mercedes,51.0,98.014,31.154,42.759,24.101,HARD,21.0,3.0,,,5.0,1,True,True,28.4,0.852,237.0,259.0,285.0,310.0
Bahrain,2023,HAM,Mercedes,52.0,97.803,31.107,42.69,24.006,HARD,22.0,3.0,,,5.0,1,True,True,26.8,0.804,237.0,259.0,284.0,311.0
Bahrain,2023,HAM,Mercedes,53.0,97.988,31.1,42.853,24.035,HARD,23.0,3.0,,,5.0,1,True,True,25.2,0.756,237.0,257.0,284.0,309.0
Bahrain,2023,HAM,Mercedes,54.0,98.076,31.14,42.838,24.098,HARD,24.0,3.0,,,5.0,1,True,True,23.6,0.708,234.0,258.0,285.0,309.0
Bahrain,2023,HAM,Mercedes,55.0,97.955,31.131,42.775,24.049,HARD,25.0,3.0,,,5.0,1,True,True,22.0,0.66,236.0,261.0,284.0,308.0
Bahrain,2023,HAM,Mercedes,56.0,98.111,31.227,42.824,24.06,HARD,26.0,3.0,,,5.0,1,True,True,20.4,0.612,237.0,261.0,285.0,309.0
Bahrain,2023,HAM,Mercedes,57.0,98.255,31.166,42.89,24.199,HARD,27.0,3.0,,,5.0,1,True,True,18.8,0.564,237.0,264.0,284.0,309.0
Bahrain,2023,SAI,Ferrari,1.0,101.659,,43.409,24.19,SOFT,4.0,1.0,,,4.0,12,False,False,108.4,3.252,225.0,240.0,282.0,235.0
Bahrain,2023,SAI,Ferrari,2.0,98.933,31.451,43.164,24.318,SOFT,5.0,1.0,,,4.0,21,True,False,106.8,3.204,229.0,242.0,282.0,299.0
Bahrain,2023,SAI,Ferrari,3.0,99.042,31.374,43.257,24.411,SOFT,6.0,1.0,,,4.0,1,True,False,105.2,3.156,228.0,246.0,286.0,299.0
Bahrain,2023,SAI,Ferrari,4.0,98.985,31.192,43.306,24.487,SOFT,7.0,1.0,,,4.0,1,True,False,103.6,3.108,228.0,242.0,286.0,317.0
Bahrain,2023,SAI,Ferrari,5.0,99.128,31.048,43.623,24.457,SOFT,8.0,1.0,,,4.0,1,True,False,102.0,3.06,227.0,241.0,281.0,315.0
Bahrain,2023,SAI,Ferrari,6.0,99.474,31.469,43.498,24.507,SOFT,9.0,1.0,,,4.0,1,True,False,100.4,3.012,226.0,241.0,280.0,306.0
Bahrain,2023,SAI,Ferrari,7.0,99.502,31.546,43.469,24.487,SOFT,10.0,1.0,,,4.0,1,True,False,98.8,2.964,227.0,241.0,280.0,305.0
Bahrain,2023,SAI,Ferrari,8.0,99.779,31.674,43.598,24.507,SOFT,11.0,1.0,,,4.0,1,True,False,97.2,2.916,226.0,244.0,280.0,302.0
Bahrain,2023,SAI,Ferrari,9.0,99.744,31.602,43.608,24.534,SOFT,12.0,1.0,,,4.0,1,True,False,95.6,2.868,226.0,242.0,280.0,306.0
Bahrain,2023,SAI,Ferrari,10.0,100.102,31.764,43.676,24.662,SOFT,13.0,1.0,,,4.0,1,True,False,94.0,2.82,225.0,244.0,279.0,303.0
Bahrain,2023,SAI,Ferrari,11.0,100.507,31.836,43.996,24.675,SOFT,14.0,1.0,,,4.0,1,True,False,92.4,2.772,226.0,240.0,279.0,305.0
Bahrain,2023,SAI,Ferrari,12.0,100.52,31.776,44.006,24.738,SOFT,15.0,1.0,,,4.0,1,True,False,90.8,2.724,226.0,239.0,279.0,304.0
Bahrain,2023,SAI,Ferrari,13.0,103.31,31.93,43.823,27.557,SOFT,16.0,1.0,5055.816,,4.0,1,False,False,89.2,2.676,225.0,250.0,,303.0
Bahrain,2023,SAI,Ferrari,14.0,119.006,52.026,42.788,24.192,HARD,1.0,2.0,,5080.347,6.0,1,False,True,87.6,2.628,228.0,242.0,280.0,221.0
Bahrain,2023,SAI,Ferrari,15.0,97.985,31.107,42.86,24.018,HARD,2.0,2.0,,,5.0,1,True,True,86.0,2.58,227.0,241.0,280.0,294.0
Bahrain,2023,SAI,Ferrari,16.0,98.433,31.232,43.011,24.19,HARD,3.0,2.0,,,4.0,1,True,True,84.4,2.532,228.0,242.0,280.0,298.0
Bahrain,2023,SAI,Ferrari,17.0,98.161,31.234,42.911,24.016,HARD,4.0,2.0,,,4.0,1,True,True,82.8,2.484,228.0,239.0,280.0,295.0
Bahrain,2023,SAI,Ferrari,18.0,98.287,31.283,42.95,24.054,HARD,5.0,2.0,,,4.0,1,True,True,81.2,2.436,228.0,243.0,280.0,301.0
Bahrain,2023,SAI,Ferrari,19.0,98.21,31.208,42.939,24.063,HARD,6.0,2.0,,,4.0,1,True,True,79.6,2.388,227.0,243.0,280.0,301.0
Bahrain,2023,SAI,Ferrari,20.0,98.096,31.272,42.826,23.998,HARD,7.0,2.0,,,4.0,1,True,True,78.0,2.34,228.0,246.0,280.0,303.0
Bahrain,2023,SAI,Ferrari,21.0,98.24,31.305,42.957,23.978,HARD,8.0,2.0,,,4.0,1,True,True,76.4,2.292,228.0,244.0,281.0,301.0
Bahrain,2023,SAI,Ferrari,22.0,98.453,31.288,43.137,24.028,HARD,9.0,2.0,,,4.0,1,True,True,74.8,2.244,227.0,240.0,281.0,304.0
Bahrain,2023,SAI,Ferrari,23.0,98.597,31.483,43.147,23.967,HARD,10.0,2.0,,,4.0,1,True,True,73.2,2.196,228.0,247.0,281.0,304.0
Bahrain,2023,SAI,Ferrari,24.0,98.314,31.442,42.878,23.994,HARD,11.0,2.0,,,4.0,1,True,True,71.6,2.148,227.0,247.0,280.0,304.0
Bahrain,2023,SAI,Ferrari,25.0,98.571,31.282,43.172,24.117,HARD,12.0,2.0,,,4.0,1,True,True,70.0,2.1,228.0,243.0,281.0,304.0
Bahrain,2023,SAI,Ferrari,26.0,98.331,31.316,42.976,24.039,HARD,13.0,2.0,,,4.0,1,True,True,68.4,2.052,228.0,246.0,281.0,304.0
Bahrain,2023,SAI,Ferrari,27.0,98.423,31.448,42.994,23.981,HARD,14.0,2.0,,,4.0,1,True,True,66.8,2.004,228.0,247.0,280.0,304.0
Bahrain,2023,SAI,Ferrari,28.0,98.474,31.422,42.956,24.096,HARD,15.0,2.0,,,4.0,1,True,True,65.2,1.956,228.0,248.0,281.0,303.0
Bahrain,2023,SAI,Ferrari,29.0,98.55,31.436,42.983,24.131,HARD,16.0,2.0,,,4.0,1,True,True,63.6,1.908,227.0,243.0,281.0,304.0
Bahrain,2023,SAI,Ferrari,30.0,98.601,31.445,43.033,24.123,HARD,17.0,2.0,,,4.0,1,True,True,62.0,1.86,228.0,243.0,281.0,304.0
Bahrain,2023,SAI,Ferrari,31.0,101.274,31.438,43.032,26.804,HARD,18.0,2.0,6849.846,,4.0,1,False,True,60.4,1.812,229.0,255.0,,304.0
Bahrain,2023,SAI,Ferrari,32.0,118.492,51.61,42.949,23.933,HARD,1.0,3.0,,6874.096,5.0,1,False,True,58.8,1.764,230.0,240.0,281.0,219.0
Bahrain,2023,SAI,Ferrari,33.0,97.548,31.27,42.65,23.628,HARD,2.0,3.0,,,5.0,1,True,True,57.2,1.716,229.0,244.0,282.0,293.0
Bahrain,2023,SAI,Ferrari,34.0,97.475,31.149,42.615,23.711,HARD,3.0,3.0,,,5.0,1,True,True,55.6,1.668,229.0,242.0,284.0,294.0
Bahrain,2023,SAI,Ferrari,35.0,97.441,31.161,42.601,23.679,HARD,4.0,3.0,,,4.0,1,True,True,54.0,1.62,229.0,242.0,283.0,301.0
Bahrain,2023,SAI,Ferrari,36.0,97.706,31.197,42.728,23.781,HARD,5.0,3.0,,,4.0,1,True,True,52.4,1.572,229.0,244.0,282.0,304.0
Bahrain,2023,SAI,Ferrari,37.0,97.13,31.018,42.443,23.669,HARD,6.0,3.0,,,4.0,1,True,True,50.8,1.524,230.0,244.0,282.0,304.0
Bahrain,2023,SAI,Ferrari,38.0,97.444,31.096,42.608,23.74,HARD,7.0,3.0,,,4.0,1,True,True,49.2,1.476,228.0,245.0,282.0,305.0
Bahrain,2023,SAI,Ferrari,39.0,97.403,31.044,42.593,23.766,HARD,8.0,3.0,,,4.0,1,True,True,47.6,1.428,229.0,243.0,282.0,305.0
Bahrain,2023,SAI,Ferrari,40.0,97.587,31.207,42.653,23.727,HARD,9.0,3.0,,,3.0,12,True,True,46.0,1.38,229.0,247.0,282.0,304.0
Bahrain,2023,SAI,Ferrari,41.0,126.436,39.595,57.789,29.052,HARD,10.0,3.0,,,3.0,2671,False,True,44.4,1.332,134.0,161.0,283.0,303.0
Bahrain,2023,SAI,Ferrari,42.0,97.375,31.107,42.449,23.819,HARD,11.0,3.0,,,3.0,1,True,True,42.8,1.284,231.0,243.0,282.0,303.0
Bahrain,2023,SAI,Ferrari,43.0,97.294,31.141,42.431,23.722,HARD,12.0,3.0,,,3.0,1,True,True,41.2,1.236,229.0,244.0,282.0,303.0
Bahrain,2023,SAI,Ferrari,44.0,97.389,31.2,42.482,23.707,HARD,13.0,3.0,,,3.0,1,True,True,39.6,1.188,235.0,254.0,282.0,305.0
Bahrain,2023,SAI,Ferrari,45.0,99.561,31.572,43.669,24.32,HARD,14.0,3.0,,,4.0,1,True,True,38.0,1.14,231.0,251.0,289.0,304.0
Bahrain,2023,SAI,Ferrari,46.0,97.844,30.975,42.701,24.168,HARD,15.0,3.0,,,4.0,1,True,True,36.4,1.092,233.0,252.0,284.0,324.0
Bahrain,2023,SAI,Ferrari,47.0,98.222,31.548,42.699,23.975,HARD,16.0,3.0,,,4.0,1,True,True,34.8,1.044,230.0,253.0,283.0,308.0
Bahrain,2023,SAI,Ferrari,48.0,97.897,31.407,42.577,23.913,HARD,17.0,3.0,,,4.0,1,True,True,33.2,0.996,229.0,250.0,283.0,298.0
Bahrain,2023,SAI,Ferrari,49.0,97.765,31.407,42.49,23.868,HARD,18.0,3.0,,,4.0,1,True,True,31.6,0.948,230.0,253.0,283.0,299.0
Bahrain,2023,SAI,Ferrari,50.0,97.604,31.261,42.436,23.907,HARD,19.0,3.0,,,4.0,1,True,True,30.0,0.9,229.0,253.0,283.0,298.0
Bahrain,2023,SAI,Ferrari,51.0,97.672,31.269,42.491,23.912,HARD,20.0,3.0,,,4.0,1,True,True,28.4,0.852,230.0,252.0,282.0,298.0
Bahrain,2023,SAI,Ferrari,52.0,97.49,31.184,42.381,23.925,HARD,21.0,3.0,,,4.0,1,True,True,26.8,0.804,233.0,255.0,282.0,301.0
Bahrain,2023,SAI,Ferrari,53.0,97.66,31.248,42.531,23.881,HARD,22.0,3.0,,,4.0,1,True,True,25.2,0.756,234.0,252.0,283.0,302.0
Bahrain,2023,SAI,Ferrari,54.0,97.694,31.234,42.543,23.917,HARD,23.0,3.0,,,4.0,1,True,True,23.6,0.708,232.0,256.0,283.0,302.0
Bahrain,2023,SAI,Ferrari,55.0,97.821,31.31,42.638,23.873,HARD,24.0,3.0,,,4.0,1,True,True,22.0,0.66,232.0,254.0,282.0,301.0
Bahrain,2023,SAI,Ferrari,56.0,98.126,31.403,42.736,23.987,HARD,25.0,3.0,,,4.0,1,True,True,20.4,0.612,233.0,255.0,283.0,302.0
Bahrain,2023,SAI,Ferrari,57.0,98.021,31.244,42.749,24.028,HARD,26.0,3.0,,,4.0,1,True,True,18.8,0.564,233.0,253.0,283.0,304.0
Bahrain,2023,RUS,Mercedes,1.0,102.662,,43.377,24.168,SOFT,4.0,1.0,,,6.0,12,False,False,108.4,3.252,231.0,244.0,286.0,259.0
Bahrain,2023,RUS,Mercedes,2.0,99.59,31.709,43.468,24.413,SOFT,5.0,1.0,,,6.0,21,True,False,106.8,3.204,214.0,239.0,283.0,306.0
Bahrain,2023,RUS,Mercedes,3.0,99.093,31.218,43.416,24.459,SOFT,6.0,1.0,,,6.0,1,True,False,105.2,3.156,219.0,245.0,287.0,310.0
Bahrain,2023,RUS,Mercedes,4.0,99.261,31.267,43.497,24.497,SOFT,7.0,1.0,,,6.0,1,True,False,103.6,3.108,222.0,247.0,287.0,321.0
Bahrain,2023,RUS,Mercedes,5.0,99.549,31.367,43.763,24.419,SOFT,8.0,1.0,,,6.0,1,True,False,102.0,3.06,227.0,243.0,286.0,314.0
Bahrain,2023,RUS,Mercedes,6.0,99.493,31.196,43.619,24.678,SOFT,9.0,1.0,,,6.0,1,True,False,100.4,3.012,228.0,255.0,289.0,323.0
Bahrain,2023,RUS,Mercedes,7.0,100.056,31.589,43.827,24.64,SOFT,10.0,1.0,,,6.0,1,True,False,98.8,2.964,223.0,250.0,286.0,319.0
Bahrain,2023,RUS,Mercedes,8.0,100.31,31.522,44.119,24.669,SOFT,11.0,1.0,,,6.0,1,True,False,97.2,2.916,227.0,249.0,282.0,312.0
Bahrain,2023,RUS,Mercedes,9.0,100.42,31.652,44.022,24.746,SOFT,12.0,1.0,,,6.0,1,True,False,95.6,2.868,228.0,254.0,282.0,306.0
Bahrain,2023,RUS,Mercedes,10.0,100.532,31.699,44.074,24.759,SOFT,13.0,1.0,,,6.0,1,True,False,94.0,2.82,229.0,256.0,284.0,306.0
Bahrain,2023,RUS,Mercedes,11.0,101.085,31.772,44.52,24.793,SOFT,14.0,1.0,,,6.0,1,True,False,92.4,2.772,224.0,251.0,280.0,311.0
Bahrain,2023,RUS,Mercedes,12.0,101.112,32.023,44.122,24.967,SOFT,15.0,1.0,,,5.0,1,True,False,90.8,2.724,223.0,251.0,281.0,308.0
Bahrain,2023,RUS,Mercedes,13.0,104.691,32.276,44.91,27.505,SOFT,16.0,1.0,5063.066,,7.0,1,False,False,89.2,2.676,232.0,253.0,,303.0
Bahrain,2023,RUS,Mercedes,14.0,121.269,54.862,42.554,23.853,HARD,1.0,2.0,,5090.05,10.0,1,False,True,87.6,2.628,228.0,256.0,288.0,214.0
Bahrain,2023,RUS,Mercedes,15.0,97.46,30.812,42.616,24.032,HARD,2.0,2.0,,,9.0,1,True,True,86.0,2.58,229.0,259.0,288.0,321.0
Bahrain,2023,RUS,Mercedes,16.0,97.833,30.88,42.883,24.07,HARD,3.0,2.0,,,8.0,1,True,True,84.4,2.532,223.0,256.0,289.0,325.0
Bahrain,2023,RUS,Mercedes,17.0,98.604,30.903,43.462,24.239,HARD,4.0,2.0,,,8.0,1,True,True,82.8,2.484,224.0,250.0,293.0,313.0
Bahrain,2023,RUS,Mercedes,18.0,98.427,30.995,43.299,24.133,HARD,5.0,2.0,,,7.0,1,True,True,81.2,2.436,230.0,247.0,282.0,308.0
Bahrain,2023,RUS,Mercedes,19.0,98.512,31.276,43.188,24.048,HARD,6.0,2.0,,,7.0,1,True,True,79.6,2.388,230.0,246.0,282.0,299.0
Bahrain,2023,RUS,Mercedes,20.0,98.578,31.282,43.216,24.08,HARD,7.0,2.0,,,7.0,1,True,True,78.0,2.34,229.0,242.0,283.0,299.0
Bahrain,2023,RUS,Mercedes,21.0,98.555,31.287,43.084,24.184,HARD,8.0,2.0,,,7.0,1,True,True,76.4,2.292,229.0,247.0,283.0,302.0
Bahrain,2023,RUS,Mercedes,22.0,98.438,31.313,42.999,24.126,HARD,9.0,2.0,,,7.0,1,True,True,74.8,2.244,229.0,247.0,283.0,305.0
Bahrain,2023,RUS,Mercedes,23.0,98.773,31.278,43.405,24.09,HARD,10.0,2.0,,,7.0,1,True,True,73.2,2.196,227.0,242.0,282.0,308.0
Bahrain,2023,RUS,Mercedes,24.0,98.643,31.298,43.348,23.997,HARD,11.0,2.0,,,7.0,1,True,True,71.6,2.148,227.0,246.0,282.0,306.0
Bahrain,2023,RUS,Mercedes,25.0,98.487,31.311,43.056,24.12,HARD,12.0,2.0,,,7.0,1,True,True,70.0,2.1,226.0,249.0,282.0,306.0
Bahrain,2023,RUS,Mercedes,26.0,98.462,31.334,43.033,24.095,HARD,13.0,2.0,,,7.0,1,True,True,68.4,2.052,230.0,247.0,282.0,306.0
Bahrain,2023,RUS,Mercedes,27.0,98.625,31.393,43.152,24.08,HARD,14.0,2.0,,,7.0,1,True,True,66.8,2.004,231.0,246.0,283.0,306.0
Bahrain,2023,RUS,Mercedes,28.0,98.448,31.233,43.103,24.112,HARD,15.0,2.0,,,7.0,1,True,True,65.2,1.956,231.0,248.0,282.0,307.0
Bahrain,2023,RUS,Mercedes,29.0,98.792,31.476,43.264,24.052,HARD,16.0,2.0,,,7.0,1,True,True,63.6,1.908,230.0,244.0,282.0,307.0
Bahrain,2023,RUS,Mercedes,30.0,98.541,31.301,43.18,24.06,HARD,17.0,2.0,,,7.0,1,True,True,62.0,1.86,230.0,251.0,282.0,307.0
Bahrain,2023,RUS,Mercedes,31.0,101.035,31.353,43.015,26.667,HARD,18.0,2.0,6860.502,,6.0,1,False,True,60.4,1.812,232.0,259.0,,304.0
Bahrain,2023,RUS,Mercedes,32.0,118.694,52.322,42.773,23.599,HARD,1.0,3.0,,6884.892,8.0,1,False,True,58.8,1.764,235.0,245.0,286.0,216.0
Bahrain,2023,RUS,Mercedes,33.0,97.221,30.915,42.756,23.55,HARD,2.0,3.0,,,8.0,1,True,True,57.2,1.716,233.0,246.0,285.0,293.0
Bahrain,2023,RUS,Mercedes,34.0,97.311,30.975,42.685,23.651,HARD,3.0,3.0,,,8.0,1,True,True,55.6,1.668,233.0,250.0,285.0,300.0
Bahrain,2023,RUS,Mercedes,35.0,97.592,30.949,42.96,23.683,HARD,4.0,3.0,,,8.0,1,True,True,54.0,1.62,235.0,241.0,285.0,308.0
Bahrain,2023,RUS,Mercedes,36.0,97.607,30.979,42.831,23.797,HARD,5.0,3.0,,,8.0,1,True,True,52.4,1.572,225.0,238.0,285.0,310.0
Bahrain,2023,RUS,Mercedes,37.0,97.822,31.049,43.002,23.771,HARD,6.0,3.0,,,8.0,1,True,True,50.8,1.524,228.0,235.0,284.0,301.0
Bahrain,2023,RUS,Mercedes,38.0,97.66,30.994,42.854,23.812,HARD,7.0,3.0,,,8.0,1,True,True,49.2,1.476,230.0,242.0,284.0,306.0
Bahrain,2023,RUS,Mercedes,39.0,97.495,30.971,42.712,23.812,HARD,8.0,3.0,,,8.0,1,True,True,47.6,1.428,233.0,239.0,284.0,305.0
Bahrain,2023,RUS,Mercedes,40.0,98.085,31.006,42.651,24.428,HARD,9.0,3.0,,,7.0,126,False,True,46.0,1.38,232.0,240.0,188.0,310.0
Bahrain,2023,RUS,Mercedes,41.0,126.293,46.011,56.1,24.182,HARD,10.0,3.0,,,7.0,671,False,True,44.4,1.332,128.0,218.0,285.0,246.0
Bahrain,2023,RUS,Mercedes,42.0,97.035,30.782,42.391,23.862,HARD,11.0,3.0,,,7.0,1,True,True,42.8,1.284,238.0,263.0,285.0,310.0
Bahrain,2023,RUS,Mercedes,43.0,97.48,30.954,42.679,23.847,HARD,12.0,3.0,,,7.0,1,True,True,41.2,1.236,237.0,253.0,284.0,311.0
Bahrain,2023,RUS,Mercedes,44.0,97.597,31.11,42.611,23.876,HARD,13.0,3.0,,,7.0,1,True,True,39.6,1.188,236.0,250.0,284.0,302.0
Bahrain,2023,RUS,Mercedes,45.0,97.316,30.892,42.59,23.834,HARD,14.0,3.0,,,7.0,1,True,True,38.0,1.14,237.0,258.0,284.0,308.0
Bahrain,2023,RUS,Mercedes,46.0,97.571,30.999,42.734,23.838,HARD,15.0,3.0,,,7.0,1,True,True,36.4,1.092,236.0,260.0,284.0,310.0
Bahrain,2023,RUS,Mercedes,47.0,97.432,31.049,42.436,23.947,HARD,16.0,3.0,,,7.0,1,True,True,34.8,1.044,236.0,264.0,285.0,309.0
Bahrain,2023,RUS,Mercedes,48.0,97.52,31.101,42.509,23.91,HARD,17.0,3.0,,,7.0,1,True,True,33.2,0.996,235.0,261.0,284.0,308.0
Bahrain,2023,RUS,Mercedes,49.0,97.718,31.097,42.623,23.998,HARD,18.0,3.0,,,7.0,1,True,True,31.6,0.948,237.0,255.0,284.0,307.0
Bahrain,2023,RUS,Mercedes,50.0,97.383,31.014,42.413,23.956,HARD,19.0,3.0,,,7.0,1,True,True,30.0,0.9,237.0,254.0,284.0,308.0
Bahrain,2023,RUS,Mercedes,51.0,97.825,31.187,42.705,23.933,HARD,20.0,3.0,,,7.0,1,True,True,28.4,0.852,237.0,250.0,284.0,303.0
Bahrain,2023,RUS,Mercedes,52.0,97.589,31.107,42.517,23.965,HARD,21.0,3.0,,,7.0,1,True,True,26.8,0.804,236.0,258.0,284.0,305.0
Bahrain,2023,RUS,Mercedes,53.0,97.841,31.065,42.707,24.069,HARD,22.0,3.0,,,7.0,1,True,True,25.2,0.756,235.0,261.0,285.0,305.0
Bahrain,2023,RUS,Mercedes,54.0,97.923,31.192,42.658,24.073,HARD,23.0,3.0,,,7.0,1,True,True,23.6,0.708,234.0,257.0,285.0,305.0
Bahrain,2023,RUS,Mercedes,55.0,97.86,31.118,42.621,24.121,HARD,24.0,3.0,,,7.0,1,True,True,22.0,0.66,236.0,264.0,284.0,298.0
Bahrain,2023,RUS,Mercedes,56.0,97.636,30.961,42.593,24.082,HARD,25.0,3.0,,,7.0,1,True,True,20.4,0.612,238.0,265.0,286.0,307.0
Bahrain,2023,RUS,Mercedes,57.0,97.767,31.077,42.54,24.15,HARD,26.0,3.0,,,7.0,1,True,True,18.8,0.564,235.0,260.0,285.0,311.0
Bahrain,2023,BOT,Alfa Romeo,1.0,104.154,,43.757,24.573,SOFT,1.0,1.0,,,8.0,12,False,True,108.4,3.252,230.0,251.0,278.0,266.0
Bahrain,2023,BOT,Alfa Romeo,2.0,99.956,31.722,43.495,24.739,SOFT,2.0,1.0,,,8.0,21,True,True,106.8,3.204,228.0,247.0,277.0,290.0
Bahrain,2023,BOT,Alfa Romeo,3.0,99.397,31.428,43.378,24.591,SOFT,3.0,1.0,,,8.0,1,True,True,105.2,3.156,227.0,246.0,282.0,302.0
Bahrain,2023,BOT,Alfa Romeo,4.0,99.823,31.568,43.543,24.712,SOFT,4.0,1.0,,,8.0,1,True,True,103.6,3.108,226.0,244.0,277.0,307.0
Bahrain,2023,BOT,Alfa Romeo,5.0,101.033,32.204,44.132,24.697,SOFT,5.0,1.0,,,9.0,1,True,True,102.0,3.06,226.0,239.0,276.0,297.0
Bahrain,2023,BOT,Alfa Romeo,6.0,100.265,31.687,43.789,24.789,SOFT,6.0,1.0,,,9.0,1,True,True,100.4,3.012,229.0,239.0,276.0,292.0
Bahrain,2023,BOT,Alfa Romeo,7.0,100.564,31.983,43.92,24.661,SOFT,7.0,1.0,,,9.0,1,True,True,98.8,2.964,226.0,238.0,276.0,293.0
Bahrain,2023,BOT,Alfa Romeo,8.0,100.387,31.864,43.791,24.732,SOFT,8.0,1.0,,,9.0,1,True,True,97.2,2.916,228.0,239.0,276.0,293.0
Bahrain,2023,BOT,Alfa Romeo,9.0,100.275,31.936,43.661,24.678,SOFT,9.0,1.0,,,9.0,1,True,True,95.6,2.868,228.0,238.0,276.0,293.0
Bahrain,2023,BOT,Alfa Romeo,10.0,100.676,31.929,43.981,24.766,SOFT,10.0,1.0,,,9.0,1,True,True,94.0,2.82,227.0,238.0,276.0,292.0
Bahrain,2023,BOT,Alfa Romeo,11.0,103.269,31.926,43.791,27.552,SOFT,11.0,1.0,4864.976,,9.0,1,False,True,92.4,2.772,224.0,251.0,,293.0
Bahrain,2023,BOT,Alfa Romeo,12.0,119.45,52.921,42.49,24.039,HARD,1.0,2.0,,4890.319,14.0,1,False,True,90.8,2.724,228.0,252.0,278.0,215.0
Bahrain,2023,BOT,Alfa Romeo,13.0,98.03,31.273,42.523,24.234,HARD,2.0,2.0,,,10.0,1,True,True,89.2,2.676,227.0,252.0,286.0,285.0
Bahrain,2023,BOT,Alfa Romeo,14.0,98.098,31.122,42.799,24.177,HARD,3.0,2.0,,,8.0,1,True,True,87.6,2.628,226.0,244.0,277.0,320.0
Bahrain,2023,BOT,Alfa Romeo,15.0,98.851,31.469,43.076,24.306,HARD,4.0,2.0,,,7.0,1,True,True,86.0,2.58,226.0,244.0,277.0,290.0
Bahrain,2023,BOT,Alfa Romeo,16.0,98.494,31.299,43.018,24.177,HARD,5.0,2.0,,,6.0,1,True,True,84.4,2.532,227.0,244.0,276.0,291.0
Bahrain,2023,BOT,Alfa Romeo,17.0,99.973,32.034,43.463,24.476,HARD,6.0,2.0,,,7.0,1,True,True,82.8,2.484,229.0,246.0,283.0,296.0
Bahrain,2023,BOT,Alfa Romeo,18.0,100.24,31.682,43.946,24.612,HARD,7.0,2.0,,,8.0,1,True,True,81.2,2.436,227.0,245.0,277.0,310.0
Bahrain,2023,BOT,Alfa Romeo,19.0,99.497,31.65,43.373,24.474,HARD,8.0,2.0,,,8.0,1,True,True,79.6,2.388,225.0,244.0,277.0,294.0
Bahrain,2023,BOT,Alfa Romeo,20.0,100.442,31.91,43.979,24.553,HARD,9.0,2.0,,,9.0,1,True,True,78.0,2.34,232.0,245.0,278.0,296.0
Bahrain,2023,BOT,Alfa Romeo,21.0,99.355,31.577,43.366,24.412,HARD,10.0,2.0,,,9.0,1,True,True,76.4,2.292,228.0,244.0,277.0,295.0
Bahrain,2023,BOT,Alfa Romeo,22.0,99.356,31.591,43.332,24.433,HARD,11.0,2.0,,,9.0,1,True,True,74.8,2.244,229.0,244.0,277.0,292.0
Bahrain,2023,BOT,Alfa Romeo,23.0,99.311,31.711,43.197,24.403,HARD,12.0,2.0,,,9.0,1,True,True,73.2,2.196,228.0,243.0,277.0,293.0
Bahrain,2023,BOT,Alfa Romeo,24.0,99.427,31.731,43.277,24.419,HARD,13.0,2.0,,,9.0,1,True,True,71.6,2.148,228.0,243.0,277.0,294.0
Bahrain,2023,BOT,Alfa Romeo,25.0,99.49,31.785,43.253,24.452,HARD,14.0,2.0,,,9.0,1,True,True,70.0,2.1,228.0,244.0,277.0,291.0
Bahrain,2023,BOT,Alfa Romeo,26.0,99.5,31.813,43.256,24.431,HARD,15.0,2.0,,,9.0,1,True,True,68.4,2.052,228.0,243.0,277.0,291.0
Bahrain,2023,BOT,Alfa Romeo,27.0,99.287,31.712,43.177,24.398,HARD,16.0,2.0,,,9.0,1,True,True,66.8,2.004,229.0,243.0,277.0,290.0
Bahrain,2023,BOT,Alfa Romeo,28.0,99.016,31.753,42.963,24.3,HARD,17.0,2.0,,,9.0,1,True,True,65.2,1.956,229.0,244.0,277.0,292.0
Bahrain,2023,BOT,Alfa Romeo,29.0,102.22,32.154,43.012,27.054,HARD,18.0,2.0,6675.021,,9.0,1,False,True,63.6,1.908,227.0,250.0,,284.0
Bahrain,2023,BOT,Alfa Romeo,30.0,118.886,52.999,42.137,23.75,HARD,1.0,3.0,,6700.63,11.0,1,False,True,62.0,1.86,229.0,252.0,278.0,218.0
Bahrain,2023,BOT,Alfa Romeo,31.0,97.379,31.079,42.337,23.963,HARD,2.0,3.0,,,10.0,1,True,True,60.4,1.812,232.0,250.0,279.0,294.0
Bahrain,2023,BOT,Alfa Romeo,32.0,97.675,31.059,42.59,24.026,HARD,3.0,3.0,,,9.0,1,True,True,58.8,1.764,231.0,245.0,278.0,292.0
Bahrain,2023,BOT,Alfa Romeo,33.0,97.775,31.243,42.542,23.99,HARD,4.0,3.0,,,9.0,1,True,True,57.2,1.716,230.0,244.0,278.0,289.0
Bahrain,2023,BOT,Alfa Romeo,34.0,97.774,31.317,42.525,23.932,HARD,5.0,3.0,,,9.0,1,True,True,55.6,1.668,230.0,244.0,278.0,288.0
Bahrain,2023,BOT,Alfa Romeo,35.0,97.817,31.277,42.617,23.923,HARD,6.0,3.0,,,9.0,1,True,True,54.0,1.62,230.0,244.0,277.0,289.0
Bahrain,2023,BOT,Alfa Romeo,36.0,97.827,31.342,42.528,23.957,HARD,7.0,3.0,,,9.0,1,True,True,52.4,1.572,230.0,244.0,277.0,290.0
Bahrain,2023,BOT,Alfa Romeo,37.0,97.774,31.238,42.584,23.952,HARD,8.0,3.0,,,9.0,1,True,True,50.8,1.524,231.0,244.0,277.0,287.0
Bahrain,2023,BOT,Alfa Romeo,38.0,97.658,31.311,42.406,23.941,HARD,9.0,3.0,,,9.0,1,True,True,49.2,1.476,230.0,245.0,277.0,288.0
Bahrain,2023,BOT,Alfa Romeo,39.0,97.784,31.376,42.467,23.941,HARD,10.0,3.0,,,9.0,1,True,True,47.6,1.428,231.0,245.0,277.0,288.0
Bahrain,2023,BOT,Alfa Romeo,40.0,110.376,31.335,42.515,36.526,HARD,11.0,3.0,,,8.0,126,False,True,46.0,1.38,232.0,245.0,231.0,290.0
Bahrain,2023,BOT,Alfa Romeo,41.0,115.281,37.625,53.676,23.98,HARD,12.0,3.0,,,8.0,671,False,True,44.4,1.332,162.0,248.0,277.0,263.0
Bahrain,2023,BOT,Alfa Romeo,42.0,97.736,31.22,42.609,23.907,HARD,13.0,3.0,,,8.0,1,True,True,42.8,1.284,234.0,244.0,278.0,293.0
Bahrain,2023,BOT,Alfa Romeo,43.0,97.813,31.253,42.525,24.035,HARD,14.0,3.0,,,8.0,1,True,True,41.2,1.236,233.0,245.0,278.0,288.0
Bahrain,2023,BOT,Alfa Romeo,44.0,97.868,31.392,42.601,23.875,HARD,15.0,3.0,,,8.0,1,True,True,39.6,1.188,230.0,245.0,277.0,289.0
Bahrain,2023,BOT,Alfa Romeo,45.0,97.688,31.254,42.539,23.895,HARD,16.0,3.0,,,8.0,1,True,True,38.0,1.14,233.0,245.0,277.0,291.0
Bahrain,2023,BOT,Alfa Romeo,46.0,97.83,31.384,42.473,23.973,HARD,17.0,3.0,,,8.0,1,True,True,36.4,1.092,231.0,245.0,278.0,288.0
Bahrain,2023,BOT,Alfa Romeo,47.0,97.815,31.325,42.508,23.982,HARD,18.0,3.0,,,8.0,1,True,True,34.8,1.044,231.0,245.0,278.0,289.0
Bahrain,2023,BOT,Alfa Romeo,48.0,97.5,31.316,42.265,23.919,HARD,19.0,3.0,,,8.0,1,True,True,33.2,0.996,234.0,245.0,278.0,292.0
Bahrain,2023,BOT,Alfa Romeo,49.0,97.85,31.434,42.484,23.932,HARD,20.0,3.0,,,8.0,1,True,True,31.6,0.948,232.0,246.0,278.0,289.0
Bahrain,2023,BOT,Alfa Romeo,50.0,97.71,31.491,42.241,23.978,HARD,21.0,3.0,,,8.0,1,True,True,30.0,0.9,232.0,246.0,278.0,291.0
Bahrain,2023,BOT,Alfa Romeo,51.0,97.816,31.383,42.463,23.97,HARD,22.0,3.0,,,8.0,1,True,True,28.4,0.852,234.0,255.0,278.0,290.0
Bahrain,2023,BOT,Alfa Romeo,52.0,97.947,31.512,42.44,23.995,HARD,23.0,3.0,,,8.0,1,True,True,26.8,0.804,232.0,255.0,278.0,283.0
Bahrain,2023,BOT,Alfa Romeo,53.0,97.856,31.458,42.413,23.985,HARD,24.0,3.0,,,8.0,1,True,True,25.2,0.756,234.0,261.0,278.0,286.0
Bahrain,2023,BOT,Alfa Romeo,54.0,97.738,31.461,42.3,23.977,HARD,25.0,3.0,,,8.0,1,True,True,23.6,0.708,233.0,256.0,278.0,283.0
Bahrain,2023,BOT,Alfa Romeo,55.0,97.807,31.526,42.257,24.024,HARD,26.0,3.0,,,8.0,1,True,True,22.0,0.66,235.0,261.0,278.0,286.0
Bahrain,2023,BOT,Alfa Romeo,56.0,98.16,31.687,42.384,24.089,HARD,27.0,3.0,,,8.0,1,True,True,20.4,0.612,235.0,259.0,278.0,288.0
Bahrain,2023,BOT,Alfa Romeo,57.0,98.407,31.543,42.623,24.241,HARD,28.0,3.0,,,8.0,1,True,True,18.8,0.564,235.0,250.0,280.0,285.0
Bahrain,2023,PIA,McLaren,1.0,108.214,,45.783,24.952,SOFT,1.0,1.0,,,16.0,12,False,True,108.4,3.252,231.0,247.0,280.0,250.0
Bahrain,2023,PIA,McLaren,2.0,100.83,32.185,43.977,24.668,SOFT,2.0,1.0,,,16.0,21,True,True,106.8,3.204,233.0,243.0,281.0,304.0
Bahrain,2023,PIA,McLaren,3.0,100.691,31.877,43.986,24.828,SOFT,3.0,1.0,,,16.0,1,True,True,105.2,3.156,232.0,242.0,285.0,302.0
Bahrain,2023,PIA,McLaren,4.0,100.718,31.831,44.079,24.808,SOFT,4.0,1.0,,,16.0,1,True,True,103.6,3.108,227.0,244.0,281.0,327.0
Bahrain,2023,PIA,McLaren,5.0,100.862,31.846,44.06,24.956,SOFT,5.0,1.0,,,16.0,1,True,True,102.0,3.06,228.0,232.0,284.0,309.0
Bahrain,2023,PIA,McLaren,6.0,101.111,31.694,44.425,24.992,SOFT,6.0,1.0,,,16.0,1,True,True,100.4,3.012,223.0,241.0,284.0,317.0
Bahrain,2023,PIA,McLaren,7.0,101.167,31.716,44.471,24.98,SOFT,7.0,1.0,,,16.0,1,True,True,98.8,2.964,226.0,230.0,284.0,320.0
Bahrain,2023,PIA,McLaren,8.0,101.295,31.665,44.59,25.04,SOFT,8.0,1.0,,,16.0,1,True,True,97.2,2.916,225.0,230.0,283.0,318.0
Bahrain,2023,PIA,McLaren,9.0,101.534,31.989,44.548,24.997,SOFT,9.0,1.0,,,16.0,1,True,True,95.6,2.868,223.0,230.0,283.0,315.0
Bahrain,2023,PIA,McLaren,10.0,101.584,31.779,44.617,25.188,SOFT,10.0,1.0,,,16.0,1,True,True,94.0,2.82,225.0,245.0,288.0,309.0
Bahrain,2023,PIA,McLaren,11.0,101.352,31.894,44.557,24.901,SOFT,11.0,1.0,,,13.0,1,True,True,92.4,2.772,222.0,240.0,277.0,315.0
Bahrain,2023,PIA,McLaren,12.0,101.156,32.1,44.235,24.821,SOFT,12.0,1.0,,,11.0,1,True,True,90.8,2.724,224.0,243.0,276.0,300.0
Bahrain,2023,PIA,McLaren,13.0,122.071,34.839,53.536,33.696,SOFT,13.0,1.0,5096.987,,16.0,1,False,True,89.2,2.676,151.0,202.0,,299.0
