Race,Season,Driver,Team,LapNumber,LapTime_s,Compound,TyreLife,Stint,PitInTime_s,PitOutTime_s,Position,TrackStatus,FuelLoad_kg,FuelCorrection_s,IsAccurate,DegRate_s_lap,TotalLaps,LapsRemaining,SafetyCar,RedFlag,IsPitLap
Bahrain,2023,VER,Red Bull Racing,1.0,99.019,SOFT,4.0,1.0,,,1.0,12,108.4,3.252,False,0.0936,57.0,56.0,0,0,0
Bahrain,2023,VER,Red Bull Racing,2.0,97.974,SOFT,5.0,1.0,,,1.0,12,106.8,3.204,True,0.0936,57.0,55.0,0,0,0
Bahrain,2023,VER,Red Bull Racing,3.0,98.006,SOFT,6.0,1.0,,,1.0,1,105.2,3.156,True,0.0936,57.0,54.0,0,0,0
Bahrain,2023,VER,Red Bull Racing,4.0,97.976,SOFT,7.0,1.0,,,1.0,1,103.6,3.108,True,0.0936,57.0,53.0,0,0,0
Bahrain,2023,VER,Red Bull Racing,5.0,98.035,SOFT,8.0,1.0,,,1.0,1,102.0,3.06,True,0.0936,57.0,52.0,0,0,0
Bahrain,2023,VER,Red Bull Racing,6.0,97.986,SOFT,9.0,1.0,,,1.0,1,100.4,3.012,True,0.0936,57.0,51.0,0,0,0
Bahrain,2023,VER,Red Bull Racing,7.0,98.021,SOFT,10.0,1.0,,,1.0,1,98.8,2.964,True,0.0936,57.0,50.0,0,0,0
Bahrain,2023,VER,Red Bull Racing,8.0,98.154,SOFT,11.0,1.0,,,1.0,1,97.2,2.916,True,0.0936,57.0,49.0,0,0,0
Bahrain,2023,VER,Red Bull Racing,9.0,98.278,SOFT,12.0,1.0,,,1.0,1,95.6,2.868,True,0.0936,57.0,48.0,0,0,0
Bahrain,2023,VER,Red Bull Racing,10.0,98.369,SOFT,13.0,1.0,,,1.0,1,94.0,2.82,True,0.0936,57.0,47.0,0,0,0
Bahrain,2023,VER,Red Bull Racing,11.0,98.483,SOFT,14.0,1.0,,,1.0,1,92.4,2.772,True,0.0936,57.0,46.0,0,0,0
Bahrain,2023,VER,Red Bull Racing,12.0,98.591,SOFT,15.0,1.0,,,1.0,1,90.8,2.724,True,0.0936,57.0,45.0,0,0,0
Bahrain,2023,VER,Red Bull Racing,13.0,98.482,SOFT,16.0,1.0,,,1.0,1,89.2,2.676,True,0.0936,57.0,44.0,0,0,0
Bahrain,2023,VER,Red Bull Racing,14.0,101.295,SOFT,17.0,1.0,5133.83,,1.0,1,87.6,2.628,False,0.0936,57.0,43.0,0,0,1
Bahrain,2023,VER,Red Bull Racing,15.0,118.378,SOFT,1.0,2.0,,5158.127,2.0,1,86.0,2.58,False,-0.1362,57.0,42.0,0,0,0
Bahrain,2023,VER,Red Bull Racing,16.0,97.801,SOFT,2.0,2.0,,,2.0,1,84.4,2.532,True,-0.1362,57.0,41.0,0,0,0
Bahrain,2023,VER,Red Bull Racing,17.0,97.648,SOFT,3.0,2.0,,,2.0,1,82.8,2.484,True,-0.1362,57.0,40.0,0,0,0
Bahrain,2023,VER,Red Bull Racing,18.0,97.614,SOFT,4.0,2.0,,,1.0,1,81.2,2.436,True,-0.1362,57.0,39.0,0,0,0
Bahrain,2023,VER,Red Bull Racing,19.0,97.712,SOFT,5.0,2.0,,,1.0,1,79.6,2.388,True,-0.1362,57.0,38.0,0,0,0
Bahrain,2023,VER,Red Bull Racing,20.0,97.788,SOFT,6.0,2.0,,,1.0,1,78.0,2.34,True,-0.1362,57.0,37.0,0,0,0
Bahrain,2023,VER,Red Bull Racing,21.0,97.582,SOFT,7.0,2.0,,,1.0,1,76.4,2.292,True,-0.1362,57.0,36.0,0,0,0
Bahrain,2023,VER,Red Bull Racing,22.0,97.651,SOFT,8.0,2.0,,,1.0,1,74.8,2.244,True,-0.1362,57.0,35.0,0,0,0
Bahrain,2023,VER,Red Bull Racing,23.0,97.552,SOFT,9.0,2.0,,,1.0,1,73.2,2.196,True,-0.1362,57.0,34.0,0,0,0
Bahrain,2023,VER,Red Bull Racing,24.0,97.387,SOFT,10.0,2.0,,,1.0,1,71.6,2.148,True,-0.1362,57.0,33.0,0,0,0
Bahrain,2023,VER,Red Bull Racing,25.0,97.372,SOFT,11.0,2.0,,,1.0,1,70.0,2.1,True,-0.1362,57.0,32.0,0,0,0
Bahrain,2023,VER,Red Bull Racing,26.0,97.682,SOFT,12.0,2.0,,,1.0,1,68.4,2.052,True,-0.1362,57.0,31.0,0,0,0
Bahrain,2023,VER,Red Bull Racing,27.0,97.379,SOFT,13.0,2.0,,,1.0,1,66.8,2.004,True,-0.1362,57.0,30.0,0,0,0
Bahrain,2023,VER,Red Bull Racing,28.0,97.651,SOFT,14.0,2.0,,,1.0,1,65.2,1.956,True,-0.1362,57.0,29.0,0,0,0
Bahrain,2023,VER,Red Bull Racing,29.0,97.571,SOFT,15.0,2.0,,,1.0,1,63.6,1.908,True,-0.1362,57.0,28.0,0,0,0
Bahrain,2023,VER,Red Bull Racing,30.0,97.549,SOFT,16.0,2.0,,,1.0,1,62.0,1.86,True,-0.1362,57.0,27.0,0,0,0
Bahrain,2023,VER,Red Bull Racing,31.0,97.431,SOFT,17.0,2.0,,,1.0,1,60.4,1.812,True,-0.1362,57.0,26.0,0,0,0
Bahrain,2023,VER,Red Bull Racing,32.0,97.691,SOFT,18.0,2.0,,,1.0,1,58.8,1.764,True,-0.1362,57.0,25.0,0,0,0
Bahrain,2023,VER,Red Bull Racing,33.0,97.686,SOFT,19.0,2.0,,,1.0,1,57.2,1.716,True,-0.1362,57.0,24.0,0,0,0
Bahrain,2023,VER,Red Bull Racing,34.0,97.839,SOFT,20.0,2.0,,,1.0,1,55.6,1.668,True,-0.1362,57.0,23.0,0,0,0
Bahrain,2023,VER,Red Bull Racing,35.0,97.85,SOFT,21.0,2.0,,,1.0,1,54.0,1.62,True,-0.1362,57.0,22.0,0,0,0
Bahrain,2023,VER,Red Bull Racing,36.0,100.964,SOFT,22.0,2.0,7305.619,,1.0,1,52.4,1.572,False,-0.1362,57.0,21.0,0,0,1
Bahrain,2023,VER,Red Bull Racing,37.0,118.49,HARD,1.0,3.0,,7330.556,1.0,1,50.8,1.524,False,-0.5087,57.0,20.0,0,0,0
Bahrain,2023,VER,Red Bull Racing,38.0,96.297,HARD,2.0,3.0,,,1.0,1,49.2,1.476,True,-0.5087,57.0,19.0,0,0,0
Bahrain,2023,VER,Red Bull Racing,39.0,96.446,HARD,3.0,3.0,,,1.0,1,47.6,1.428,True,-0.5087,57.0,18.0,0,0,0
Bahrain,2023,VER,Red Bull Racing,40.0,96.942,HARD,4.0,3.0,,,1.0,1,46.0,1.38,True,-0.5087,57.0,17.0,0,0,0
Bahrain,2023,VER,Red Bull Racing,41.0,120.495,HARD,5.0,3.0,,,1.0,126,44.4,1.332,False,-0.5087,57.0,16.0,0,0,0
Bahrain,2023,VER,Red Bull Racing,42.0,104.824,HARD,6.0,3.0,,,1.0,671,42.8,1.284,False,-0.5087,57.0,15.0,0,0,0
Bahrain,2023,VER,Red Bull Racing,43.0,96.89,HARD,7.0,3.0,,,1.0,1,41.2,1.236,True,-0.5087,57.0,14.0,0,0,0
Bahrain,2023,VER,Red Bull Racing,44.0,96.236,HARD,8.0,3.0,,,1.0,1,39.6,1.188,True,-0.5087,57.0,13.0,0,0,0
Bahrain,2023,VER,Red Bull Racing,45.0,97.015,HARD,9.0,3.0,,,1.0,1,38.0,1.14,True,-0.5087,57.0,12.0,0,0,0
Bahrain,2023,VER,Red Bull Racing,46.0,96.701,HARD,10.0,3.0,,,1.0,1,36.4,1.092,True,-0.5087,57.0,11.0,0,0,0
Bahrain,2023,VER,Red Bull Racing,47.0,97.009,HARD,11.0,3.0,,,1.0,1,34.8,1.044,True,-0.5087,57.0,10.0,0,0,0
Bahrain,2023,VER,Red Bull Racing,48.0,96.918,HARD,12.0,3.0,,,1.0,1,33.2,0.996,True,-0.5087,57.0,9.0,0,0,0
Bahrain,2023,VER,Red Bull Racing,49.0,96.962,HARD,13.0,3.0,,,1.0,1,31.6,0.948,True,-0.5087,57.0,8.0,0,0,0
Bahrain,2023,VER,Red Bull Racing,50.0,97.25,HARD,14.0,3.0,,,1.0,1,30.0,0.9,True,-0.5087,57.0,7.0,0,0,0
Bahrain,2023,VER,Red Bull Racing,51.0,97.427,HARD,15.0,3.0,,,1.0,1,28.4,0.852,True,-0.5087,57.0,6.0,0,0,0
Bahrain,2023,VER,Red Bull Racing,52.0,96.919,HARD,16.0,3.0,,,1.0,1,26.8,0.804,True,-0.5087,57.0,5.0,0,0,0
Bahrain,2023,VER,Red Bull Racing,53.0,96.89,HARD,17.0,3.0,,,1.0,1,25.2,0.756,True,-0.5087,57.0,4.0,0,0,0
Bahrain,2023,VER,Red Bull Racing,54.0,96.678,HARD,18.0,3.0,,,1.0,1,23.6,0.708,True,-0.5087,57.0,3.0,0,0,0
Bahrain,2023,VER,Red Bull Racing,55.0,96.322,HARD,19.0,3.0,,,1.0,1,22.0,0.66,True,-0.5087,57.0,2.0,0,0,0
Bahrain,2023,VER,Red Bull Racing,56.0,97.205,HARD,20.0,3.0,,,1.0,1,20.4,0.612,True,-0.5087,57.0,1.0,0,0,0
Bahrain,2023,VER,Red Bull Racing,57.0,96.373,HARD,21.0,3.0,,,1.0,1,18.8,0.564,True,-0.5087,57.0,0.0,0,0,0
Bahrain,2023,GAS,Alpine,1.0,109.649,SOFT,1.0,1.0,,,19.0,12,108.4,3.252,False,-0.2201,57.0,56.0,0,0,0
Bahrain,2023,GAS,Alpine,2.0,100.438,SOFT,2.0,1.0,,,18.0,21,106.8,3.204,True,-0.2201,57.0,55.0,0,0,0
Bahrain,2023,GAS,Alpine,3.0,100.643,SOFT,3.0,1.0,,,18.0,1,105.2,3.156,True,-0.2201,57.0,54.0,0,0,0
Bahrain,2023,GAS,Alpine,4.0,100.894,SOFT,4.0,1.0,,,18.0,1,103.6,3.108,True,-0.2201,57.0,53.0,0,0,0
Bahrain,2023,GAS,Alpine,5.0,100.818,SOFT,5.0,1.0,,,18.0,1,102.0,3.06,True,-0.2201,57.0,52.0,0,0,0
Bahrain,2023,GAS,Alpine,6.0,101.11,SOFT,6.0,1.0,,,18.0,1,100.4,3.012,True,-0.2201,57.0,51.0,0,0,0
Bahrain,2023,GAS,Alpine,7.0,101.134,SOFT,7.0,1.0,,,18.0,1,98.8,2.964,True,-0.2201,57.0,50.0,0,0,0
Bahrain,2023,GAS,Alpine,8.0,101.173,SOFT,8.0,1.0,,,18.0,1,97.2,2.916,True,-0.2201,57.0,49.0,0,0,0
Bahrain,2023,GAS,Alpine,9.0,104.201,SOFT,9.0,1.0,4675.198,,19.0,1,95.6,2.868,False,-0.2201,57.0,48.0,0,0,1
Bahrain,2023,GAS,Alpine,10.0,121.262,HARD,1.0,2.0,,4701.104,20.0,1,94.0,2.82,False,-0.384,57.0,47.0,0,0,0
Bahrain,2023,GAS,Alpine,11.0,98.762,HARD,2.0,2.0,,,19.0,1,92.4,2.772,True,-0.384,57.0,46.0,0,0,0
Bahrain,2023,GAS,Alpine,12.0,98.928,HARD,3.0,2.0,,,17.0,1,90.8,2.724,True,-0.384,57.0,45.0,0,0,0
Bahrain,2023,GAS,Alpine,13.0,99.349,HARD,4.0,2.0,,,14.0,1,89.2,2.676,True,-0.384,57.0,44.0,0,0,0
Bahrain,2023,GAS,Alpine,14.0,98.859,HARD,5.0,2.0,,,14.0,1,87.6,2.628,True,-0.384,57.0,43.0,0,0,0
Bahrain,2023,GAS,Alpine,15.0,98.985,HARD,6.0,2.0,,,14.0,1,86.0,2.58,True,-0.384,57.0,42.0,0,0,0
Bahrain,2023,GAS,Alpine,16.0,98.945,HARD,7.0,2.0,,,12.0,1,84.4,2.532,True,-0.384,57.0,41.0,0,0,0
Bahrain,2023,GAS,Alpine,17.0,99.011,HARD,8.0,2.0,,,12.0,1,82.8,2.484,True,-0.384,57.0,40.0,0,0,0
Bahrain,2023,GAS,Alpine,18.0,99.029,HARD,9.0,2.0,,,12.0,1,81.2,2.436,True,-0.384,57.0,39.0,0,0,0
Bahrain,2023,GAS,Alpine,19.0,99.066,HARD,10.0,2.0,,,12.0,1,79.6,2.388,True,-0.384,57.0,38.0,0,0,0
Bahrain,2023,GAS,Alpine,20.0,99.017,HARD,11.0,2.0,,,12.0,1,78.0,2.34,True,-0.384,57.0,37.0,0,0,0
Bahrain,2023,GAS,Alpine,21.0,99.327,HARD,12.0,2.0,,,12.0,1,76.4,2.292,True,-0.384,57.0,36.0,0,0,0
Bahrain,2023,GAS,Alpine,22.0,99.485,HARD,13.0,2.0,,,12.0,1,74.8,2.244,True,-0.384,57.0,35.0,0,0,0
Bahrain,2023,GAS,Alpine,23.0,99.263,HARD,14.0,2.0,,,12.0,1,73.2,2.196,True,-0.384,57.0,34.0,0,0,0
Bahrain,2023,GAS,Alpine,24.0,99.761,HARD,15.0,2.0,,,12.0,1,71.6,2.148,True,-0.384,57.0,33.0,0,0,0
Bahrain,2023,GAS,Alpine,25.0,102.288,HARD,16.0,2.0,6286.559,,12.0,1,70.0,2.1,False,-0.384,57.0,32.0,0,0,1
Bahrain,2023,GAS,Alpine,26.0,119.404,HARD,1.0,3.0,,6311.481,17.0,1,68.4,2.052,False,0.1244,57.0,31.0,0,0,0
Bahrain,2023,GAS,Alpine,27.0,98.729,HARD,2.0,3.0,,,15.0,1,66.8,2.004,True,0.1244,57.0,30.0,0,0,0
Bahrain,2023,GAS,Alpine,28.0,97.761,HARD,3.0,3.0,,,14.0,1,65.2,1.956,True,0.1244,57.0,29.0,0,0,0
Bahrain,2023,GAS,Alpine,29.0,98.012,HARD,4.0,3.0,,,14.0,1,63.6,1.908,True,0.1244,57.0,28.0,0,0,0
Bahrain,2023,GAS,Alpine,30.0,97.76,HARD,5.0,3.0,,,13.0,1,62.0,1.86,True,0.1244,57.0,27.0,0,0,0
Bahrain,2023,GAS,Alpine,31.0,97.968,HARD,6.0,3.0,,,12.0,1,60.4,1.812,True,0.1244,57.0,26.0,0,0,0
Bahrain,2023,GAS,Alpine,32.0,98.012,HARD,7.0,3.0,,,12.0,1,58.8,1.764,True,0.1244,57.0,25.0,0,0,0
Bahrain,2023,GAS,Alpine,33.0,97.974,HARD,8.0,3.0,,,11.0,1,57.2,1.716,True,0.1244,57.0,24.0,0,0,0
Bahrain,2023,GAS,Alpine,34.0,98.022,HARD,9.0,3.0,,,11.0,1,55.6,1.668,True,0.1244,57.0,23.0,0,0,0
Bahrain,2023,GAS,Alpine,35.0,98.088,HARD,10.0,3.0,,,11.0,1,54.0,1.62,True,0.1244,57.0,22.0,0,0,0
Bahrain,2023,GAS,Alpine,36.0,98.184,HARD,11.0,3.0,,,11.0,1,52.4,1.572,True,0.1244,57.0,21.0,0,0,0
Bahrain,2023,GAS,Alpine,37.0,98.133,HARD,12.0,3.0,,,11.0,1,50.8,1.524,True,0.1244,57.0,20.0,0,0,0
Bahrain,2023,GAS,Alpine,38.0,98.108,HARD,13.0,3.0,,,11.0,1,49.2,1.476,True,0.1244,57.0,19.0,0,0,0
Bahrain,2023,GAS,Alpine,39.0,98.537,HARD,14.0,3.0,,,11.0,1,47.6,1.428,True,0.1244,57.0,18.0,0,0,0
Bahrain,2023,GAS,Alpine,40.0,109.707,HARD,15.0,3.0,7790.97,,10.0,126,46.0,1.38,False,0.1244,57.0,17.0,0,0,1
Bahrain,2023,GAS,Alpine,41.0,128.544,SOFT,1.0,4.0,,7815.719,10.0,671,44.4,1.332,False,-0.4901,57.0,16.0,0,0,0
Bahrain,2023,GAS,Alpine,42.0,95.068,SOFT,2.0,4.0,,,9.0,1,42.8,1.284,True,-0.4901,57.0,15.0,0,0,0
Bahrain,2023,GAS,Alpine,43.0,95.942,SOFT,3.0,4.0,,,9.0,1,41.2,1.236,True,-0.4901,57.0,14.0,0,0,0
Bahrain,2023,GAS,Alpine,44.0,95.792,SOFT,4.0,4.0,,,9.0,1,39.6,1.188,True,-0.4901,57.0,13.0,0,0,0
Bahrain,2023,GAS,Alpine,45.0,96.186,SOFT,5.0,4.0,,,9.0,1,38.0,1.14,True,-0.4901,57.0,12.0,0,0,0
Bahrain,2023,GAS,Alpine,46.0,96.041,SOFT,6.0,4.0,,,9.0,1,36.4,1.092,True,-0.4901,57.0,11.0,0,0,0
Bahrain,2023,GAS,Alpine,47.0,96.12,SOFT,7.0,4.0,,,9.0,1,34.8,1.044,True,-0.4901,57.0,10.0,0,0,0
Bahrain,2023,GAS,Alpine,48.0,96.368,SOFT,8.0,4.0,,,9.0,1,33.2,0.996,True,-0.4901,57.0,9.0,0,0,0
Bahrain,2023,GAS,Alpine,49.0,96.803,SOFT,9.0,4.0,,,9.0,1,31.6,0.948,True,-0.4901,57.0,8.0,0,0,0
Bahrain,2023,GAS,Alpine,50.0,96.551,SOFT,10.0,4.0,,,9.0,1,30.0,0.9,True,-0.4901,57.0,7.0,0,0,0
Bahrain,2023,GAS,Alpine,51.0,96.635,SOFT,11.0,4.0,,,9.0,1,28.4,0.852,True,-0.4901,57.0,6.0,0,0,0
Bahrain,2023,GAS,Alpine,52.0,96.891,SOFT,12.0,4.0,,,9.0,1,26.8,0.804,True,-0.4901,57.0,5.0,0,0,0
Bahrain,2023,GAS,Alpine,53.0,96.979,SOFT,13.0,4.0,,,9.0,1,25.2,0.756,True,-0.4901,57.0,4.0,0,0,0
Bahrain,2023,GAS,Alpine,54.0,97.222,SOFT,14.0,4.0,,,9.0,1,23.6,0.708,True,-0.4901,57.0,3.0,0,0,0
Bahrain,2023,GAS,Alpine,55.0,97.559,SOFT,15.0,4.0,,,9.0,1,22.0,0.66,True,-0.4901,57.0,2.0,0,0,0
Bahrain,2023,GAS,Alpine,56.0,97.845,SOFT,16.0,4.0,,,9.0,1,20.4,0.612,True,-0.4901,57.0,1.0,0,0,0
Bahrain,2023,GAS,Alpine,57.0,98.147,SOFT,17.0,4.0,,,9.0,1,18.8,0.564,True,-0.4901,57.0,0.0,0,0,0
Bahrain,2023,PER,Red Bull Racing,1.0,101.063,SOFT,4.0,1.0,,,3.0,12,108.4,3.252,False,0.071,57.0,56.0,0,0,0
Bahrain,2023,PER,Red Bull Racing,2.0,98.862,SOFT,5.0,1.0,,,3.0,21,106.8,3.204,True,0.071,57.0,55.0,0,0,0
Bahrain,2023,PER,Red Bull Racing,3.0,98.83,SOFT,6.0,1.0,,,3.0,1,105.2,3.156,True,0.071,57.0,54.0,0,0,0
Bahrain,2023,PER,Red Bull Racing,4.0,98.758,SOFT,7.0,1.0,,,3.0,1,103.6,3.108,True,0.071,57.0,53.0,0,0,0
Bahrain,2023,PER,Red Bull Racing,5.0,98.404,SOFT,8.0,1.0,,,3.0,1,102.0,3.06,True,0.071,57.0,52.0,0,0,0
Bahrain,2023,PER,Red Bull Racing,6.0,98.718,SOFT,9.0,1.0,,,3.0,1,100.4,3.012,True,0.071,57.0,51.0,0,0,0
Bahrain,2023,PER,Red Bull Racing,7.0,98.804,SOFT,10.0,1.0,,,3.0,1,98.8,2.964,True,0.071,57.0,50.0,0,0,0
Bahrain,2023,PER,Red Bull Racing,8.0,99.172,SOFT,11.0,1.0,,,3.0,1,97.2,2.916,True,0.071,57.0,49.0,0,0,0
Bahrain,2023,PER,Red Bull Racing,9.0,98.914,SOFT,12.0,1.0,,,3.0,1,95.6,2.868,True,0.071,57.0,48.0,0,0,0
Bahrain,2023,PER,Red Bull Racing,10.0,99.085,SOFT,13.0,1.0,,,3.0,1,94.0,2.82,True,0.071,57.0,47.0,0,0,0
Bahrain,2023,PER,Red Bull Racing,11.0,99.249,SOFT,14.0,1.0,,,3.0,1,92.4,2.772,True,0.071,57.0,46.0,0,0,0
Bahrain,2023,PER,Red Bull Racing,12.0,99.197,SOFT,15.0,1.0,,,3.0,1,90.8,2.724,True,0.071,57.0,45.0,0,0,0
Bahrain,2023,PER,Red Bull Racing,13.0,99.336,SOFT,16.0,1.0,,,2.0,1,89.2,2.676,True,0.071,57.0,44.0,0,0,0
Bahrain,2023,PER,Red Bull Racing,14.0,98.739,SOFT,17.0,1.0,,,2.0,1,87.6,2.628,True,0.071,57.0,43.0,0,0,0
Bahrain,2023,PER,Red Bull Racing,15.0,98.608,SOFT,18.0,1.0,,,1.0,1,86.0,2.58,True,0.071,57.0,42.0,0,0,0
Bahrain,2023,PER,Red Bull Racing,16.0,98.77,SOFT,19.0,1.0,,,1.0,1,84.4,2.532,True,0.071,57.0,41.0,0,0,0
Bahrain,2023,PER,Red Bull Racing,17.0,101.36,SOFT,20.0,1.0,5441.043,,1.0,1,82.8,2.484,False,0.071,57.0,40.0,0,0,1
Bahrain,2023,PER,Red Bull Racing,18.0,118.797,SOFT,3.0,2.0,,5465.324,3.0,1,81.2,2.436,False,-0.1747,57.0,39.0,0,0,0
Bahrain,2023,PER,Red Bull Racing,19.0,97.659,SOFT,4.0,2.0,,,3.0,1,79.6,2.388,True,-0.1747,57.0,38.0,0,0,0
Bahrain,2023,PER,Red Bull Racing,20.0,97.448,SOFT,5.0,2.0,,,3.0,1,78.0,2.34,True,-0.1747,57.0,37.0,0,0,0
Bahrain,2023,PER,Red Bull Racing,21.0,97.24,SOFT,6.0,2.0,,,3.0,1,76.4,2.292,True,-0.1747,57.0,36.0,0,0,0
Bahrain,2023,PER,Red Bull Racing,22.0,97.169,SOFT,7.0,2.0,,,3.0,1,74.8,2.244,True,-0.1747,57.0,35.0,0,0,0
Bahrain,2023,PER,Red Bull Racing,23.0,97.304,SOFT,8.0,2.0,,,3.0,1,73.2,2.196,True,-0.1747,57.0,34.0,0,0,0
Bahrain,2023,PER,Red Bull Racing,24.0,97.352,SOFT,9.0,2.0,,,3.0,1,71.6,2.148,True,-0.1747,57.0,33.0,0,0,0
Bahrain,2023,PER,Red Bull Racing,25.0,98.418,SOFT,10.0,2.0,,,3.0,1,70.0,2.1,True,-0.1747,57.0,32.0,0,0,0
Bahrain,2023,PER,Red Bull Racing,26.0,97.454,SOFT,11.0,2.0,,,2.0,1,68.4,2.052,True,-0.1747,57.0,31.0,0,0,0
Bahrain,2023,PER,Red Bull Racing,27.0,97.387,SOFT,12.0,2.0,,,2.0,1,66.8,2.004,True,-0.1747,57.0,30.0,0,0,0
Bahrain,2023,PER,Red Bull Racing,28.0,97.211,SOFT,13.0,2.0,,,2.0,1,65.2,1.956,True,-0.1747,57.0,29.0,0,0,0
Bahrain,2023,PER,Red Bull Racing,29.0,97.733,SOFT,14.0,2.0,,,2.0,1,63.6,1.908,True,-0.1747,57.0,28.0,0,0,0
Bahrain,2023,PER,Red Bull Racing,30.0,97.4,SOFT,15.0,2.0,,,2.0,1,62.0,1.86,True,-0.1747,57.0,27.0,0,0,0
Bahrain,2023,PER,Red Bull Racing,31.0,97.919,SOFT,16.0,2.0,,,2.0,1,60.4,1.812,True,-0.1747,57.0,26.0,0,0,0
Bahrain,2023,PER,Red Bull Racing,32.0,97.722,SOFT,17.0,2.0,,,2.0,1,58.8,1.764,True,-0.1747,57.0,25.0,0,0,0
Bahrain,2023,PER,Red Bull Racing,33.0,97.869,SOFT,18.0,2.0,,,2.0,1,57.2,1.716,True,-0.1747,57.0,24.0,0,0,0
Bahrain,2023,PER,Red Bull Racing,34.0,100.686,SOFT,19.0,2.0,7123.794,,2.0,1,55.6,1.668,False,-0.1747,57.0,23.0,0,0,1
Bahrain,2023,PER,Red Bull Racing,35.0,118.785,HARD,1.0,3.0,,7148.856,2.0,1,54.0,1.62,False,-0.362,57.0,22.0,0,0,0
Bahrain,2023,PER,Red Bull Racing,36.0,96.82,HARD,2.0,3.0,,,2.0,1,52.4,1.572,True,-0.362,57.0,21.0,0,0,0
Bahrain,2023,PER,Red Bull Racing,37.0,96.344,HARD,3.0,3.0,,,2.0,1,50.8,1.524,True,-0.362,57.0,20.0,0,0,0
Bahrain,2023,PER,Red Bull Racing,38.0,96.431,HARD,4.0,3.0,,,2.0,1,49.2,1.476,True,-0.362,57.0,19.0,0,0,0
Bahrain,2023,PER,Red Bull Racing,39.0,96.429,HARD,5.0,3.0,,,2.0,1,47.6,1.428,True,-0.362,57.0,18.0,0,0,0
Bahrain,2023,PER,Red Bull Racing,40.0,97.114,HARD,6.0,3.0,,,2.0,1,46.0,1.38,True,-0.362,57.0,17.0,0,0,0
Bahrain,2023,PER,Red Bull Racing,41.0,123.522,HARD,7.0,3.0,,,2.0,126,44.4,1.332,False,-0.362,57.0,16.0,0,0,0
Bahrain,2023,PER,Red Bull Racing,42.0,99.657,HARD,8.0,3.0,,,2.0,671,42.8,1.284,False,-0.362,57.0,15.0,0,0,0
Bahrain,2023,PER,Red Bull Racing,43.0,96.554,HARD,9.0,3.0,,,2.0,1,41.2,1.236,True,-0.362,57.0,14.0,0,0,0
Bahrain,2023,PER,Red Bull Racing,44.0,96.978,HARD,10.0,3.0,,,2.0,1,39.6,1.188,True,-0.362,57.0,13.0,0,0,0
Bahrain,2023,PER,Red Bull Racing,45.0,96.928,HARD,11.0,3.0,,,2.0,1,38.0,1.14,True,-0.362,57.0,12.0,0,0,0
Bahrain,2023,PER,Red Bull Racing,46.0,97.257,HARD,12.0,3.0,,,2.0,1,36.4,1.092,True,-0.362,57.0,11.0,0,0,0
Bahrain,2023,PER,Red Bull Racing,47.0,96.661,HARD,13.0,3.0,,,2.0,1,34.8,1.044,True,-0.362,57.0,10.0,0,0,0
Bahrain,2023,PER,Red Bull Racing,48.0,96.859,HARD,14.0,3.0,,,2.0,1,33.2,0.996,True,-0.362,57.0,9.0,0,0,0
Bahrain,2023,PER,Red Bull Racing,49.0,97.049,HARD,15.0,3.0,,,2.0,1,31.6,0.948,True,-0.362,57.0,8.0,0,0,0
Bahrain,2023,PER,Red Bull Racing,50.0,97.731,HARD,16.0,3.0,,,2.0,1,30.0,0.9,True,-0.362,57.0,7.0,0,0,0
Bahrain,2023,PER,Red Bull Racing,51.0,97.049,HARD,17.0,3.0,,,2.0,1,28.4,0.852,True,-0.362,57.0,6.0,0,0,0
Bahrain,2023,PER,Red Bull Racing,52.0,97.062,HARD,18.0,3.0,,,2.0,1,26.8,0.804,True,-0.362,57.0,5.0,0,0,0
Bahrain,2023,PER,Red Bull Racing,53.0,97.345,HARD,19.0,3.0,,,2.0,1,25.2,0.756,True,-0.362,57.0,4.0,0,0,0
Bahrain,2023,PER,Red Bull Racing,54.0,97.296,HARD,20.0,3.0,,,2.0,1,23.6,0.708,True,-0.362,57.0,3.0,0,0,0
Bahrain,2023,PER,Red Bull Racing,55.0,97.092,HARD,21.0,3.0,,,2.0,1,22.0,0.66,True,-0.362,57.0,2.0,0,0,0
Bahrain,2023,PER,Red Bull Racing,56.0,96.565,HARD,22.0,3.0,,,2.0,1,20.4,0.612,True,-0.362,57.0,1.0,0,0,0
Bahrain,2023,PER,Red Bull Racing,57.0,96.558,HARD,23.0,3.0,,,2.0,1,18.8,0.564,True,-0.362,57.0,0.0,0,0,0
Bahrain,2023,ALO,Aston Martin,1.0,103.608,SOFT,4.0,1.0,,,7.0,12,108.4,3.252,False,-0.1366,57.0,56.0,0,0,0
Bahrain,2023,ALO,Aston Martin,2.0,99.792,SOFT,5.0,1.0,,,7.0,21,106.8,3.204,True,-0.1366,57.0,55.0,0,0,0
Bahrain,2023,ALO,Aston Martin,3.0,99.1,SOFT,6.0,1.0,,,7.0,1,105.2,3.156,True,-0.1366,57.0,54.0,0,0,0
Bahrain,2023,ALO,Aston Martin,4.0,99.548,SOFT,7.0,1.0,,,7.0,1,103.6,3.108,True,-0.1366,57.0,53.0,0,0,0
Bahrain,2023,ALO,Aston Martin,5.0,99.662,SOFT,8.0,1.0,,,7.0,1,102.0,3.06,True,-0.1366,57.0,52.0,0,0,0
Bahrain,2023,ALO,Aston Martin,6.0,99.674,SOFT,9.0,1.0,,,7.0,1,100.4,3.012,True,-0.1366,57.0,51.0,0,0,0
Bahrain,2023,ALO,Aston Martin,7.0,99.729,SOFT,10.0,1.0,,,7.0,1,98.8,2.964,True,-0.1366,57.0,50.0,0,0,0
Bahrain,2023,ALO,Aston Martin,8.0,99.959,SOFT,11.0,1.0,,,7.0,1,97.2,2.916,True,-0.1366,57.0,49.0,0,0,0
Bahrain,2023,ALO,Aston Martin,9.0,100.275,SOFT,12.0,1.0,,,7.0,1,95.6,2.868,True,-0.1366,57.0,48.0,0,0,0
Bahrain,2023,ALO,Aston Martin,10.0,100.203,SOFT,13.0,1.0,,,7.0,1,94.0,2.82,True,-0.1366,57.0,47.0,0,0,0
Bahrain,2023,ALO,Aston Martin,11.0,101.147,SOFT,14.0,1.0,,,7.0,1,92.4,2.772,True,-0.1366,57.0,46.0,0,0,0
Bahrain,2023,ALO,Aston Martin,12.0,100.934,SOFT,15.0,1.0,,,6.0,1,90.8,2.724,True,-0.1366,57.0,45.0,0,0,0
Bahrain,2023,ALO,Aston Martin,13.0,100.341,SOFT,16.0,1.0,,,5.0,1,89.2,2.676,True,-0.1366,57.0,44.0,0,0,0
Bahrain,2023,ALO,Aston Martin,14.0,102.212,SOFT,17.0,1.0,5161.361,,4.0,1,87.6,2.628,False,-0.1366,57.0,43.0,0,0,1
Bahrain,2023,ALO,Aston Martin,15.0,119.692,HARD,1.0,2.0,,5187.142,8.0,1,86.0,2.58,False,-0.264,57.0,42.0,0,0,0
Bahrain,2023,ALO,Aston Martin,16.0,97.542,HARD,2.0,2.0,,,7.0,1,84.4,2.532,True,-0.264,57.0,41.0,0,0,0
Bahrain,2023,ALO,Aston Martin,17.0,98.139,HARD,3.0,2.0,,,6.0,1,82.8,2.484,True,-0.264,57.0,40.0,0,0,0
Bahrain,2023,ALO,Aston Martin,18.0,98.124,HARD,4.0,2.0,,,6.0,1,81.2,2.436,True,-0.264,57.0,39.0,0,0,0
Bahrain,2023,ALO,Aston Martin,19.0,98.361,HARD,5.0,2.0,,,6.0,1,79.6,2.388,True,-0.264,57.0,38.0,0,0,0
Bahrain,2023,ALO,Aston Martin,20.0,98.318,HARD,6.0,2.0,,,6.0,1,78.0,2.34,True,-0.264,57.0,37.0,0,0,0
Bahrain,2023,ALO,Aston Martin,21.0,98.407,HARD,7.0,2.0,,,6.0,1,76.4,2.292,True,-0.264,57.0,36.0,0,0,0
Bahrain,2023,ALO,Aston Martin,22.0,98.2,HARD,8.0,2.0,,,6.0,1,74.8,2.244,True,-0.264,57.0,35.0,0,0,0
Bahrain,2023,ALO,Aston Martin,23.0,97.853,HARD,9.0,2.0,,,6.0,1,73.2,2.196,True,-0.264,57.0,34.0,0,0,0
Bahrain,2023,ALO,Aston Martin,24.0,97.878,HARD,10.0,2.0,,,6.0,1,71.6,2.148,True,-0.264,57.0,33.0,0,0,0
Bahrain,2023,ALO,Aston Martin,25.0,98.139,HARD,11.0,2.0,,,6.0,1,70.0,2.1,True,-0.264,57.0,32.0,0,0,0
Bahrain,2023,ALO,Aston Martin,26.0,98.127,HARD,12.0,2.0,,,6.0,1,68.4,2.052,True,-0.264,57.0,31.0,0,0,0
Bahrain,2023,ALO,Aston Martin,27.0,98.612,HARD,13.0,2.0,,,6.0,1,66.8,2.004,True,-0.264,57.0,30.0,0,0,0
Bahrain,2023,ALO,Aston Martin,28.0,98.199,HARD,14.0,2.0,,,6.0,1,65.2,1.956,True,-0.264,57.0,29.0,0,0,0
Bahrain,2023,ALO,Aston Martin,29.0,98.585,HARD,15.0,2.0,,,6.0,1,63.6,1.908,True,-0.264,57.0,28.0,0,0,0
Bahrain,2023,ALO,Aston Martin,30.0,98.282,HARD,16.0,2.0,,,5.0,1,62.0,1.86,True,-0.264,57.0,27.0,0,0,0
Bahrain,2023,ALO,Aston Martin,31.0,98.009,HARD,17.0,2.0,,,5.0,1,60.4,1.812,True,-0.264,57.0,26.0,0,0,0
Bahrain,2023,ALO,Aston Martin,32.0,97.871,HARD,18.0,2.0,,,4.0,1,58.8,1.764,True,-0.264,57.0,25.0,0,0,0
Bahrain,2023,ALO,Aston Martin,33.0,97.769,HARD,19.0,2.0,,,4.0,1,57.2,1.716,True,-0.264,57.0,24.0,0,0,0
Bahrain,2023,ALO,Aston Martin,34.0,100.353,HARD,20.0,2.0,7147.809,,3.0,1,55.6,1.668,False,-0.264,57.0,23.0,0,0,1
Bahrain,2023,ALO,Aston Martin,35.0,117.389,HARD,1.0,3.0,,7172.653,6.0,1,54.0,1.62,False,-0.5358,57.0,22.0,0,0,0
Bahrain,2023,ALO,Aston Martin,36.0,96.156,HARD,2.0,3.0,,,6.0,1,52.4,1.572,True,-0.5358,57.0,21.0,0,0,0
Bahrain,2023,ALO,Aston Martin,37.0,97.431,HARD,3.0,3.0,,,6.0,1,50.8,1.524,True,-0.5358,57.0,20.0,0,0,0
Bahrain,2023,ALO,Aston Martin,38.0,97.002,HARD,4.0,3.0,,,5.0,1,49.2,1.476,True,-0.5358,57.0,19.0,0,0,0
Bahrain,2023,ALO,Aston Martin,39.0,97.243,HARD,5.0,3.0,,,5.0,1,47.6,1.428,True,-0.5358,57.0,18.0,0,0,0
Bahrain,2023,ALO,Aston Martin,40.0,97.208,HARD,6.0,3.0,,,4.0,12,46.0,1.38,True,-0.5358,57.0,17.0,0,0,0
Bahrain,2023,ALO,Aston Martin,41.0,126.713,HARD,7.0,3.0,,,4.0,2671,44.4,1.332,False,-0.5358,57.0,16.0,0,0,0
Bahrain,2023,ALO,Aston Martin,42.0,96.334,HARD,8.0,3.0,,,4.0,1,42.8,1.284,True,-0.5358,57.0,15.0,0,0,0
Bahrain,2023,ALO,Aston Martin,43.0,96.911,HARD,9.0,3.0,,,4.0,1,41.2,1.236,True,-0.5358,57.0,14.0,0,0,0
Bahrain,2023,ALO,Aston Martin,44.0,97.022,HARD,10.0,3.0,,,4.0,1,39.6,1.188,True,-0.5358,57.0,13.0,0,0,0
Bahrain,2023,ALO,Aston Martin,45.0,97.931,HARD,11.0,3.0,,,3.0,1,38.0,1.14,True,-0.5358,57.0,12.0,0,0,0
Bahrain,2023,ALO,Aston Martin,46.0,97.087,HARD,12.0,3.0,,,3.0,1,36.4,1.092,True,-0.5358,57.0,11.0,0,0,0
Bahrain,2023,ALO,Aston Martin,47.0,97.326,HARD,13.0,3.0,,,3.0,1,34.8,1.044,True,-0.5358,57.0,10.0,0,0,0
Bahrain,2023,ALO,Aston Martin,48.0,96.783,HARD,14.0,3.0,,,3.0,1,33.2,0.996,True,-0.5358,57.0,9.0,0,0,0
Bahrain,2023,ALO,Aston Martin,49.0,96.726,HARD,15.0,3.0,,,3.0,1,31.6,0.948,True,-0.5358,57.0,8.0,0,0,0
Bahrain,2023,ALO,Aston Martin,50.0,96.331,HARD,16.0,3.0,,,3.0,1,30.0,0.9,True,-0.5358,57.0,7.0,0,0,0
Bahrain,2023,ALO,Aston Martin,51.0,96.96,HARD,17.0,3.0,,,3.0,1,28.4,0.852,True,-0.5358,57.0,6.0,0,0,0
Bahrain,2023,ALO,Aston Martin,52.0,97.01,HARD,18.0,3.0,,,3.0,1,26.8,0.804,True,-0.5358,57.0,5.0,0,0,0
Bahrain,2023,ALO,Aston Martin,53.0,97.01,HARD,19.0,3.0,,,3.0,1,25.2,0.756,True,-0.5358,57.0,4.0,0,0,0
Bahrain,2023,ALO,Aston Martin,54.0,97.599,HARD,20.0,3.0,,,3.0,1,23.6,0.708,True,-0.5358,57.0,3.0,0,0,0
Bahrain,2023,ALO,Aston Martin,55.0,97.662,HARD,21.0,3.0,,,3.0,1,22.0,0.66,True,-0.5358,57.0,2.0,0,0,0
Bahrain,2023,ALO,Aston Martin,56.0,97.473,HARD,22.0,3.0,,,3.0,1,20.4,0.612,True,-0.5358,57.0,1.0,0,0,0
Bahrain,2023,ALO,Aston Martin,57.0,97.422,HARD,23.0,3.0,,,3.0,1,18.8,0.564,True,-0.5358,57.0,0.0,0,0,0
Bahrain,2023,LEC,Ferrari,1.0,100.23,SOFT,1.0,1.0,,,2.0,12,108.4,3.252,False,-0.0454,40.0,39.0,0,0,0
Bahrain,2023,LEC,Ferrari,2.0,98.75,SOFT,2.0,1.0,,,2.0,21,106.8,3.204,True,-0.0454,40.0,38.0,0,0,0
Bahrain,2023,LEC,Ferrari,3.0,98.658,SOFT,3.0,1.0,,,2.0,1,105.2,3.156,True,-0.0454,40.0,37.0,0,0,0
Bahrain,2023,LEC,Ferrari,4.0,98.825,SOFT,4.0,1.0,,,2.0,1,103.6,3.108,True,-0.0454,40.0,36.0,0,0,0
Bahrain,2023,LEC,Ferrari,5.0,98.664,SOFT,5.0,1.0,,,2.0,1,102.0,3.06,True,-0.0454,40.0,35.0,0,0,0
Bahrain,2023,LEC,Ferrari,6.0,98.572,SOFT,6.0,1.0,,,2.0,1,100.4,3.012,True,-0.0454,40.0,34.0,0,0,0
Bahrain,2023,LEC,Ferrari,7.0,98.691,SOFT,7.0,1.0,,,2.0,1,98.8,2.964,True,-0.0454,40.0,33.0,0,0,0
Bahrain,2023,LEC,Ferrari,8.0,98.614,SOFT,8.0,1.0,,,2.0,1,97.2,2.916,True,-0.0454,40.0,32.0,0,0,0
Bahrain,2023,LEC,Ferrari,9.0,98.828,SOFT,9.0,1.0,,,2.0,1,95.6,2.868,True,-0.0454,40.0,31.0,0,0,0
Bahrain,2023,LEC,Ferrari,10.0,99.073,SOFT,10.0,1.0,,,2.0,1,94.0,2.82,True,-0.0454,40.0,30.0,0,0,0
Bahrain,2023,LEC,Ferrari,11.0,99.212,SOFT,11.0,1.0,,,2.0,1,92.4,2.772,True,-0.0454,40.0,29.0,0,0,0
Bahrain,2023,LEC,Ferrari,12.0,99.489,SOFT,12.0,1.0,,,2.0,1,90.8,2.724,True,-0.0454,40.0,28.0,0,0,0
Bahrain,2023,LEC,Ferrari,13.0,102.068,SOFT,13.0,1.0,5044.832,,3.0,1,89.2,2.676,False,-0.0454,40.0,27.0,0,0,1
Bahrain,2023,LEC,Ferrari,14.0,118.77,HARD,1.0,2.0,,5069.253,5.0,1,87.6,2.628,False,0.0676,40.0,26.0,0,0,0
Bahrain,2023,LEC,Ferrari,15.0,98.477,HARD,2.0,2.0,,,3.0,1,86.0,2.58,True,0.0676,40.0,25.0,0,0,0
Bahrain,2023,LEC,Ferrari,16.0,97.953,HARD,3.0,2.0,,,3.0,1,84.4,2.532,True,0.0676,40.0,24.0,0,0,0
Bahrain,2023,LEC,Ferrari,17.0,98.031,HARD,4.0,2.0,,,3.0,1,82.8,2.484,True,0.0676,40.0,23.0,0,0,0
Bahrain,2023,LEC,Ferrari,18.0,97.798,HARD,5.0,2.0,,,2.0,1,81.2,2.436,True,0.0676,40.0,22.0,0,0,0
Bahrain,2023,LEC,Ferrari,19.0,97.858,HARD,6.0,2.0,,,2.0,1,79.6,2.388,True,0.0676,40.0,21.0,0,0,0
Bahrain,2023,LEC,Ferrari,20.0,97.631,HARD,7.0,2.0,,,2.0,1,78.0,2.34,True,0.0676,40.0,20.0,0,0,0
Bahrain,2023,LEC,Ferrari,21.0,97.753,HARD,8.0,2.0,,,2.0,1,76.4,2.292,True,0.0676,40.0,19.0,0,0,0
Bahrain,2023,LEC,Ferrari,22.0,98.162,HARD,9.0,2.0,,,2.0,1,74.8,2.244,True,0.0676,40.0,18.0,0,0,0
Bahrain,2023,LEC,Ferrari,23.0,98.054,HARD,10.0,2.0,,,2.0,1,73.2,2.196,True,0.0676,40.0,17.0,0,0,0
Bahrain,2023,LEC,Ferrari,24.0,97.972,HARD,11.0,2.0,,,2.0,1,71.6,2.148,True,0.0676,40.0,16.0,0,0,0
Bahrain,2023,LEC,Ferrari,25.0,98.541,HARD,12.0,2.0,,,2.0,1,70.0,2.1,True,0.0676,40.0,15.0,0,0,0
Bahrain,2023,LEC,Ferrari,26.0,99.668,HARD,13.0,2.0,,,3.0,1,68.4,2.052,True,0.0676,40.0,14.0,0,0,0
Bahrain,2023,LEC,Ferrari,27.0,98.814,HARD,14.0,2.0,,,3.0,1,66.8,2.004,True,0.0676,40.0,13.0,0,0,0
Bahrain,2023,LEC,Ferrari,28.0,98.618,HARD,15.0,2.0,,,3.0,1,65.2,1.956,True,0.0676,40.0,12.0,0,0,0
Bahrain,2023,LEC,Ferrari,29.0,98.447,HARD,16.0,2.0,,,3.0,1,63.6,1.908,True,0.0676,40.0,11.0,0,0,0
Bahrain,2023,LEC,Ferrari,30.0,98.39,HARD,17.0,2.0,,,3.0,1,62.0,1.86,True,0.0676,40.0,10.0,0,0,0
Bahrain,2023,LEC,Ferrari,31.0,98.746,HARD,18.0,2.0,,,3.0,1,60.4,1.812,True,0.0676,40.0,9.0,0,0,0
Bahrain,2023,LEC,Ferrari,32.0,98.948,HARD,19.0,2.0,,,3.0,1,58.8,1.764,True,0.0676,40.0,8.0,0,0,0
Bahrain,2023,LEC,Ferrari,33.0,101.323,HARD,20.0,2.0,7034.968,,3.0,1,57.2,1.716,False,0.0676,40.0,7.0,0,0,1
Bahrain,2023,LEC,Ferrari,34.0,119.477,HARD,1.0,3.0,,7059.468,4.0,1,55.6,1.668,False,-2.1118,40.0,6.0,0,0,0
Bahrain,2023,LEC,Ferrari,35.0,98.073,HARD,2.0,3.0,,,3.0,1,54.0,1.62,True,-2.1118,40.0,5.0,0,0,0
Bahrain,2023,LEC,Ferrari,36.0,97.313,HARD,3.0,3.0,,,3.0,1,52.4,1.572,True,-2.1118,40.0,4.0,0,0,0
Bahrain,2023,LEC,Ferrari,37.0,97.17,HARD,4.0,3.0,,,3.0,1,50.8,1.524,True,-2.1118,40.0,3.0,0,0,0
Bahrain,2023,LEC,Ferrari,38.0,97.17,HARD,5.0,3.0,,,3.0,1,49.2,1.476,True,-2.1118,40.0,2.0,0,0,0
Bahrain,2023,LEC,Ferrari,39.0,97.287,HARD,6.0,3.0,,,3.0,1,47.6,1.428,True,-2.1118,40.0,1.0,0,0,0
Bahrain,2023,LEC,Ferrari,40.0,,HARD,7.0,3.0,,,,126,46.0,1.38,False,-2.1118,40.0,0.0,0,0,0
Bahrain,2023,STR,Aston Martin,1.0,104.67,SOFT,4.0,1.0,,,9.0,12,108.4,3.252,False,-0.2568,57.0,56.0,0,0,0
Bahrain,2023,STR,Aston Martin,2.0,99.892,SOFT,5.0,1.0,,,9.0,21,106.8,3.204,True,-0.2568,57.0,55.0,0,0,0
Bahrain,2023,STR,Aston Martin,3.0,99.625,SOFT,6.0,1.0,,,9.0,1,105.2,3.156,True,-0.2568,57.0,54.0,0,0,0
Bahrain,2023,STR,Aston Martin,4.0,99.745,SOFT,7.0,1.0,,,9.0,1,103.6,3.108,True,-0.2568,57.0,53.0,0,0,0
Bahrain,2023,STR,Aston Martin,5.0,99.144,SOFT,8.0,1.0,,,8.0,1,102.0,3.06,True,-0.2568,57.0,52.0,0,0,0
Bahrain,2023,STR,Aston Martin,6.0,99.714,SOFT,9.0,1.0,,,8.0,1,100.4,3.012,True,-0.2568,57.0,51.0,0,0,0
Bahrain,2023,STR,Aston Martin,7.0,99.945,SOFT,10.0,1.0,,,8.0,1,98.8,2.964,True,-0.2568,57.0,50.0,0,0,0
Bahrain,2023,STR,Aston Martin,8.0,99.801,SOFT,11.0,1.0,,,8.0,1,97.2,2.916,True,-0.2568,57.0,49.0,0,0,0
Bahrain,2023,STR,Aston Martin,9.0,100.106,SOFT,12.0,1.0,,,8.0,1,95.6,2.868,True,-0.2568,57.0,48.0,0,0,0
Bahrain,2023,STR,Aston Martin,10.0,100.192,SOFT,13.0,1.0,,,8.0,1,94.0,2.82,True,-0.2568,57.0,47.0,0,0,0
Bahrain,2023,STR,Aston Martin,11.0,100.923,SOFT,14.0,1.0,,,8.0,1,92.4,2.772,True,-0.2568,57.0,46.0,0,0,0
Bahrain,2023,STR,Aston Martin,12.0,101.039,SOFT,15.0,1.0,,,8.0,1,90.8,2.724,True,-0.2568,57.0,45.0,0,0,0
Bahrain,2023,STR,Aston Martin,13.0,101.12,SOFT,16.0,1.0,,,6.0,1,89.2,2.676,True,-0.2568,57.0,44.0,0,0,0
Bahrain,2023,STR,Aston Martin,14.0,100.002,SOFT,17.0,1.0,,,3.0,1,87.6,2.628,True,-0.2568,57.0,43.0,0,0,0
Bahrain,2023,STR,Aston Martin,15.0,102.841,SOFT,18.0,1.0,5263.906,,4.0,1,86.0,2.58,False,-0.2568,57.0,42.0,0,0,1
Bahrain,2023,STR,Aston Martin,16.0,119.876,HARD,1.0,2.0,,5289.343,9.0,1,84.4,2.532,False,-0.1674,57.0,41.0,0,0,0
Bahrain,2023,STR,Aston Martin,17.0,97.507,HARD,2.0,2.0,,,9.0,1,82.8,2.484,True,-0.1674,57.0,40.0,0,0,0
Bahrain,2023,STR,Aston Martin,18.0,98.127,HARD,3.0,2.0,,,9.0,1,81.2,2.436,True,-0.1674,57.0,39.0,0,0,0
Bahrain,2023,STR,Aston Martin,19.0,98.587,HARD,4.0,2.0,,,9.0,1,79.6,2.388,True,-0.1674,57.0,38.0,0,0,0
Bahrain,2023,STR,Aston Martin,20.0,98.038,HARD,5.0,2.0,,,8.0,1,78.0,2.34,True,-0.1674,57.0,37.0,0,0,0
Bahrain,2023,STR,Aston Martin,21.0,98.273,HARD,6.0,2.0,,,8.0,1,76.4,2.292,True,-0.1674,57.0,36.0,0,0,0
Bahrain,2023,STR,Aston Martin,22.0,98.73,HARD,7.0,2.0,,,8.0,1,74.8,2.244,True,-0.1674,57.0,35.0,0,0,0
Bahrain,2023,STR,Aston Martin,23.0,98.295,HARD,8.0,2.0,,,8.0,1,73.2,2.196,True,-0.1674,57.0,34.0,0,0,0
Bahrain,2023,STR,Aston Martin,24.0,98.478,HARD,9.0,2.0,,,8.0,1,71.6,2.148,True,-0.1674,57.0,33.0,0,0,0
Bahrain,2023,STR,Aston Martin,25.0,98.25,HARD,10.0,2.0,,,8.0,1,70.0,2.1,True,-0.1674,57.0,32.0,0,0,0
Bahrain,2023,STR,Aston Martin,26.0,98.482,HARD,11.0,2.0,,,8.0,1,68.4,2.052,True,-0.1674,57.0,31.0,0,0,0
Bahrain,2023,STR,Aston Martin,27.0,99.021,HARD,12.0,2.0,,,8.0,1,66.8,2.004,True,-0.1674,57.0,30.0,0,0,0
Bahrain,2023,STR,Aston Martin,28.0,98.723,HARD,13.0,2.0,,,8.0,1,65.2,1.956,True,-0.1674,57.0,29.0,0,0,0
Bahrain,2023,STR,Aston Martin,29.0,98.71,HARD,14.0,2.0,,,8.0,1,63.6,1.908,True,-0.1674,57.0,28.0,0,0,0
Bahrain,2023,STR,Aston Martin,30.0,101.467,HARD,15.0,2.0,6764.504,,8.0,1,62.0,1.86,False,-0.1674,57.0,27.0,0,0,1
Bahrain,2023,STR,Aston Martin,31.0,117.063,HARD,1.0,3.0,,6789.128,8.0,1,60.4,1.812,False,-0.1835,57.0,26.0,0,0,0
Bahrain,2023,STR,Aston Martin,32.0,96.546,HARD,2.0,3.0,,,7.0,1,58.8,1.764,True,-0.1835,57.0,25.0,0,0,0
Bahrain,2023,STR,Aston Martin,33.0,97.21,HARD,3.0,3.0,,,7.0,1,57.2,1.716,True,-0.1835,57.0,24.0,0,0,0
Bahrain,2023,STR,Aston Martin,34.0,97.168,HARD,4.0,3.0,,,7.0,1,55.6,1.668,True,-0.1835,57.0,23.0,0,0,0
Bahrain,2023,STR,Aston Martin,35.0,97.521,HARD,5.0,3.0,,,7.0,1,54.0,1.62,True,-0.1835,57.0,22.0,0,0,0
Bahrain,2023,STR,Aston Martin,36.0,97.72,HARD,6.0,3.0,,,7.0,1,52.4,1.572,True,-0.1835,57.0,21.0,0,0,0
Bahrain,2023,STR,Aston Martin,37.0,97.68,HARD,7.0,3.0,,,7.0,1,50.8,1.524,True,-0.1835,57.0,20.0,0,0,0
Bahrain,2023,STR,Aston Martin,38.0,97.274,HARD,8.0,3.0,,,7.0,1,49.2,1.476,True,-0.1835,57.0,19.0,0,0,0
Bahrain,2023,STR,Aston Martin,39.0,97.456,HARD,9.0,3.0,,,7.0,1,47.6,1.428,True,-0.1835,57.0,18.0,0,0,0
Bahrain,2023,STR,Aston Martin,40.0,97.916,HARD,10.0,3.0,,,6.0,126,46.0,1.38,False,-0.1835,57.0,17.0,0,0,0
Bahrain,2023,STR,Aston Martin,41.0,126.809,HARD,11.0,3.0,,,6.0,671,44.4,1.332,False,-0.1835,57.0,16.0,0,0,0
Bahrain,2023,STR,Aston Martin,42.0,97.298,HARD,12.0,3.0,,,6.0,1,42.8,1.284,True,-0.1835,57.0,15.0,0,0,0
Bahrain,2023,STR,Aston Martin,43.0,97.304,HARD,13.0,3.0,,,6.0,1,41.2,1.236,True,-0.1835,57.0,14.0,0,0,0
Bahrain,2023,STR,Aston Martin,44.0,97.299,HARD,14.0,3.0,,,6.0,1,39.6,1.188,True,-0.1835,57.0,13.0,0,0,0
Bahrain,2023,STR,Aston Martin,45.0,97.222,HARD,15.0,3.0,,,6.0,1,38.0,1.14,True,-0.1835,57.0,12.0,0,0,0
Bahrain,2023,STR,Aston Martin,46.0,97.562,HARD,16.0,3.0,,,6.0,1,36.4,1.092,True,-0.1835,57.0,11.0,0,0,0
Bahrain,2023,STR,Aston Martin,47.0,97.257,HARD,17.0,3.0,,,6.0,1,34.8,1.044,True,-0.1835,57.0,10.0,0,0,0
Bahrain,2023,STR,Aston Martin,48.0,97.448,HARD,18.0,3.0,,,6.0,1,33.2,0.996,True,-0.1835,57.0,9.0,0,0,0
Bahrain,2023,STR,Aston Martin,49.0,97.551,HARD,19.0,3.0,,,6.0,1,31.6,0.948,True,-0.1835,57.0,8.0,0,0,0
Bahrain,2023,STR,Aston Martin,50.0,97.388,HARD,20.0,3.0,,,6.0,1,30.0,0.9,True,-0.1835,57.0,7.0,0,0,0
Bahrain,2023,STR,Aston Martin,51.0,97.866,HARD,21.0,3.0,,,6.0,1,28.4,0.852,True,-0.1835,57.0,6.0,0,0,0
Bahrain,2023,STR,Aston Martin,52.0,97.579,HARD,22.0,3.0,,,6.0,1,26.8,0.804,True,-0.1835,57.0,5.0,0,0,0
Bahrain,2023,STR,Aston Martin,53.0,98.379,HARD,23.0,3.0,,,6.0,1,25.2,0.756,True,-0.1835,57.0,4.0,0,0,0
Bahrain,2023,STR,Aston Martin,54.0,97.597,HARD,24.0,3.0,,,6.0,1,23.6,0.708,True,-0.1835,57.0,3.0,0,0,0
Bahrain,2023,STR,Aston Martin,55.0,97.701,HARD,25.0,3.0,,,6.0,1,22.0,0.66,True,-0.1835,57.0,2.0,0,0,0
Bahrain,2023,STR,Aston Martin,56.0,98.11,HARD,26.0,3.0,,,6.0,1,20.4,0.612,True,-0.1835,57.0,1.0,0,0,0
Bahrain,2023,STR,Aston Martin,57.0,97.991,HARD,27.0,3.0,,,6.0,1,18.8,0.564,True,-0.1835,57.0,0.0,0,0,0
Bahrain,2023,SAR,Williams,1.0,106.855,SOFT,1.0,1.0,,,13.0,12,108.4,3.252,False,-0.3322,56.0,55.0,0,0,0
Bahrain,2023,SAR,Williams,2.0,100.467,SOFT,2.0,1.0,,,13.0,21,106.8,3.204,True,-0.3322,56.0,54.0,0,0,0
Bahrain,2023,SAR,Williams,3.0,100.349,SOFT,3.0,1.0,,,13.0,1,105.2,3.156,True,-0.3322,56.0,53.0,0,0,0
Bahrain,2023,SAR,Williams,4.0,100.644,SOFT,4.0,1.0,,,13.0,1,103.6,3.108,True,-0.3322,56.0,52.0,0,0,0
Bahrain,2023,SAR,Williams,5.0,100.902,SOFT,5.0,1.0,,,13.0,1,102.0,3.06,True,-0.3322,56.0,51.0,0,0,0
Bahrain,2023,SAR,Williams,6.0,100.791,SOFT,6.0,1.0,,,13.0,1,100.4,3.012,True,-0.3322,56.0,50.0,0,0,0
Bahrain,2023,SAR,Williams,7.0,100.892,SOFT,7.0,1.0,,,13.0,1,98.8,2.964,True,-0.3322,56.0,49.0,0,0,0
Bahrain,2023,SAR,Williams,8.0,100.868,SOFT,8.0,1.0,,,13.0,1,97.2,2.916,True,-0.3322,56.0,48.0,0,0,0
Bahrain,2023,SAR,Williams,9.0,100.908,SOFT,9.0,1.0,,,13.0,1,95.6,2.868,True,-0.3322,56.0,47.0,0,0,0
Bahrain,2023,SAR,Williams,10.0,101.133,SOFT,10.0,1.0,,,12.0,1,94.0,2.82,True,-0.3322,56.0,46.0,0,0,0
Bahrain,2023,SAR,Williams,11.0,101.532,SOFT,11.0,1.0,,,11.0,1,92.4,2.772,True,-0.3322,56.0,45.0,0,0,0
Bahrain,2023,SAR,Williams,12.0,103.88,SOFT,12.0,1.0,4974.364,,10.0,1,90.8,2.724,False,-0.3322,56.0,44.0,0,0,1
Bahrain,2023,SAR,Williams,13.0,120.255,SOFT,1.0,2.0,,4999.958,15.0,1,89.2,2.676,False,-0.2918,56.0,43.0,0,0,0
Bahrain,2023,SAR,Williams,14.0,98.413,SOFT,2.0,2.0,,,15.0,1,87.6,2.628,True,-0.2918,56.0,42.0,0,0,0
Bahrain,2023,SAR,Williams,15.0,99.033,SOFT,3.0,2.0,,,15.0,1,86.0,2.58,True,-0.2918,56.0,41.0,0,0,0
Bahrain,2023,SAR,Williams,16.0,98.988,SOFT,4.0,2.0,,,13.0,1,84.4,2.532,True,-0.2918,56.0,40.0,0,0,0
Bahrain,2023,SAR,Williams,17.0,99.439,SOFT,5.0,2.0,,,13.0,1,82.8,2.484,True,-0.2918,56.0,39.0,0,0,0
Bahrain,2023,SAR,Williams,18.0,99.399,SOFT,6.0,2.0,,,13.0,1,81.2,2.436,True,-0.2918,56.0,38.0,0,0,0
Bahrain,2023,SAR,Williams,19.0,99.22,SOFT,7.0,2.0,,,13.0,1,79.6,2.388,True,-0.2918,56.0,37.0,0,0,0
Bahrain,2023,SAR,Williams,20.0,99.186,SOFT,8.0,2.0,,,13.0,1,78.0,2.34,True,-0.2918,56.0,36.0,0,0,0
Bahrain,2023,SAR,Williams,21.0,99.612,SOFT,9.0,2.0,,,13.0,1,76.4,2.292,True,-0.2918,56.0,35.0,0,0,0
Bahrain,2023,SAR,Williams,22.0,99.362,SOFT,10.0,2.0,,,13.0,1,74.8,2.244,True,-0.2918,56.0,34.0,0,0,0
Bahrain,2023,SAR,Williams,23.0,99.692,SOFT,11.0,2.0,,,13.0,1,73.2,2.196,True,-0.2918,56.0,33.0,0,0,0
Bahrain,2023,SAR,Williams,24.0,99.872,SOFT,12.0,2.0,,,13.0,1,71.6,2.148,True,-0.2918,56.0,32.0,0,0,0
Bahrain,2023,SAR,Williams,25.0,99.834,SOFT,13.0,2.0,,,13.0,1,70.0,2.1,True,-0.2918,56.0,31.0,0,0,0
Bahrain,2023,SAR,Williams,26.0,100.006,SOFT,14.0,2.0,,,12.0,1,68.4,2.052,True,-0.2918,56.0,30.0,0,0,0
Bahrain,2023,SAR,Williams,27.0,99.602,SOFT,15.0,2.0,,,10.0,1,66.8,2.004,True,-0.2918,56.0,29.0,0,0,0
Bahrain,2023,SAR,Williams,28.0,99.62,SOFT,16.0,2.0,,,10.0,1,65.2,1.956,True,-0.2918,56.0,28.0,0,0,0
Bahrain,2023,SAR,Williams,29.0,99.673,SOFT,17.0,2.0,,,10.0,1,63.6,1.908,True,-0.2918,56.0,27.0,0,0,0
Bahrain,2023,SAR,Williams,30.0,102.409,SOFT,18.0,2.0,6787.988,,10.0,1,62.0,1.86,False,-0.2918,56.0,26.0,0,0,1
Bahrain,2023,SAR,Williams,31.0,119.303,HARD,1.0,3.0,,6813.675,14.0,1,60.4,1.812,False,0.0003,56.0,25.0,0,0,0
Bahrain,2023,SAR,Williams,32.0,97.613,HARD,2.0,3.0,,,14.0,1,58.8,1.764,True,0.0003,56.0,24.0,0,0,0
Bahrain,2023,SAR,Williams,33.0,97.862,HARD,3.0,3.0,,,13.0,1,57.2,1.716,True,0.0003,56.0,23.0,0,0,0
Bahrain,2023,SAR,Williams,34.0,97.902,HARD,4.0,3.0,,,13.0,1,55.6,1.668,True,0.0003,56.0,22.0,0,0,0
Bahrain,2023,SAR,Williams,35.0,98.029,HARD,5.0,3.0,,,13.0,1,54.0,1.62,True,0.0003,56.0,21.0,0,0,0
Bahrain,2023,SAR,Williams,36.0,97.717,HARD,6.0,3.0,,,13.0,1,52.4,1.572,True,0.0003,56.0,20.0,0,0,0
Bahrain,2023,SAR,Williams,37.0,97.831,HARD,7.0,3.0,,,13.0,1,50.8,1.524,True,0.0003,56.0,19.0,0,0,0
Bahrain,2023,SAR,Williams,38.0,98.015,HARD,8.0,3.0,,,13.0,1,49.2,1.476,True,0.0003,56.0,18.0,0,0,0
Bahrain,2023,SAR,Williams,39.0,97.971,HARD,9.0,3.0,,,13.0,1,47.6,1.428,True,0.0003,56.0,17.0,0,0,0
Bahrain,2023,SAR,Williams,40.0,113.753,HARD,10.0,3.0,7803.987,,12.0,126,46.0,1.38,False,0.0003,56.0,16.0,0,0,1
Bahrain,2023,SAR,Williams,41.0,125.614,SOFT,1.0,4.0,,7829.016,14.0,671,44.4,1.332,False,-0.5146,56.0,15.0,0,0,0
Bahrain,2023,SAR,Williams,42.0,96.037,SOFT,2.0,4.0,,,14.0,1,42.8,1.284,True,-0.5146,56.0,14.0,0,0,0
Bahrain,2023,SAR,Williams,43.0,96.801,SOFT,3.0,4.0,,,14.0,1,41.2,1.236,True,-0.5146,56.0,13.0,0,0,0
Bahrain,2023,SAR,Williams,44.0,97.407,SOFT,4.0,4.0,,,13.0,1,39.6,1.188,True,-0.5146,56.0,12.0,0,0,0
Bahrain,2023,SAR,Williams,45.0,97.462,SOFT,5.0,4.0,,,13.0,1,38.0,1.14,True,-0.5146,56.0,11.0,0,0,0
Bahrain,2023,SAR,Williams,46.0,98.441,SOFT,6.0,4.0,,,13.0,1,36.4,1.092,True,-0.5146,56.0,10.0,0,0,0
Bahrain,2023,SAR,Williams,47.0,97.227,SOFT,7.0,4.0,,,12.0,1,34.8,1.044,True,-0.5146,56.0,9.0,0,0,0
Bahrain,2023,SAR,Williams,48.0,97.068,SOFT,8.0,4.0,,,12.0,1,33.2,0.996,True,-0.5146,56.0,8.0,0,0,0
Bahrain,2023,SAR,Williams,49.0,97.225,SOFT,9.0,4.0,,,12.0,1,31.6,0.948,True,-0.5146,56.0,7.0,0,0,0
Bahrain,2023,SAR,Williams,50.0,97.29,SOFT,10.0,4.0,,,12.0,1,30.0,0.9,True,-0.5146,56.0,6.0,0,0,0
Bahrain,2023,SAR,Williams,51.0,97.472,SOFT,11.0,4.0,,,12.0,1,28.4,0.852,True,-0.5146,56.0,5.0,0,0,0
Bahrain,2023,SAR,Williams,52.0,97.456,SOFT,12.0,4.0,,,12.0,1,26.8,0.804,True,-0.5146,56.0,4.0,0,0,0
Bahrain,2023,SAR,Williams,53.0,97.662,SOFT,13.0,4.0,,,12.0,1,25.2,0.756,True,-0.5146,56.0,3.0,0,0,0
Bahrain,2023,SAR,Williams,54.0,97.936,SOFT,14.0,4.0,,,12.0,1,23.6,0.708,True,-0.5146,56.0,2.0,0,0,0
Bahrain,2023,SAR,Williams,55.0,98.316,SOFT,15.0,4.0,,,12.0,1,22.0,0.66,True,-0.5146,56.0,1.0,0,0,0
Bahrain,2023,SAR,Williams,56.0,99.626,SOFT,16.0,4.0,,,12.0,1,20.4,0.612,True,-0.5146,56.0,0.0,0,0,0
Bahrain,2023,MAG,Haas F1 Team,1.0,109.33,HARD,1.0,1.0,,,18.0,12,108.4,3.252,False,-0.3437,56.0,55.0,0,0,0
Bahrain,2023,MAG,Haas F1 Team,2.0,101.521,HARD,2.0,1.0,,,19.0,21,106.8,3.204,True,-0.3437,56.0,54.0,0,0,0
Bahrain,2023,MAG,Haas F1 Team,3.0,101.978,HARD,3.0,1.0,,,20.0,1,105.2,3.156,True,-0.3437,56.0,53.0,0,0,0
Bahrain,2023,MAG,Haas F1 Team,4.0,100.773,HARD,4.0,1.0,,,20.0,1,103.6,3.108,True,-0.3437,56.0,52.0,0,0,0
Bahrain,2023,MAG,Haas F1 Team,5.0,101.34,HARD,5.0,1.0,,,20.0,1,102.0,3.06,True,-0.3437,56.0,51.0,0,0,0
Bahrain,2023,MAG,Haas F1 Team,6.0,101.125,HARD,6.0,1.0,,,20.0,1,100.4,3.012,True,-0.3437,56.0,50.0,0,0,0
Bahrain,2023,MAG,Haas F1 Team,7.0,101.526,HARD,7.0,1.0,,,20.0,1,98.8,2.964,True,-0.3437,56.0,49.0,0,0,0
Bahrain,2023,MAG,Haas F1 Team,8.0,101.283,HARD,8.0,1.0,,,20.0,1,97.2,2.916,True,-0.3437,56.0,48.0,0,0,0
Bahrain,2023,MAG,Haas F1 Team,9.0,101.278,HARD,9.0,1.0,,,20.0,1,95.6,2.868,True,-0.3437,56.0,47.0,0,0,0
Bahrain,2023,MAG,Haas F1 Team,10.0,101.719,HARD,10.0,1.0,,,19.0,1,94.0,2.82,True,-0.3437,56.0,46.0,0,0,0
Bahrain,2023,MAG,Haas F1 Team,11.0,102.049,HARD,11.0,1.0,,,15.0,1,92.4,2.772,True,-0.3437,56.0,45.0,0,0,0
Bahrain,2023,MAG,Haas F1 Team,12.0,101.345,HARD,12.0,1.0,,,13.0,1,90.8,2.724,True,-0.3437,56.0,44.0,0,0,0
Bahrain,2023,MAG,Haas F1 Team,13.0,101.654,HARD,13.0,1.0,,,9.0,1,89.2,2.676,True,-0.3437,56.0,43.0,0,0,0
Bahrain,2023,MAG,Haas F1 Team,14.0,101.739,HARD,14.0,1.0,,,9.0,1,87.6,2.628,True,-0.3437,56.0,42.0,0,0,0
Bahrain,2023,MAG,Haas F1 Team,15.0,104.899,HARD,15.0,1.0,5288.734,,11.0,1,86.0,2.58,False,-0.3437,56.0,41.0,0,0,1
Bahrain,2023,MAG,Haas F1 Team,16.0,120.587,HARD,1.0,2.0,,5314.186,18.0,1,84.4,2.532,False,0.1054,56.0,40.0,0,0,0
Bahrain,2023,MAG,Haas F1 Team,17.0,98.319,HARD,2.0,2.0,,,18.0,1,82.8,2.484,True,0.1054,56.0,39.0,0,0,0
Bahrain,2023,MAG,Haas F1 Team,18.0,98.274,HARD,3.0,2.0,,,17.0,1,81.2,2.436,True,0.1054,56.0,38.0,0,0,0
Bahrain,2023,MAG,Haas F1 Team,19.0,98.803,HARD,4.0,2.0,,,17.0,1,79.6,2.388,True,0.1054,56.0,37.0,0,0,0
Bahrain,2023,MAG,Haas F1 Team,20.0,99.083,HARD,5.0,2.0,,,17.0,1,78.0,2.34,True,0.1054,56.0,36.0,0,0,0
Bahrain,2023,MAG,Haas F1 Team,21.0,99.086,HARD,6.0,2.0,,,17.0,1,76.4,2.292,True,0.1054,56.0,35.0,0,0,0
Bahrain,2023,MAG,Haas F1 Team,22.0,98.913,HARD,7.0,2.0,,,17.0,1,74.8,2.244,True,0.1054,56.0,34.0,0,0,0
Bahrain,2023,MAG,Haas F1 Team,23.0,99.027,HARD,8.0,2.0,,,17.0,1,73.2,2.196,True,0.1054,56.0,33.0,0,0,0
Bahrain,2023,MAG,Haas F1 Team,24.0,98.947,HARD,9.0,2.0,,,17.0,1,71.6,2.148,True,0.1054,56.0,32.0,0,0,0
Bahrain,2023,MAG,Haas F1 Team,25.0,99.476,HARD,10.0,2.0,,,17.0,1,70.0,2.1,True,0.1054,56.0,31.0,0,0,0
Bahrain,2023,MAG,Haas F1 Team,26.0,99.601,HARD,11.0,2.0,,,15.0,1,68.4,2.052,True,0.1054,56.0,30.0,0,0,0
Bahrain,2023,MAG,Haas F1 Team,27.0,99.298,HARD,12.0,2.0,,,13.0,1,66.8,2.004,True,0.1054,56.0,29.0,0,0,0
Bahrain,2023,MAG,Haas F1 Team,28.0,99.316,HARD,13.0,2.0,,,12.0,1,65.2,1.956,True,0.1054,56.0,28.0,0,0,0
Bahrain,2023,MAG,Haas F1 Team,29.0,101.979,HARD,14.0,2.0,6699.396,,13.0,1,63.6,1.908,False,0.1054,56.0,27.0,0,0,1
Bahrain,2023,MAG,Haas F1 Team,30.0,120.933,SOFT,1.0,3.0,,6724.754,17.0,1,62.0,1.86,False,-0.0597,56.0,26.0,0,0,0
Bahrain,2023,MAG,Haas F1 Team,31.0,98.593,SOFT,2.0,3.0,,,17.0,1,60.4,1.812,True,-0.0597,56.0,25.0,0,0,0
Bahrain,2023,MAG,Haas F1 Team,32.0,97.644,SOFT,3.0,3.0,,,16.0,1,58.8,1.764,True,-0.0597,56.0,24.0,0,0,0
Bahrain,2023,MAG,Haas F1 Team,33.0,97.097,SOFT,4.0,3.0,,,16.0,1,57.2,1.716,True,-0.0597,56.0,23.0,0,0,0
Bahrain,2023,MAG,Haas F1 Team,34.0,97.528,SOFT,5.0,3.0,,,16.0,1,55.6,1.668,True,-0.0597,56.0,22.0,0,0,0
Bahrain,2023,MAG,Haas F1 Team,35.0,97.46,SOFT,6.0,3.0,,,16.0,1,54.0,1.62,True,-0.0597,56.0,21.0,0,0,0
Bahrain,2023,MAG,Haas F1 Team,36.0,97.754,SOFT,7.0,3.0,,,16.0,1,52.4,1.572,True,-0.0597,56.0,20.0,0,0,0
Bahrain,2023,MAG,Haas F1 Team,37.0,97.998,SOFT,8.0,3.0,,,16.0,1,50.8,1.524,True,-0.0597,56.0,19.0,0,0,0
Bahrain,2023,MAG,Haas F1 Team,38.0,98.303,SOFT,9.0,3.0,,,16.0,1,49.2,1.476,True,-0.0597,56.0,18.0,0,0,0
Bahrain,2023,MAG,Haas F1 Team,39.0,98.587,SOFT,10.0,3.0,,,16.0,1,47.6,1.428,True,-0.0597,56.0,17.0,0,0,0
Bahrain,2023,MAG,Haas F1 Team,40.0,117.797,SOFT,11.0,3.0,7819.125,,15.0,126,46.0,1.38,False,-0.0597,56.0,16.0,0,0,1
Bahrain,2023,MAG,Haas F1 Team,41.0,122.547,SOFT,1.0,4.0,,7844.25,15.0,671,44.4,1.332,False,-0.4083,56.0,15.0,0,0,0
Bahrain,2023,MAG,Haas F1 Team,42.0,96.471,SOFT,2.0,4.0,,,15.0,1,42.8,1.284,True,-0.4083,56.0,14.0,0,0,0
Bahrain,2023,MAG,Haas F1 Team,43.0,96.942,SOFT,3.0,4.0,,,15.0,1,41.2,1.236,True,-0.4083,56.0,13.0,0,0,0
Bahrain,2023,MAG,Haas F1 Team,44.0,96.588,SOFT,4.0,4.0,,,15.0,1,39.6,1.188,True,-0.4083,56.0,12.0,0,0,0
Bahrain,2023,MAG,Haas F1 Team,45.0,97.126,SOFT,5.0,4.0,,,15.0,1,38.0,1.14,True,-0.4083,56.0,11.0,0,0,0
Bahrain,2023,MAG,Haas F1 Team,46.0,97.589,SOFT,6.0,4.0,,,15.0,1,36.4,1.092,True,-0.4083,56.0,10.0,0,0,0
Bahrain,2023,MAG,Haas F1 Team,47.0,97.629,SOFT,7.0,4.0,,,15.0,1,34.8,1.044,True,-0.4083,56.0,9.0,0,0,0
Bahrain,2023,MAG,Haas F1 Team,48.0,97.607,SOFT,8.0,4.0,,,15.0,1,33.2,0.996,True,-0.4083,56.0,8.0,0,0,0
Bahrain,2023,MAG,Haas F1 Team,49.0,97.739,SOFT,9.0,4.0,,,15.0,1,31.6,0.948,True,-0.4083,56.0,7.0,0,0,0
Bahrain,2023,MAG,Haas F1 Team,50.0,98.315,SOFT,10.0,4.0,,,15.0,1,30.0,0.9,True,-0.4083,56.0,6.0,0,0,0
Bahrain,2023,MAG,Haas F1 Team,51.0,98.157,SOFT,11.0,4.0,,,14.0,1,28.4,0.852,True,-0.4083,56.0,5.0,0,0,0
Bahrain,2023,MAG,Haas F1 Team,52.0,97.963,SOFT,12.0,4.0,,,14.0,1,26.8,0.804,True,-0.4083,56.0,4.0,0,0,0
Bahrain,2023,MAG,Haas F1 Team,53.0,97.982,SOFT,13.0,4.0,,,14.0,1,25.2,0.756,True,-0.4083,56.0,3.0,0,0,0
Bahrain,2023,MAG,Haas F1 Team,54.0,99.651,SOFT,14.0,4.0,,,14.0,1,23.6,0.708,True,-0.4083,56.0,2.0,0,0,0
Bahrain,2023,MAG,Haas F1 Team,55.0,98.446,SOFT,15.0,4.0,,,13.0,1,22.0,0.66,True,-0.4083,56.0,1.0,0,0,0
Bahrain,2023,MAG,Haas F1 Team,56.0,98.779,SOFT,16.0,4.0,,,13.0,1,20.4,0.612,True,-0.4083,56.0,0.0,0,0,0
Bahrain,2023,DEV,AlphaTauri,1.0,109.959,SOFT,1.0,1.0,,,20.0,12,108.4,3.252,False,-0.5543,56.0,55.0,0,0,0
Bahrain,2023,DEV,AlphaTauri,2.0,101.289,SOFT,2.0,1.0,,,20.0,21,106.8,3.204,True,-0.5543,56.0,54.0,0,0,0
Bahrain,2023,DEV,AlphaTauri,3.0,100.914,SOFT,3.0,1.0,,,19.0,1,105.2,3.156,True,-0.5543,56.0,53.0,0,0,0
Bahrain,2023,DEV,AlphaTauri,4.0,100.373,SOFT,4.0,1.0,,,19.0,1,103.6,3.108,True,-0.5543,56.0,52.0,0,0,0
Bahrain,2023,DEV,AlphaTauri,5.0,100.63,SOFT,5.0,1.0,,,19.0,1,102.0,3.06,True,-0.5543,56.0,51.0,0,0,0
Bahrain,2023,DEV,AlphaTauri,6.0,101.125,SOFT,6.0,1.0,,,19.0,1,100.4,3.012,True,-0.5543,56.0,50.0,0,0,0
Bahrain,2023,DEV,AlphaTauri,7.0,101.166,SOFT,7.0,1.0,,,19.0,1,98.8,2.964,True,-0.5543,56.0,49.0,0,0,0
Bahrain,2023,DEV,AlphaTauri,8.0,101.23,SOFT,8.0,1.0,,,19.0,1,97.2,2.916,True,-0.5543,56.0,48.0,0,0,0
Bahrain,2023,DEV,AlphaTauri,9.0,101.573,SOFT,9.0,1.0,,,18.0,1,95.6,2.868,True,-0.5543,56.0,47.0,0,0,0
Bahrain,2023,DEV,AlphaTauri,10.0,101.666,SOFT,10.0,1.0,,,18.0,1,94.0,2.82,True,-0.5543,56.0,46.0,0,0,0
Bahrain,2023,DEV,AlphaTauri,11.0,105.46,SOFT,11.0,1.0,4880.585,,17.0,1,92.4,2.772,False,-0.5543,56.0,45.0,0,0,1
Bahrain,2023,DEV,AlphaTauri,12.0,121.184,HARD,1.0,2.0,,4905.569,19.0,1,90.8,2.724,False,-0.2319,56.0,44.0,0,0,0
Bahrain,2023,DEV,AlphaTauri,13.0,98.924,HARD,2.0,2.0,,,18.0,1,89.2,2.676,True,-0.2319,56.0,43.0,0,0,0
Bahrain,2023,DEV,AlphaTauri,14.0,98.829,HARD,3.0,2.0,,,17.0,1,87.6,2.628,True,-0.2319,56.0,42.0,0,0,0
Bahrain,2023,DEV,AlphaTauri,15.0,98.868,HARD,4.0,2.0,,,17.0,1,86.0,2.58,True,-0.2319,56.0,41.0,0,0,0
Bahrain,2023,DEV,AlphaTauri,16.0,99.127,HARD,5.0,2.0,,,15.0,1,84.4,2.532,True,-0.2319,56.0,40.0,0,0,0
Bahrain,2023,DEV,AlphaTauri,17.0,98.996,HARD,6.0,2.0,,,14.0,1,82.8,2.484,True,-0.2319,56.0,39.0,0,0,0
Bahrain,2023,DEV,AlphaTauri,18.0,99.054,HARD,7.0,2.0,,,14.0,1,81.2,2.436,True,-0.2319,56.0,38.0,0,0,0
Bahrain,2023,DEV,AlphaTauri,19.0,99.078,HARD,8.0,2.0,,,14.0,1,79.6,2.388,True,-0.2319,56.0,37.0,0,0,0
Bahrain,2023,DEV,AlphaTauri,20.0,99.182,HARD,9.0,2.0,,,14.0,1,78.0,2.34,True,-0.2319,56.0,36.0,0,0,0
Bahrain,2023,DEV,AlphaTauri,21.0,99.182,HARD,10.0,2.0,,,14.0,1,76.4,2.292,True,-0.2319,56.0,35.0,0,0,0
Bahrain,2023,DEV,AlphaTauri,22.0,99.296,HARD,11.0,2.0,,,14.0,1,74.8,2.244,True,-0.2319,56.0,34.0,0,0,0
Bahrain,2023,DEV,AlphaTauri,23.0,99.542,HARD,12.0,2.0,,,14.0,1,73.2,2.196,True,-0.2319,56.0,33.0,0,0,0
Bahrain,2023,DEV,AlphaTauri,24.0,99.807,HARD,13.0,2.0,,,14.0,1,71.6,2.148,True,-0.2319,56.0,32.0,0,0,0
Bahrain,2023,DEV,AlphaTauri,25.0,100.96,HARD,14.0,2.0,,,15.0,1,70.0,2.1,True,-0.2319,56.0,31.0,0,0,0
Bahrain,2023,DEV,AlphaTauri,26.0,99.97,HARD,15.0,2.0,,,14.0,1,68.4,2.052,True,-0.2319,56.0,30.0,0,0,0
Bahrain,2023,DEV,AlphaTauri,27.0,102.309,HARD,16.0,2.0,6494.665,,12.0,1,66.8,2.004,False,-0.2319,56.0,29.0,0,0,1
Bahrain,2023,DEV,AlphaTauri,28.0,120.083,HARD,1.0,3.0,,6519.899,16.0,1,65.2,1.956,False,-0.7311,56.0,28.0,0,0,0
Bahrain,2023,DEV,AlphaTauri,29.0,98.121,HARD,2.0,3.0,,,16.0,1,63.6,1.908,True,-0.7311,56.0,27.0,0,0,0
Bahrain,2023,DEV,AlphaTauri,30.0,97.709,HARD,3.0,3.0,,,15.0,1,62.0,1.86,True,-0.7311,56.0,26.0,0,0,0
Bahrain,2023,DEV,AlphaTauri,31.0,97.909,HARD,4.0,3.0,,,15.0,1,60.4,1.812,True,-0.7311,56.0,25.0,0,0,0
Bahrain,2023,DEV,AlphaTauri,32.0,97.902,HARD,5.0,3.0,,,15.0,1,58.8,1.764,True,-0.7311,56.0,24.0,0,0,0
Bahrain,2023,DEV,AlphaTauri,33.0,97.933,HARD,6.0,3.0,,,14.0,1,57.2,1.716,True,-0.7311,56.0,23.0,0,0,0
Bahrain,2023,DEV,AlphaTauri,34.0,98.266,HARD,7.0,3.0,,,14.0,1,55.6,1.668,True,-0.7311,56.0,22.0,0,0,0
Bahrain,2023,DEV,AlphaTauri,35.0,98.123,HARD,8.0,3.0,,,14.0,1,54.0,1.62,True,-0.7311,56.0,21.0,0,0,0
Bahrain,2023,DEV,AlphaTauri,36.0,98.206,HARD,9.0,3.0,,,14.0,1,52.4,1.572,True,-0.7311,56.0,20.0,0,0,0
Bahrain,2023,DEV,AlphaTauri,37.0,98.423,HARD,10.0,3.0,,,14.0,1,50.8,1.524,True,-0.7311,56.0,19.0,0,0,0
Bahrain,2023,DEV,AlphaTauri,38.0,98.379,HARD,11.0,3.0,,,14.0,1,49.2,1.476,True,-0.7311,56.0,18.0,0,0,0
Bahrain,2023,DEV,AlphaTauri,39.0,98.535,HARD,12.0,3.0,,,14.0,1,47.6,1.428,True,-0.7311,56.0,17.0,0,0,0
Bahrain,2023,DEV,AlphaTauri,40.0,113.544,HARD,13.0,3.0,,,13.0,126,46.0,1.38,False,-0.7311,56.0,16.0,0,0,0
Bahrain,2023,DEV,AlphaTauri,41.0,114.359,HARD,14.0,3.0,,,11.0,671,44.4,1.332,False,-0.7311,56.0,15.0,0,0,0
Bahrain,2023,DEV,AlphaTauri,42.0,99.873,HARD,15.0,3.0,,,12.0,1,42.8,1.284,True,-0.7311,56.0,14.0,0,0,0
Bahrain,2023,DEV,AlphaTauri,43.0,100.177,HARD,16.0,3.0,,,13.0,1,41.2,1.236,True,-0.7311,56.0,13.0,0,0,0
Bahrain,2023,DEV,AlphaTauri,44.0,99.588,HARD,17.0,3.0,,,14.0,1,39.6,1.188,True,-0.7311,56.0,12.0,0,0,0
Bahrain,2023,DEV,AlphaTauri,45.0,98.889,HARD,18.0,3.0,,,14.0,1,38.0,1.14,True,-0.7311,56.0,11.0,0,0,0
Bahrain,2023,DEV,AlphaTauri,46.0,98.871,HARD,19.0,3.0,,,14.0,1,36.4,1.092,True,-0.7311,56.0,10.0,0,0,0
Bahrain,2023,DEV,AlphaTauri,47.0,98.921,HARD,20.0,3.0,,,14.0,1,34.8,1.044,True,-0.7311,56.0,9.0,0,0,0
Bahrain,2023,DEV,AlphaTauri,48.0,100.441,HARD,21.0,3.0,,,14.0,1,33.2,0.996,True,-0.7311,56.0,8.0,0,0,0
Bahrain,2023,DEV,AlphaTauri,49.0,98.985,HARD,22.0,3.0,,,14.0,1,31.6,0.948,True,-0.7311,56.0,7.0,0,0,0
Bahrain,2023,DEV,AlphaTauri,50.0,99.089,HARD,23.0,3.0,,,14.0,1,30.0,0.9,True,-0.7311,56.0,6.0,0,0,0
Bahrain,2023,DEV,AlphaTauri,51.0,100.475,HARD,24.0,3.0,,,15.0,1,28.4,0.852,True,-0.7311,56.0,5.0,0,0,0
Bahrain,2023,DEV,AlphaTauri,52.0,100.33,HARD,25.0,3.0,,,15.0,1,26.8,0.804,True,-0.7311,56.0,4.0,0,0,0
Bahrain,2023,DEV,AlphaTauri,53.0,99.15,HARD,26.0,3.0,,,15.0,1,25.2,0.756,True,-0.7311,56.0,3.0,0,0,0
Bahrain,2023,DEV,AlphaTauri,54.0,98.885,HARD,27.0,3.0,,,15.0,1,23.6,0.708,True,-0.7311,56.0,2.0,0,0,0
Bahrain,2023,DEV,AlphaTauri,55.0,99.239,HARD,28.0,3.0,,,14.0,1,22.0,0.66,True,-0.7311,56.0,1.0,0,0,0
Bahrain,2023,DEV,AlphaTauri,56.0,99.161,HARD,29.0,3.0,,,14.0,1,20.4,0.612,True,-0.7311,56.0,0.0,0,0,0
Bahrain,2023,TSU,AlphaTauri,1.0,107.791,SOFT,1.0,1.0,,,15.0,12,108.4,3.252,False,-0.822,57.0,56.0,0,0,0
Bahrain,2023,TSU,AlphaTauri,2.0,100.837,SOFT,2.0,1.0,,,15.0,21,106.8,3.204,True,-0.822,57.0,55.0,0,0,0
Bahrain,2023,TSU,AlphaTauri,3.0,100.243,SOFT,3.0,1.0,,,15.0,1,105.2,3.156,True,-0.822,57.0,54.0,0,0,0
Bahrain,2023,TSU,AlphaTauri,4.0,99.95,SOFT,4.0,1.0,,,14.0,1,103.6,3.108,True,-0.822,57.0,53.0,0,0,0
Bahrain,2023,TSU,AlphaTauri,5.0,101.131,SOFT,5.0,1.0,,,14.0,1,102.0,3.06,True,-0.822,57.0,52.0,0,0,0
Bahrain,2023,TSU,AlphaTauri,6.0,100.886,SOFT,6.0,1.0,,,14.0,1,100.4,3.012,True,-0.822,57.0,51.0,0,0,0
Bahrain,2023,TSU,AlphaTauri,7.0,100.952,SOFT,7.0,1.0,,,14.0,1,98.8,2.964,True,-0.822,57.0,50.0,0,0,0
Bahrain,2023,TSU,AlphaTauri,8.0,100.846,SOFT,8.0,1.0,,,14.0,1,97.2,2.916,True,-0.822,57.0,49.0,0,0,0
Bahrain,2023,TSU,AlphaTauri,9.0,101.01,SOFT,9.0,1.0,,,14.0,1,95.6,2.868,True,-0.822,57.0,48.0,0,0,0
Bahrain,2023,TSU,AlphaTauri,10.0,103.749,SOFT,10.0,1.0,4772.587,,14.0,1,94.0,2.82,False,-0.822,57.0,47.0,0,0,1
Bahrain,2023,TSU,AlphaTauri,11.0,119.843,HARD,1.0,2.0,,4797.836,18.0,1,92.4,2.772,False,0.0526,57.0,46.0,0,0,0
Bahrain,2023,TSU,AlphaTauri,12.0,99.143,HARD,2.0,2.0,,,16.0,1,90.8,2.724,True,0.0526,57.0,45.0,0,0,0
Bahrain,2023,TSU,AlphaTauri,13.0,99.471,HARD,3.0,2.0,,,13.0,1,89.2,2.676,True,0.0526,57.0,44.0,0,0,0
Bahrain,2023,TSU,AlphaTauri,14.0,98.742,HARD,4.0,2.0,,,13.0,1,87.6,2.628,True,0.0526,57.0,43.0,0,0,0
Bahrain,2023,TSU,AlphaTauri,15.0,98.975,HARD,5.0,2.0,,,12.0,1,86.0,2.58,True,0.0526,57.0,42.0,0,0,0
Bahrain,2023,TSU,AlphaTauri,16.0,99.061,HARD,6.0,2.0,,,11.0,1,84.4,2.532,True,0.0526,57.0,41.0,0,0,0
Bahrain,2023,TSU,AlphaTauri,17.0,99.021,HARD,7.0,2.0,,,11.0,1,82.8,2.484,True,0.0526,57.0,40.0,0,0,0
Bahrain,2023,TSU,AlphaTauri,18.0,99.302,HARD,8.0,2.0,,,11.0,1,81.2,2.436,True,0.0526,57.0,39.0,0,0,0
Bahrain,2023,TSU,AlphaTauri,19.0,99.17,HARD,9.0,2.0,,,11.0,1,79.6,2.388,True,0.0526,57.0,38.0,0,0,0
Bahrain,2023,TSU,AlphaTauri,20.0,99.282,HARD,10.0,2.0,,,11.0,1,78.0,2.34,True,0.0526,57.0,37.0,0,0,0
Bahrain,2023,TSU,AlphaTauri,21.0,99.325,HARD,11.0,2.0,,,11.0,1,76.4,2.292,True,0.0526,57.0,36.0,0,0,0
Bahrain,2023,TSU,AlphaTauri,22.0,99.439,HARD,12.0,2.0,,,11.0,1,74.8,2.244,True,0.0526,57.0,35.0,0,0,0
Bahrain,2023,TSU,AlphaTauri,23.0,99.632,HARD,13.0,2.0,,,11.0,1,73.2,2.196,True,0.0526,57.0,34.0,0,0,0
Bahrain,2023,TSU,AlphaTauri,24.0,100.109,HARD,14.0,2.0,,,11.0,1,71.6,2.148,True,0.0526,57.0,33.0,0,0,0
Bahrain,2023,TSU,AlphaTauri,25.0,99.746,HARD,15.0,2.0,,,11.0,1,70.0,2.1,True,0.0526,57.0,32.0,0,0,0
Bahrain,2023,TSU,AlphaTauri,26.0,102.227,HARD,16.0,2.0,6385.026,,11.0,1,68.4,2.052,False,0.0526,57.0,31.0,0,0,1
Bahrain,2023,TSU,AlphaTauri,27.0,120.3,HARD,1.0,3.0,,6409.416,16.0,1,66.8,2.004,False,-1.755,57.0,30.0,0,0,0
Bahrain,2023,TSU,AlphaTauri,28.0,97.824,HARD,2.0,3.0,,,15.0,1,65.2,1.956,True,-1.755,57.0,29.0,0,0,0
Bahrain,2023,TSU,AlphaTauri,29.0,97.779,HARD,3.0,3.0,,,15.0,1,63.6,1.908,True,-1.755,57.0,28.0,0,0,0
Bahrain,2023,TSU,AlphaTauri,30.0,98.147,HARD,4.0,3.0,,,14.0,1,62.0,1.86,True,-1.755,57.0,27.0,0,0,0
Bahrain,2023,TSU,AlphaTauri,31.0,97.813,HARD,5.0,3.0,,,13.0,1,60.4,1.812,True,-1.755,57.0,26.0,0,0,0
Bahrain,2023,TSU,AlphaTauri,32.0,98.017,HARD,6.0,3.0,,,13.0,1,58.8,1.764,True,-1.755,57.0,25.0,0,0,0
Bahrain,2023,TSU,AlphaTauri,33.0,98.094,HARD,7.0,3.0,,,12.0,1,57.2,1.716,True,-1.755,57.0,24.0,0,0,0
Bahrain,2023,TSU,AlphaTauri,34.0,98.13,HARD,8.0,3.0,,,12.0,1,55.6,1.668,True,-1.755,57.0,23.0,0,0,0
Bahrain,2023,TSU,AlphaTauri,35.0,98.163,HARD,9.0,3.0,,,12.0,1,54.0,1.62,True,-1.755,57.0,22.0,0,0,0
Bahrain,2023,TSU,AlphaTauri,36.0,98.059,HARD,10.0,3.0,,,12.0,1,52.4,1.572,True,-1.755,57.0,21.0,0,0,0
Bahrain,2023,TSU,AlphaTauri,37.0,98.075,HARD,11.0,3.0,,,12.0,1,50.8,1.524,True,-1.755,57.0,20.0,0,0,0
Bahrain,2023,TSU,AlphaTauri,38.0,98.084,HARD,12.0,3.0,,,12.0,1,49.2,1.476,True,-1.755,57.0,19.0,0,0,0
Bahrain,2023,TSU,AlphaTauri,39.0,98.419,HARD,13.0,3.0,,,12.0,1,47.6,1.428,True,-1.755,57.0,18.0,0,0,0
Bahrain,2023,TSU,AlphaTauri,40.0,110.35,HARD,14.0,3.0,7792.391,,11.0,126,46.0,1.38,False,-1.755,57.0,17.0,0,0,1
Bahrain,2023,TSU,AlphaTauri,41.0,130.782,SOFT,4.0,4.0,,7818.125,13.0,671,44.4,1.332,False,-0.5791,57.0,16.0,0,0,0
Bahrain,2023,TSU,AlphaTauri,42.0,96.637,SOFT,5.0,4.0,,,11.0,1,42.8,1.284,True,-0.5791,57.0,15.0,0,0,0
Bahrain,2023,TSU,AlphaTauri,43.0,97.028,SOFT,6.0,4.0,,,11.0,1,41.2,1.236,True,-0.5791,57.0,14.0,0,0,0
Bahrain,2023,TSU,AlphaTauri,44.0,97.01,SOFT,7.0,4.0,,,11.0,1,39.6,1.188,True,-0.5791,57.0,13.0,0,0,0
Bahrain,2023,TSU,AlphaTauri,45.0,97.021,SOFT,8.0,4.0,,,11.0,1,38.0,1.14,True,-0.5791,57.0,12.0,0,0,0
Bahrain,2023,TSU,AlphaTauri,46.0,97.258,SOFT,9.0,4.0,,,11.0,1,36.4,1.092,True,-0.5791,57.0,11.0,0,0,0
Bahrain,2023,TSU,AlphaTauri,47.0,97.359,SOFT,10.0,4.0,,,11.0,1,34.8,1.044,True,-0.5791,57.0,10.0,0,0,0
Bahrain,2023,TSU,AlphaTauri,48.0,97.238,SOFT,11.0,4.0,,,11.0,1,33.2,0.996,True,-0.5791,57.0,9.0,0,0,0
Bahrain,2023,TSU,AlphaTauri,49.0,97.528,SOFT,12.0,4.0,,,11.0,1,31.6,0.948,True,-0.5791,57.0,8.0,0,0,0
Bahrain,2023,TSU,AlphaTauri,50.0,97.624,SOFT,13.0,4.0,,,11.0,1,30.0,0.9,True,-0.5791,57.0,7.0,0,0,0
Bahrain,2023,TSU,AlphaTauri,51.0,97.706,SOFT,14.0,4.0,,,11.0,1,28.4,0.852,True,-0.5791,57.0,6.0,0,0,0
Bahrain,2023,TSU,AlphaTauri,52.0,97.59,SOFT,15.0,4.0,,,11.0,1,26.8,0.804,True,-0.5791,57.0,5.0,0,0,0
Bahrain,2023,TSU,AlphaTauri,53.0,97.675,SOFT,16.0,4.0,,,11.0,1,25.2,0.756,True,-0.5791,57.0,4.0,0,0,0
Bahrain,2023,TSU,AlphaTauri,54.0,97.72,SOFT,17.0,4.0,,,11.0,1,23.6,0.708,True,-0.5791,57.0,3.0,0,0,0
Bahrain,2023,TSU,AlphaTauri,55.0,97.945,SOFT,18.0,4.0,,,11.0,1,22.0,0.66,True,-0.5791,57.0,2.0,0,0,0
Bahrain,2023,TSU,AlphaTauri,56.0,98.102,SOFT,19.0,4.0,,,11.0,1,20.4,0.612,True,-0.5791,57.0,1.0,0,0,0
Bahrain,2023,TSU,AlphaTauri,57.0,98.246,SOFT,20.0,4.0,,,11.0,1,18.8,0.564,True,-0.5791,57.0,0.0,0,0,0
Bahrain,2023,ALB,Williams,1.0,106.453,SOFT,1.0,1.0,,,12.0,12,108.4,3.252,False,-0.3007,57.0,56.0,0,0,0
Bahrain,2023,ALB,Williams,2.0,100.43,SOFT,2.0,1.0,,,12.0,21,106.8,3.204,True,-0.3007,57.0,55.0,0,0,0
Bahrain,2023,ALB,Williams,3.0,100.143,SOFT,3.0,1.0,,,12.0,1,105.2,3.156,True,-0.3007,57.0,54.0,0,0,0
Bahrain,2023,ALB,Williams,4.0,99.761,SOFT,4.0,1.0,,,11.0,1,103.6,3.108,True,-0.3007,57.0,53.0,0,0,0
Bahrain,2023,ALB,Williams,5.0,100.606,SOFT,5.0,1.0,,,11.0,1,102.0,3.06,True,-0.3007,57.0,52.0,0,0,0
Bahrain,2023,ALB,Williams,6.0,100.744,SOFT,6.0,1.0,,,11.0,1,100.4,3.012,True,-0.3007,57.0,51.0,0,0,0
Bahrain,2023,ALB,Williams,7.0,100.646,SOFT,7.0,1.0,,,11.0,1,98.8,2.964,True,-0.3007,57.0,50.0,0,0,0
Bahrain,2023,ALB,Williams,8.0,100.918,SOFT,8.0,1.0,,,11.0,1,97.2,2.916,True,-0.3007,57.0,49.0,0,0,0
Bahrain,2023,ALB,Williams,9.0,100.969,SOFT,9.0,1.0,,,11.0,1,95.6,2.868,True,-0.3007,57.0,48.0,0,0,0
Bahrain,2023,ALB,Williams,10.0,101.119,SOFT,10.0,1.0,,,11.0,1,94.0,2.82,True,-0.3007,57.0,47.0,0,0,0
Bahrain,2023,ALB,Williams,11.0,103.948,SOFT,11.0,1.0,4870.913,,12.0,1,92.4,2.772,False,-0.3007,57.0,46.0,0,0,1
Bahrain,2023,ALB,Williams,12.0,119.445,SOFT,1.0,2.0,,4895.928,15.0,1,90.8,2.724,False,-0.3603,57.0,45.0,0,0,0
Bahrain,2023,ALB,Williams,13.0,98.649,SOFT,2.0,2.0,,,11.0,1,89.2,2.676,True,-0.3603,57.0,44.0,0,0,0
Bahrain,2023,ALB,Williams,14.0,98.472,SOFT,3.0,2.0,,,11.0,1,87.6,2.628,True,-0.3603,57.0,43.0,0,0,0
Bahrain,2023,ALB,Williams,15.0,99.158,SOFT,4.0,2.0,,,10.0,1,86.0,2.58,True,-0.3603,57.0,42.0,0,0,0
Bahrain,2023,ALB,Williams,16.0,99.253,SOFT,5.0,2.0,,,10.0,1,84.4,2.532,True,-0.3603,57.0,41.0,0,0,0
Bahrain,2023,ALB,Williams,17.0,99.094,SOFT,6.0,2.0,,,10.0,1,82.8,2.484,True,-0.3603,57.0,40.0,0,0,0
Bahrain,2023,ALB,Williams,18.0,99.049,SOFT,7.0,2.0,,,10.0,1,81.2,2.436,True,-0.3603,57.0,39.0,0,0,0
Bahrain,2023,ALB,Williams,19.0,99.272,SOFT,8.0,2.0,,,10.0,1,79.6,2.388,True,-0.3603,57.0,38.0,0,0,0
Bahrain,2023,ALB,Williams,20.0,99.299,SOFT,9.0,2.0,,,10.0,1,78.0,2.34,True,-0.3603,57.0,37.0,0,0,0
Bahrain,2023,ALB,Williams,21.0,99.591,SOFT,10.0,2.0,,,10.0,1,76.4,2.292,True,-0.3603,57.0,36.0,0,0,0
Bahrain,2023,ALB,Williams,22.0,99.588,SOFT,11.0,2.0,,,10.0,1,74.8,2.244,True,-0.3603,57.0,35.0,0,0,0
Bahrain,2023,ALB,Williams,23.0,99.802,SOFT,12.0,2.0,,,10.0,1,73.2,2.196,True,-0.3603,57.0,34.0,0,0,0
Bahrain,2023,ALB,Williams,24.0,99.89,SOFT,13.0,2.0,,,10.0,1,71.6,2.148,True,-0.3603,57.0,33.0,0,0,0
Bahrain,2023,ALB,Williams,25.0,99.832,SOFT,14.0,2.0,,,10.0,1,70.0,2.1,True,-0.3603,57.0,32.0,0,0,0
Bahrain,2023,ALB,Williams,26.0,102.61,SOFT,15.0,2.0,6383.948,,10.0,1,68.4,2.052,False,-0.3603,57.0,31.0,0,0,1
Bahrain,2023,ALB,Williams,27.0,119.87,HARD,1.0,3.0,,6408.838,14.0,1,66.8,2.004,False,0.072,57.0,30.0,0,0,0
Bahrain,2023,ALB,Williams,28.0,97.503,HARD,2.0,3.0,,,13.0,1,65.2,1.956,True,0.072,57.0,29.0,0,0,0
Bahrain,2023,ALB,Williams,29.0,98.127,HARD,3.0,3.0,,,12.0,1,63.6,1.908,True,0.072,57.0,28.0,0,0,0
Bahrain,2023,ALB,Williams,30.0,97.931,HARD,4.0,3.0,,,12.0,1,62.0,1.86,True,0.072,57.0,27.0,0,0,0
Bahrain,2023,ALB,Williams,31.0,98.104,HARD,5.0,3.0,,,11.0,1,60.4,1.812,True,0.072,57.0,26.0,0,0,0
Bahrain,2023,ALB,Williams,32.0,97.919,HARD,6.0,3.0,,,11.0,1,58.8,1.764,True,0.072,57.0,25.0,0,0,0
Bahrain,2023,ALB,Williams,33.0,98.104,HARD,7.0,3.0,,,10.0,1,57.2,1.716,True,0.072,57.0,24.0,0,0,0
Bahrain,2023,ALB,Williams,34.0,97.961,HARD,8.0,3.0,,,10.0,1,55.6,1.668,True,0.072,57.0,23.0,0,0,0
Bahrain,2023,ALB,Williams,35.0,97.984,HARD,9.0,3.0,,,10.0,1,54.0,1.62,True,0.072,57.0,22.0,0,0,0
Bahrain,2023,ALB,Williams,36.0,98.176,HARD,10.0,3.0,,,10.0,1,52.4,1.572,True,0.072,57.0,21.0,0,0,0
Bahrain,2023,ALB,Williams,37.0,98.038,HARD,11.0,3.0,,,10.0,1,50.8,1.524,True,0.072,57.0,20.0,0,0,0
Bahrain,2023,ALB,Williams,38.0,98.33,HARD,12.0,3.0,,,10.0,1,49.2,1.476,True,0.072,57.0,19.0,0,0,0
Bahrain,2023,ALB,Williams,39.0,98.346,HARD,13.0,3.0,,,10.0,1,47.6,1.428,True,0.072,57.0,18.0,0,0,0
Bahrain,2023,ALB,Williams,40.0,110.177,HARD,14.0,3.0,7790.485,,9.0,126,46.0,1.38,False,0.072,57.0,17.0,0,0,1
Bahrain,2023,ALB,Williams,41.0,128.659,SOFT,1.0,4.0,,7814.985,9.0,671,44.4,1.332,False,-0.5613,57.0,16.0,0,0,0
Bahrain,2023,ALB,Williams,42.0,97.211,SOFT,2.0,4.0,,,10.0,1,42.8,1.284,True,-0.5613,57.0,15.0,0,0,0
Bahrain,2023,ALB,Williams,43.0,97.144,SOFT,3.0,4.0,,,10.0,1,41.2,1.236,True,-0.5613,57.0,14.0,0,0,0
Bahrain,2023,ALB,Williams,44.0,97.327,SOFT,4.0,4.0,,,10.0,1,39.6,1.188,True,-0.5613,57.0,13.0,0,0,0
Bahrain,2023,ALB,Williams,45.0,97.503,SOFT,5.0,4.0,,,10.0,1,38.0,1.14,True,-0.5613,57.0,12.0,0,0,0
Bahrain,2023,ALB,Williams,46.0,97.577,SOFT,6.0,4.0,,,10.0,1,36.4,1.092,True,-0.5613,57.0,11.0,0,0,0
Bahrain,2023,ALB,Williams,47.0,97.545,SOFT,7.0,4.0,,,10.0,1,34.8,1.044,True,-0.5613,57.0,10.0,0,0,0
Bahrain,2023,ALB,Williams,48.0,97.684,SOFT,8.0,4.0,,,10.0,1,33.2,0.996,True,-0.5613,57.0,9.0,0,0,0
Bahrain,2023,ALB,Williams,49.0,97.609,SOFT,9.0,4.0,,,10.0,1,31.6,0.948,True,-0.5613,57.0,8.0,0,0,0
Bahrain,2023,ALB,Williams,50.0,97.695,SOFT,10.0,4.0,,,10.0,1,30.0,0.9,True,-0.5613,57.0,7.0,0,0,0
Bahrain,2023,ALB,Williams,51.0,97.727,SOFT,11.0,4.0,,,10.0,1,28.4,0.852,True,-0.5613,57.0,6.0,0,0,0
Bahrain,2023,ALB,Williams,52.0,97.861,SOFT,12.0,4.0,,,10.0,1,26.8,0.804,True,-0.5613,57.0,5.0,0,0,0
Bahrain,2023,ALB,Williams,53.0,97.778,SOFT,13.0,4.0,,,10.0,1,25.2,0.756,True,-0.5613,57.0,4.0,0,0,0
Bahrain,2023,ALB,Williams,54.0,97.78,SOFT,14.0,4.0,,,10.0,1,23.6,0.708,True,-0.5613,57.0,3.0,0,0,0
Bahrain,2023,ALB,Williams,55.0,97.803,SOFT,15.0,4.0,,,10.0,1,22.0,0.66,True,-0.5613,57.0,2.0,0,0,0
Bahrain,2023,ALB,Williams,56.0,98.159,SOFT,16.0,4.0,,,10.0,1,20.4,0.612,True,-0.5613,57.0,1.0,0,0,0
Bahrain,2023,ALB,Williams,57.0,98.137,SOFT,17.0,4.0,,,10.0,1,18.8,0.564,True,-0.5613,57.0,0.0,0,0,0
Bahrain,2023,ZHO,Alfa Romeo,1.0,108.467,SOFT,1.0,1.0,,,17.0,12,108.4,3.252,False,-0.4694,56.0,55.0,0,0,0
Bahrain,2023,ZHO,Alfa Romeo,2.0,101.091,SOFT,2.0,1.0,,,17.0,21,106.8,3.204,True,-0.4694,56.0,54.0,0,0,0
Bahrain,2023,ZHO,Alfa Romeo,3.0,100.596,SOFT,3.0,1.0,,,17.0,1,105.2,3.156,True,-0.4694,56.0,53.0,0,0,0
Bahrain,2023,ZHO,Alfa Romeo,4.0,100.853,SOFT,4.0,1.0,,,17.0,1,103.6,3.108,True,-0.4694,56.0,52.0,0,0,0
Bahrain,2023,ZHO,Alfa Romeo,5.0,100.814,SOFT,5.0,1.0,,,17.0,1,102.0,3.06,True,-0.4694,56.0,51.0,0,0,0
Bahrain,2023,ZHO,Alfa Romeo,6.0,101.156,SOFT,6.0,1.0,,,17.0,1,100.4,3.012,True,-0.4694,56.0,50.0,0,0,0
Bahrain,2023,ZHO,Alfa Romeo,7.0,101.197,SOFT,7.0,1.0,,,17.0,1,98.8,2.964,True,-0.4694,56.0,49.0,0,0,0
Bahrain,2023,ZHO,Alfa Romeo,8.0,101.184,SOFT,8.0,1.0,,,17.0,1,97.2,2.916,True,-0.4694,56.0,48.0,0,0,0
Bahrain,2023,ZHO,Alfa Romeo,9.0,101.526,SOFT,9.0,1.0,,,17.0,1,95.6,2.868,True,-0.4694,56.0,47.0,0,0,0
Bahrain,2023,ZHO,Alfa Romeo,10.0,101.743,SOFT,10.0,1.0,,,17.0,1,94.0,2.82,True,-0.4694,56.0,46.0,0,0,0
Bahrain,2023,ZHO,Alfa Romeo,11.0,102.108,SOFT,11.0,1.0,,,14.0,1,92.4,2.772,True,-0.4694,56.0,45.0,0,0,0
Bahrain,2023,ZHO,Alfa Romeo,12.0,103.87,SOFT,12.0,1.0,4979.739,,12.0,1,90.8,2.724,False,-0.4694,56.0,44.0,0,0,1
Bahrain,2023,ZHO,Alfa Romeo,13.0,122.101,HARD,1.0,2.0,,5005.536,20.0,1,89.2,2.676,False,-0.2713,56.0,43.0,0,0,0
Bahrain,2023,ZHO,Alfa Romeo,14.0,99.33,HARD,2.0,2.0,,,19.0,1,87.6,2.628,True,-0.2713,56.0,42.0,0,0,0
Bahrain,2023,ZHO,Alfa Romeo,15.0,99.229,HARD,3.0,2.0,,,19.0,1,86.0,2.58,True,-0.2713,56.0,41.0,0,0,0
Bahrain,2023,ZHO,Alfa Romeo,16.0,98.998,HARD,4.0,2.0,,,17.0,1,84.4,2.532,True,-0.2713,56.0,40.0,0,0,0
Bahrain,2023,ZHO,Alfa Romeo,17.0,99.143,HARD,5.0,2.0,,,17.0,1,82.8,2.484,True,-0.2713,56.0,39.0,0,0,0
Bahrain,2023,ZHO,Alfa Romeo,18.0,98.873,HARD,6.0,2.0,,,15.0,1,81.2,2.436,True,-0.2713,56.0,38.0,0,0,0
Bahrain,2023,ZHO,Alfa Romeo,19.0,98.794,HARD,7.0,2.0,,,15.0,1,79.6,2.388,True,-0.2713,56.0,37.0,0,0,0
Bahrain,2023,ZHO,Alfa Romeo,20.0,98.896,HARD,8.0,2.0,,,15.0,1,78.0,2.34,True,-0.2713,56.0,36.0,0,0,0
Bahrain,2023,ZHO,Alfa Romeo,21.0,98.888,HARD,9.0,2.0,,,15.0,1,76.4,2.292,True,-0.2713,56.0,35.0,0,0,0
Bahrain,2023,ZHO,Alfa Romeo,22.0,99.115,HARD,10.0,2.0,,,15.0,1,74.8,2.244,True,-0.2713,56.0,34.0,0,0,0
Bahrain,2023,ZHO,Alfa Romeo,23.0,99.462,HARD,11.0,2.0,,,15.0,1,73.2,2.196,True,-0.2713,56.0,33.0,0,0,0
Bahrain,2023,ZHO,Alfa Romeo,24.0,99.503,HARD,12.0,2.0,,,15.0,1,71.6,2.148,True,-0.2713,56.0,32.0,0,0,0
Bahrain,2023,ZHO,Alfa Romeo,25.0,99.066,HARD,13.0,2.0,,,14.0,1,70.0,2.1,True,-0.2713,56.0,31.0,0,0,0
Bahrain,2023,ZHO,Alfa Romeo,26.0,99.427,HARD,14.0,2.0,,,13.0,1,68.4,2.052,True,-0.2713,56.0,30.0,0,0,0
Bahrain,2023,ZHO,Alfa Romeo,27.0,99.235,HARD,15.0,2.0,,,11.0,1,66.8,2.004,True,-0.2713,56.0,29.0,0,0,0
Bahrain,2023,ZHO,Alfa Romeo,28.0,99.412,HARD,16.0,2.0,,,11.0,1,65.2,1.956,True,-0.2713,56.0,28.0,0,0,0
Bahrain,2023,ZHO,Alfa Romeo,29.0,99.361,HARD,17.0,2.0,,,11.0,1,63.6,1.908,True,-0.2713,56.0,27.0,0,0,0
Bahrain,2023,ZHO,Alfa Romeo,30.0,99.382,HARD,18.0,2.0,,,9.0,1,62.0,1.86,True,-0.2713,56.0,26.0,0,0,0
Bahrain,2023,ZHO,Alfa Romeo,31.0,99.67,HARD,19.0,2.0,,,9.0,1,60.4,1.812,True,-0.2713,56.0,25.0,0,0,0
Bahrain,2023,ZHO,Alfa Romeo,32.0,102.096,HARD,20.0,2.0,6989.718,,10.0,1,58.8,1.764,False,-0.2713,56.0,24.0,0,0,1
Bahrain,2023,ZHO,Alfa Romeo,33.0,119.659,SOFT,4.0,3.0,,7015.077,15.0,1,57.2,1.716,False,0.0297,56.0,23.0,0,0,0
Bahrain,2023,ZHO,Alfa Romeo,34.0,97.037,SOFT,5.0,3.0,,,15.0,1,55.6,1.668,True,0.0297,56.0,22.0,0,0,0
Bahrain,2023,ZHO,Alfa Romeo,35.0,97.55,SOFT,6.0,3.0,,,15.0,1,54.0,1.62,True,0.0297,56.0,21.0,0,0,0
Bahrain,2023,ZHO,Alfa Romeo,36.0,97.957,SOFT,7.0,3.0,,,15.0,1,52.4,1.572,True,0.0297,56.0,20.0,0,0,0
Bahrain,2023,ZHO,Alfa Romeo,37.0,98.003,SOFT,8.0,3.0,,,15.0,1,50.8,1.524,True,0.0297,56.0,19.0,0,0,0
Bahrain,2023,ZHO,Alfa Romeo,38.0,98.422,SOFT,9.0,3.0,,,15.0,1,49.2,1.476,True,0.0297,56.0,18.0,0,0,0
Bahrain,2023,ZHO,Alfa Romeo,39.0,98.368,SOFT,10.0,3.0,,,15.0,1,47.6,1.428,True,0.0297,56.0,17.0,0,0,0
Bahrain,2023,ZHO,Alfa Romeo,40.0,113.456,SOFT,11.0,3.0,,,14.0,126,46.0,1.38,False,0.0297,56.0,16.0,0,0,0
Bahrain,2023,ZHO,Alfa Romeo,41.0,112.5,SOFT,12.0,3.0,,,12.0,671,44.4,1.332,False,0.0297,56.0,15.0,0,0,0
Bahrain,2023,ZHO,Alfa Romeo,42.0,99.904,SOFT,13.0,3.0,,,13.0,1,42.8,1.284,True,0.0297,56.0,14.0,0,0,0
Bahrain,2023,ZHO,Alfa Romeo,43.0,98.311,SOFT,14.0,3.0,,,12.0,1,41.2,1.236,True,0.0297,56.0,13.0,0,0,0
Bahrain,2023,ZHO,Alfa Romeo,44.0,97.974,SOFT,15.0,3.0,,,12.0,1,39.6,1.188,True,0.0297,56.0,12.0,0,0,0
Bahrain,2023,ZHO,Alfa Romeo,45.0,97.95,SOFT,16.0,3.0,,,12.0,1,38.0,1.14,True,0.0297,56.0,11.0,0,0,0
Bahrain,2023,ZHO,Alfa Romeo,46.0,98.336,SOFT,17.0,3.0,,,12.0,1,36.4,1.092,True,0.0297,56.0,10.0,0,0,0
Bahrain,2023,ZHO,Alfa Romeo,47.0,99.553,SOFT,18.0,3.0,,,13.0,1,34.8,1.044,True,0.0297,56.0,9.0,0,0,0
Bahrain,2023,ZHO,Alfa Romeo,48.0,98.596,SOFT,19.0,3.0,,,13.0,1,33.2,0.996,True,0.0297,56.0,8.0,0,0,0
Bahrain,2023,ZHO,Alfa Romeo,49.0,98.628,SOFT,20.0,3.0,,,13.0,1,31.6,0.948,True,0.0297,56.0,7.0,0,0,0
Bahrain,2023,ZHO,Alfa Romeo,50.0,99.893,SOFT,21.0,3.0,,,13.0,1,30.0,0.9,True,0.0297,56.0,6.0,0,0,0
Bahrain,2023,ZHO,Alfa Romeo,51.0,98.719,SOFT,22.0,3.0,,,13.0,1,28.4,0.852,True,0.0297,56.0,5.0,0,0,0
Bahrain,2023,ZHO,Alfa Romeo,52.0,98.713,SOFT,23.0,3.0,,,13.0,1,26.8,0.804,True,0.0297,56.0,4.0,0,0,0
Bahrain,2023,ZHO,Alfa Romeo,53.0,98.634,SOFT,24.0,3.0,,,13.0,1,25.2,0.756,True,0.0297,56.0,3.0,0,0,0
Bahrain,2023,ZHO,Alfa Romeo,54.0,101.967,SOFT,25.0,3.0,9209.882,,13.0,1,23.6,0.708,False,0.0297,56.0,2.0,0,0,1
Bahrain,2023,ZHO,Alfa Romeo,55.0,127.673,SOFT,4.0,4.0,,9240.006,16.0,1,22.0,0.66,False,-1.9715,56.0,1.0,0,0,0
Bahrain,2023,ZHO,Alfa Romeo,56.0,93.996,SOFT,5.0,4.0,,,16.0,1,20.4,0.612,True,-1.9715,56.0,0.0,0,0,0
Bahrain,2023,HUL,Haas F1 Team,1.0,107.339,SOFT,4.0,1.0,,,14.0,12,108.4,3.252,False,0.2054,56.0,55.0,0,0,0
Bahrain,2023,HUL,Haas F1 Team,2.0,100.72,SOFT,5.0,1.0,,,14.0,21,106.8,3.204,True,0.2054,56.0,54.0,0,0,0
Bahrain,2023,HUL,Haas F1 Team,3.0,100.484,SOFT,6.0,1.0,,,14.0,1,105.2,3.156,True,0.2054,56.0,53.0,0,0,0
Bahrain,2023,HUL,Haas F1 Team,4.0,101.004,SOFT,7.0,1.0,,,15.0,1,103.6,3.108,True,0.2054,56.0,52.0,0,0,0
Bahrain,2023,HUL,Haas F1 Team,5.0,101.002,SOFT,8.0,1.0,,,15.0,1,102.0,3.06,True,0.2054,56.0,51.0,0,0,0
Bahrain,2023,HUL,Haas F1 Team,6.0,101.002,SOFT,9.0,1.0,,,15.0,1,100.4,3.012,True,0.2054,56.0,50.0,0,0,0
Bahrain,2023,HUL,Haas F1 Team,7.0,101.148,SOFT,10.0,1.0,,,15.0,1,98.8,2.964,True,0.2054,56.0,49.0,0,0,0
Bahrain,2023,HUL,Haas F1 Team,8.0,101.249,SOFT,11.0,1.0,,,15.0,1,97.2,2.916,True,0.2054,56.0,48.0,0,0,0
Bahrain,2023,HUL,Haas F1 Team,9.0,101.615,SOFT,12.0,1.0,,,15.0,1,95.6,2.868,True,0.2054,56.0,47.0,0,0,0
Bahrain,2023,HUL,Haas F1 Team,10.0,102.252,SOFT,13.0,1.0,,,15.0,1,94.0,2.82,True,0.2054,56.0,46.0,0,0,0
Bahrain,2023,HUL,Haas F1 Team,11.0,106.79,SOFT,14.0,1.0,4879.757,,16.0,1,92.4,2.772,False,0.2054,56.0,45.0,0,0,1
Bahrain,2023,HUL,Haas F1 Team,12.0,122.579,HARD,1.0,2.0,,4905.834,20.0,1,90.8,2.724,False,-0.0574,56.0,44.0,0,0,0
Bahrain,2023,HUL,Haas F1 Team,13.0,99.406,HARD,2.0,2.0,,,19.0,1,89.2,2.676,True,-0.0574,56.0,43.0,0,0,0
Bahrain,2023,HUL,Haas F1 Team,14.0,98.847,HARD,3.0,2.0,,,18.0,1,87.6,2.628,True,-0.0574,56.0,42.0,0,0,0
Bahrain,2023,HUL,Haas F1 Team,15.0,98.972,HARD,4.0,2.0,,,18.0,1,86.0,2.58,True,-0.0574,56.0,41.0,0,0,0
Bahrain,2023,HUL,Haas F1 Team,16.0,99.136,HARD,5.0,2.0,,,16.0,1,84.4,2.532,True,-0.0574,56.0,40.0,0,0,0
Bahrain,2023,HUL,Haas F1 Team,17.0,99.396,HARD,6.0,2.0,,,16.0,1,82.8,2.484,True,-0.0574,56.0,39.0,0,0,0
Bahrain,2023,HUL,Haas F1 Team,18.0,100.323,HARD,7.0,2.0,,,16.0,1,81.2,2.436,True,-0.0574,56.0,38.0,0,0,0
Bahrain,2023,HUL,Haas F1 Team,19.0,99.633,HARD,8.0,2.0,,,16.0,1,79.6,2.388,True,-0.0574,56.0,37.0,0,0,0
Bahrain,2023,HUL,Haas F1 Team,20.0,99.495,HARD,9.0,2.0,,,16.0,1,78.0,2.34,True,-0.0574,56.0,36.0,0,0,0
Bahrain,2023,HUL,Haas F1 Team,21.0,99.703,HARD,10.0,2.0,,,16.0,1,76.4,2.292,True,-0.0574,56.0,35.0,0,0,0
Bahrain,2023,HUL,Haas F1 Team,22.0,99.934,HARD,11.0,2.0,,,16.0,1,74.8,2.244,True,-0.0574,56.0,34.0,0,0,0
Bahrain,2023,HUL,Haas F1 Team,23.0,99.866,HARD,12.0,2.0,,,16.0,1,73.2,2.196,True,-0.0574,56.0,33.0,0,0,0
Bahrain,2023,HUL,Haas F1 Team,24.0,99.855,HARD,13.0,2.0,,,16.0,1,71.6,2.148,True,-0.0574,56.0,32.0,0,0,0
Bahrain,2023,HUL,Haas F1 Team,25.0,100.295,HARD,14.0,2.0,,,16.0,1,70.0,2.1,True,-0.0574,56.0,31.0,0,0,0
Bahrain,2023,HUL,Haas F1 Team,26.0,102.931,HARD,15.0,2.0,6400.135,,16.0,1,68.4,2.052,False,-0.0574,56.0,30.0,0,0,1
Bahrain,2023,HUL,Haas F1 Team,27.0,132.037,HARD,1.0,3.0,,6437.9,19.0,1,66.8,2.004,False,-1.5958,56.0,29.0,0,0,0
Bahrain,2023,HUL,Haas F1 Team,28.0,96.981,HARD,2.0,3.0,,,18.0,1,65.2,1.956,True,-1.5958,56.0,28.0,0,0,0
Bahrain,2023,HUL,Haas F1 Team,29.0,97.398,HARD,3.0,3.0,,,18.0,1,63.6,1.908,True,-1.5958,56.0,27.0,0,0,0
Bahrain,2023,HUL,Haas F1 Team,30.0,97.617,HARD,4.0,3.0,,,18.0,1,62.0,1.86,True,-1.5958,56.0,26.0,0,0,0
Bahrain,2023,HUL,Haas F1 Team,31.0,97.891,HARD,5.0,3.0,,,18.0,1,60.4,1.812,True,-1.5958,56.0,25.0,0,0,0
Bahrain,2023,HUL,Haas F1 Team,32.0,97.806,HARD,6.0,3.0,,,17.0,1,58.8,1.764,True,-1.5958,56.0,24.0,0,0,0
Bahrain,2023,HUL,Haas F1 Team,33.0,97.761,HARD,7.0,3.0,,,17.0,1,57.2,1.716,True,-1.5958,56.0,23.0,0,0,0
Bahrain,2023,HUL,Haas F1 Team,34.0,97.895,HARD,8.0,3.0,,,17.0,1,55.6,1.668,True,-1.5958,56.0,22.0,0,0,0
Bahrain,2023,HUL,Haas F1 Team,35.0,98.093,HARD,9.0,3.0,,,17.0,1,54.0,1.62,True,-1.5958,56.0,21.0,0,0,0
Bahrain,2023,HUL,Haas F1 Team,36.0,98.245,HARD,10.0,3.0,,,17.0,1,52.4,1.572,True,-1.5958,56.0,20.0,0,0,0
Bahrain,2023,HUL,Haas F1 Team,37.0,98.108,HARD,11.0,3.0,,,17.0,1,50.8,1.524,True,-1.5958,56.0,19.0,0,0,0
Bahrain,2023,HUL,Haas F1 Team,38.0,98.191,HARD,12.0,3.0,,,17.0,1,49.2,1.476,True,-1.5958,56.0,18.0,0,0,0
Bahrain,2023,HUL,Haas F1 Team,39.0,98.184,HARD,13.0,3.0,,,17.0,1,47.6,1.428,True,-1.5958,56.0,17.0,0,0,0
Bahrain,2023,HUL,Haas F1 Team,40.0,118.689,HARD,14.0,3.0,7824.985,,16.0,126,46.0,1.38,False,-1.5958,56.0,16.0,0,0,1
Bahrain,2023,HUL,Haas F1 Team,41.0,125.275,SOFT,4.0,4.0,,7852.078,16.0,671,44.4,1.332,False,-0.5092,56.0,15.0,0,0,0
Bahrain,2023,HUL,Haas F1 Team,42.0,96.616,SOFT,5.0,4.0,,,16.0,1,42.8,1.284,True,-0.5092,56.0,14.0,0,0,0
Bahrain,2023,HUL,Haas F1 Team,43.0,96.793,SOFT,6.0,4.0,,,16.0,1,41.2,1.236,True,-0.5092,56.0,13.0,0,0,0
Bahrain,2023,HUL,Haas F1 Team,44.0,97.076,SOFT,7.0,4.0,,,16.0,1,39.6,1.188,True,-0.5092,56.0,12.0,0,0,0
Bahrain,2023,HUL,Haas F1 Team,45.0,97.314,SOFT,8.0,4.0,,,16.0,1,38.0,1.14,True,-0.5092,56.0,11.0,0,0,0
Bahrain,2023,HUL,Haas F1 Team,46.0,99.972,SOFT,9.0,4.0,,,16.0,1,36.4,1.092,True,-0.5092,56.0,10.0,0,0,0
Bahrain,2023,HUL,Haas F1 Team,47.0,96.806,SOFT,10.0,4.0,,,16.0,1,34.8,1.044,True,-0.5092,56.0,9.0,0,0,0
Bahrain,2023,HUL,Haas F1 Team,48.0,97.086,SOFT,11.0,4.0,,,16.0,1,33.2,0.996,True,-0.5092,56.0,8.0,0,0,0
Bahrain,2023,HUL,Haas F1 Team,49.0,97.077,SOFT,12.0,4.0,,,16.0,1,31.6,0.948,True,-0.5092,56.0,7.0,0,0,0
Bahrain,2023,HUL,Haas F1 Team,50.0,97.242,SOFT,13.0,4.0,,,16.0,1,30.0,0.9,True,-0.5092,56.0,6.0,0,0,0
Bahrain,2023,HUL,Haas F1 Team,51.0,97.306,SOFT,14.0,4.0,,,16.0,1,28.4,0.852,True,-0.5092,56.0,5.0,0,0,0
Bahrain,2023,HUL,Haas F1 Team,52.0,97.917,SOFT,15.0,4.0,,,16.0,1,26.8,0.804,True,-0.5092,56.0,4.0,0,0,0
Bahrain,2023,HUL,Haas F1 Team,53.0,98.067,SOFT,16.0,4.0,,,16.0,1,25.2,0.756,True,-0.5092,56.0,3.0,0,0,0
Bahrain,2023,HUL,Haas F1 Team,54.0,98.458,SOFT,17.0,4.0,,,16.0,1,23.6,0.708,True,-0.5092,56.0,2.0,0,0,0
Bahrain,2023,HUL,Haas F1 Team,55.0,98.564,SOFT,18.0,4.0,,,15.0,1,22.0,0.66,True,-0.5092,56.0,1.0,0,0,0
Bahrain,2023,HUL,Haas F1 Team,56.0,99.206,SOFT,19.0,4.0,,,15.0,1,20.4,0.612,True,-0.5092,56.0,0.0,0,0,0
Bahrain,2023,OCO,Alpine,1.0,105.967,SOFT,4.0,1.0,,,11.0,12,108.4,3.252,False,0.2025,41.0,40.0,0,0,0
Bahrain,2023,OCO,Alpine,2.0,100.408,SOFT,5.0,1.0,,,11.0,21,106.8,3.204,True,0.2025,41.0,39.0,0,0,0
Bahrain,2023,OCO,Alpine,3.0,99.948,SOFT,6.0,1.0,,,11.0,1,105.2,3.156,True,0.2025,41.0,38.0,0,0,0
Bahrain,2023,OCO,Alpine,4.0,99.543,SOFT,7.0,1.0,,,10.0,1,103.6,3.108,True,0.2025,41.0,37.0,0,0,0
Bahrain,2023,OCO,Alpine,5.0,100.281,SOFT,8.0,1.0,,,10.0,1,102.0,3.06,True,0.2025,41.0,36.0,0,0,0
Bahrain,2023,OCO,Alpine,6.0,100.331,SOFT,9.0,1.0,,,10.0,1,100.4,3.012,True,0.2025,41.0,35.0,0,0,0
Bahrain,2023,OCO,Alpine,7.0,100.488,SOFT,10.0,1.0,,,10.0,1,98.8,2.964,True,0.2025,41.0,34.0,0,0,0
Bahrain,2023,OCO,Alpine,8.0,100.562,SOFT,11.0,1.0,,,10.0,1,97.2,2.916,True,0.2025,41.0,33.0,0,0,0
Bahrain,2023,OCO,Alpine,9.0,100.866,SOFT,12.0,1.0,,,10.0,1,95.6,2.868,True,0.2025,41.0,32.0,0,0,0
Bahrain,2023,OCO,Alpine,10.0,100.858,SOFT,13.0,1.0,,,10.0,1,94.0,2.82,True,0.2025,41.0,31.0,0,0,0
Bahrain,2023,OCO,Alpine,11.0,101.035,SOFT,14.0,1.0,,,10.0,1,92.4,2.772,True,0.2025,41.0,30.0,0,0,0
Bahrain,2023,OCO,Alpine,12.0,103.787,SOFT,15.0,1.0,4969.224,,9.0,1,90.8,2.724,False,0.2025,41.0,29.0,0,0,1
Bahrain,2023,OCO,Alpine,13.0,120.381,HARD,1.0,2.0,,4994.208,12.0,1,89.2,2.676,False,-0.6075,41.0,28.0,0,0,0
Bahrain,2023,OCO,Alpine,14.0,98.649,HARD,2.0,2.0,,,12.0,1,87.6,2.628,True,-0.6075,41.0,27.0,0,0,0
Bahrain,2023,OCO,Alpine,15.0,101.863,HARD,3.0,2.0,5290.124,,13.0,1,86.0,2.58,False,-0.6075,41.0,26.0,0,0,1
Bahrain,2023,OCO,Alpine,16.0,135.708,HARD,4.0,3.0,,5331.608,19.0,1,84.4,2.532,False,-0.5402,41.0,25.0,0,0,0
Bahrain,2023,OCO,Alpine,17.0,98.78,HARD,5.0,3.0,,,19.0,1,82.8,2.484,True,-0.5402,41.0,24.0,0,0,0
Bahrain,2023,OCO,Alpine,18.0,98.886,HARD,6.0,3.0,,,18.0,1,81.2,2.436,True,-0.5402,41.0,23.0,0,0,0
Bahrain,2023,OCO,Alpine,19.0,98.817,HARD,7.0,3.0,,,18.0,1,79.6,2.388,True,-0.5402,41.0,22.0,0,0,0
Bahrain,2023,OCO,Alpine,20.0,98.809,HARD,8.0,3.0,,,18.0,1,78.0,2.34,True,-0.5402,41.0,21.0,0,0,0
Bahrain,2023,OCO,Alpine,21.0,98.976,HARD,9.0,3.0,,,18.0,1,76.4,2.292,True,-0.5402,41.0,20.0,0,0,0
Bahrain,2023,OCO,Alpine,22.0,99.028,HARD,10.0,3.0,,,18.0,1,74.8,2.244,True,-0.5402,41.0,19.0,0,0,0
Bahrain,2023,OCO,Alpine,23.0,100.052,HARD,11.0,3.0,,,19.0,1,73.2,2.196,True,-0.5402,41.0,18.0,0,0,0
Bahrain,2023,OCO,Alpine,24.0,99.382,HARD,12.0,3.0,,,19.0,1,71.6,2.148,True,-0.5402,41.0,17.0,0,0,0
Bahrain,2023,OCO,Alpine,25.0,99.435,HARD,13.0,3.0,,,19.0,1,70.0,2.1,True,-0.5402,41.0,16.0,0,0,0
Bahrain,2023,OCO,Alpine,26.0,99.521,HARD,14.0,3.0,,,19.0,1,68.4,2.052,True,-0.5402,41.0,15.0,0,0,0
Bahrain,2023,OCO,Alpine,27.0,99.594,HARD,15.0,3.0,,,18.0,1,66.8,2.004,True,-0.5402,41.0,14.0,0,0,0
Bahrain,2023,OCO,Alpine,28.0,100.026,HARD,16.0,3.0,,,17.0,1,65.2,1.956,True,-0.5402,41.0,13.0,0,0,0
Bahrain,2023,OCO,Alpine,29.0,101.181,HARD,17.0,3.0,,,17.0,1,63.6,1.908,True,-0.5402,41.0,12.0,0,0,0
Bahrain,2023,OCO,Alpine,30.0,99.757,HARD,18.0,3.0,,,16.0,1,62.0,1.86,True,-0.5402,41.0,11.0,0,0,0
Bahrain,2023,OCO,Alpine,31.0,99.748,HARD,19.0,3.0,,,16.0,1,60.4,1.812,True,-0.5402,41.0,10.0,0,0,0
Bahrain,2023,OCO,Alpine,32.0,104.296,HARD,20.0,3.0,7022.14,,18.0,1,58.8,1.764,False,-0.5402,41.0,9.0,0,0,1
Bahrain,2023,OCO,Alpine,33.0,138.694,HARD,1.0,4.0,,7066.639,19.0,1,57.2,1.716,False,-0.8232,41.0,8.0,0,0,0
Bahrain,2023,OCO,Alpine,34.0,96.797,HARD,2.0,4.0,,,19.0,1,55.6,1.668,True,-0.8232,41.0,7.0,0,0,0
Bahrain,2023,OCO,Alpine,35.0,96.964,HARD,3.0,4.0,,,19.0,1,54.0,1.62,True,-0.8232,41.0,6.0,0,0,0
Bahrain,2023,OCO,Alpine,36.0,97.364,HARD,4.0,4.0,,,19.0,1,52.4,1.572,True,-0.8232,41.0,5.0,0,0,0
Bahrain,2023,OCO,Alpine,37.0,97.338,HARD,5.0,4.0,,,19.0,1,50.8,1.524,True,-0.8232,41.0,4.0,0,0,0
Bahrain,2023,OCO,Alpine,38.0,97.216,HARD,6.0,4.0,,,18.0,1,49.2,1.476,True,-0.8232,41.0,3.0,0,0,0
Bahrain,2023,OCO,Alpine,39.0,97.523,HARD,7.0,4.0,,,18.0,12,47.6,1.428,True,-0.8232,41.0,2.0,0,0,0
Bahrain,2023,OCO,Alpine,40.0,128.023,HARD,8.0,4.0,,,17.0,2671,46.0,1.38,False,-0.8232,41.0,1.0,0,0,0
Bahrain,2023,OCO,Alpine,41.0,102.684,HARD,9.0,4.0,7974.779,,17.0,1,44.4,1.332,False,-0.8232,41.0,0.0,0,0,1
Bahrain,2023,NOR,McLaren,1.0,105.364,SOFT,1.0,1.0,,,10.0,12,108.4,3.252,False,-0.179,55.0,54.0,0,0,0
Bahrain,2023,NOR,McLaren,2.0,100.433,SOFT,2.0,1.0,,,10.0,21,106.8,3.204,True,-0.179,55.0,53.0,0,0,0
Bahrain,2023,NOR,McLaren,3.0,99.777,SOFT,3.0,1.0,,,10.0,1,105.2,3.156,True,-0.179,55.0,52.0,0,0,0
Bahrain,2023,NOR,McLaren,4.0,102.267,SOFT,4.0,1.0,,,12.0,1,103.6,3.108,True,-0.179,55.0,51.0,0,0,0
Bahrain,2023,NOR,McLaren,5.0,100.664,SOFT,5.0,1.0,,,12.0,1,102.0,3.06,True,-0.179,55.0,50.0,0,0,0
Bahrain,2023,NOR,McLaren,6.0,100.814,SOFT,6.0,1.0,,,12.0,1,100.4,3.012,True,-0.179,55.0,49.0,0,0,0
Bahrain,2023,NOR,McLaren,7.0,100.726,SOFT,7.0,1.0,,,12.0,1,98.8,2.964,True,-0.179,55.0,48.0,0,0,0
Bahrain,2023,NOR,McLaren,8.0,100.857,SOFT,8.0,1.0,,,12.0,1,97.2,2.916,True,-0.179,55.0,47.0,0,0,0
Bahrain,2023,NOR,McLaren,9.0,100.783,SOFT,9.0,1.0,,,12.0,1,95.6,2.868,True,-0.179,55.0,46.0,0,0,0
Bahrain,2023,NOR,McLaren,10.0,103.521,SOFT,10.0,1.0,4770.368,,13.0,1,94.0,2.82,False,-0.179,55.0,45.0,0,0,1
Bahrain,2023,NOR,McLaren,11.0,129.886,HARD,1.0,2.0,,4803.117,20.0,1,92.4,2.772,False,-0.2607,55.0,44.0,0,0,0
Bahrain,2023,NOR,McLaren,12.0,99.314,HARD,2.0,2.0,,,18.0,1,90.8,2.724,True,-0.2607,55.0,43.0,0,0,0
Bahrain,2023,NOR,McLaren,13.0,99.51,HARD,3.0,2.0,,,17.0,1,89.2,2.676,True,-0.2607,55.0,42.0,0,0,0
Bahrain,2023,NOR,McLaren,14.0,99.243,HARD,4.0,2.0,,,16.0,1,87.6,2.628,True,-0.2607,55.0,41.0,0,0,0
Bahrain,2023,NOR,McLaren,15.0,98.87,HARD,5.0,2.0,,,16.0,1,86.0,2.58,True,-0.2607,55.0,40.0,0,0,0
Bahrain,2023,NOR,McLaren,16.0,98.86,HARD,6.0,2.0,,,14.0,1,84.4,2.532,True,-0.2607,55.0,39.0,0,0,0
Bahrain,2023,NOR,McLaren,17.0,101.501,HARD,7.0,2.0,5497.542,,15.0,1,82.8,2.484,False,-0.2607,55.0,38.0,0,0,1
Bahrain,2023,NOR,McLaren,18.0,128.607,SOFT,4.0,3.0,,5531.464,19.0,1,81.2,2.436,False,-1.4806,55.0,37.0,0,0,0
Bahrain,2023,NOR,McLaren,19.0,97.966,SOFT,5.0,3.0,,,19.0,1,79.6,2.388,True,-1.4806,55.0,36.0,0,0,0
Bahrain,2023,NOR,McLaren,20.0,98.345,SOFT,6.0,3.0,,,19.0,1,78.0,2.34,True,-1.4806,55.0,35.0,0,0,0
Bahrain,2023,NOR,McLaren,21.0,98.297,SOFT,7.0,3.0,,,19.0,1,76.4,2.292,True,-1.4806,55.0,34.0,0,0,0
Bahrain,2023,NOR,McLaren,22.0,98.908,SOFT,8.0,3.0,,,19.0,1,74.8,2.244,True,-1.4806,55.0,33.0,0,0,0
Bahrain,2023,NOR,McLaren,23.0,98.291,SOFT,9.0,3.0,,,18.0,1,73.2,2.196,True,-1.4806,55.0,32.0,0,0,0
Bahrain,2023,NOR,McLaren,24.0,98.696,SOFT,10.0,3.0,,,18.0,1,71.6,2.148,True,-1.4806,55.0,31.0,0,0,0
Bahrain,2023,NOR,McLaren,25.0,98.447,SOFT,11.0,3.0,,,18.0,1,70.0,2.1,True,-1.4806,55.0,30.0,0,0,0
Bahrain,2023,NOR,McLaren,26.0,98.44,SOFT,12.0,3.0,,,18.0,1,68.4,2.052,True,-1.4806,55.0,29.0,0,0,0
Bahrain,2023,NOR,McLaren,27.0,100.973,SOFT,13.0,3.0,6514.493,,17.0,1,66.8,2.004,False,-1.4806,55.0,28.0,0,0,1
Bahrain,2023,NOR,McLaren,28.0,127.663,MEDIUM,1.0,4.0,,6547.976,19.0,1,65.2,1.956,False,-1.3783,55.0,27.0,0,0,0
Bahrain,2023,NOR,McLaren,29.0,97.26,MEDIUM,2.0,4.0,,,19.0,1,63.6,1.908,True,-1.3783,55.0,26.0,0,0,0
Bahrain,2023,NOR,McLaren,30.0,97.605,MEDIUM,3.0,4.0,,,19.0,1,62.0,1.86,True,-1.3783,55.0,25.0,0,0,0
Bahrain,2023,NOR,McLaren,31.0,97.768,MEDIUM,4.0,4.0,,,19.0,1,60.4,1.812,True,-1.3783,55.0,24.0,0,0,0
Bahrain,2023,NOR,McLaren,32.0,98.111,MEDIUM,5.0,4.0,,,19.0,1,58.8,1.764,True,-1.3783,55.0,23.0,0,0,0
Bahrain,2023,NOR,McLaren,33.0,97.52,MEDIUM,6.0,4.0,,,18.0,1,57.2,1.716,True,-1.3783,55.0,22.0,0,0,0
Bahrain,2023,NOR,McLaren,34.0,97.987,MEDIUM,7.0,4.0,,,18.0,1,55.6,1.668,True,-1.3783,55.0,21.0,0,0,0
Bahrain,2023,NOR,McLaren,35.0,97.87,MEDIUM,8.0,4.0,,,18.0,1,54.0,1.62,True,-1.3783,55.0,20.0,0,0,0
Bahrain,2023,NOR,McLaren,36.0,99.886,MEDIUM,9.0,4.0,,,18.0,1,52.4,1.572,True,-1.3783,55.0,19.0,0,0,0
Bahrain,2023,NOR,McLaren,37.0,100.197,MEDIUM,10.0,4.0,7526.365,,18.0,1,50.8,1.524,False,-1.3783,55.0,18.0,0,0,1
Bahrain,2023,NOR,McLaren,38.0,128.682,HARD,1.0,5.0,,7559.599,19.0,1,49.2,1.476,False,-2.4863,55.0,17.0,0,0,0
Bahrain,2023,NOR,McLaren,39.0,98.347,HARD,2.0,5.0,,,19.0,12,47.6,1.428,True,-2.4863,55.0,16.0,0,0,0
Bahrain,2023,NOR,McLaren,40.0,127.97,HARD,3.0,5.0,,,18.0,2671,46.0,1.38,False,-2.4863,55.0,15.0,0,0,0
Bahrain,2023,NOR,McLaren,41.0,96.705,HARD,4.0,5.0,,,18.0,1,44.4,1.332,True,-2.4863,55.0,14.0,0,0,0
Bahrain,2023,NOR,McLaren,42.0,96.668,HARD,5.0,5.0,,,17.0,1,42.8,1.284,True,-2.4863,55.0,13.0,0,0,0
Bahrain,2023,NOR,McLaren,43.0,96.687,HARD,6.0,5.0,,,17.0,1,41.2,1.236,True,-2.4863,55.0,12.0,0,0,0
Bahrain,2023,NOR,McLaren,44.0,97.219,HARD,7.0,5.0,,,17.0,1,39.6,1.188,True,-2.4863,55.0,11.0,0,0,0
Bahrain,2023,NOR,McLaren,45.0,97.426,HARD,8.0,5.0,,,17.0,1,38.0,1.14,True,-2.4863,55.0,10.0,0,0,0
Bahrain,2023,NOR,McLaren,46.0,97.656,HARD,9.0,5.0,,,17.0,1,36.4,1.092,True,-2.4863,55.0,9.0,0,0,0
Bahrain,2023,NOR,McLaren,47.0,100.433,HARD,10.0,5.0,8564.159,,17.0,1,34.8,1.044,False,-2.4863,55.0,8.0,0,0,1
Bahrain,2023,NOR,McLaren,48.0,126.905,SOFT,5.0,6.0,,8594.893,17.0,1,33.2,0.996,False,-3.0576,55.0,7.0,0,0,0
Bahrain,2023,NOR,McLaren,49.0,99.08,SOFT,6.0,6.0,,,17.0,1,31.6,0.948,True,-3.0576,55.0,6.0,0,0,0
Bahrain,2023,NOR,McLaren,50.0,95.257,SOFT,7.0,6.0,,,17.0,1,30.0,0.9,True,-3.0576,55.0,5.0,0,0,0
Bahrain,2023,NOR,McLaren,51.0,95.822,SOFT,8.0,6.0,,,17.0,1,28.4,0.852,True,-3.0576,55.0,4.0,0,0,0
Bahrain,2023,NOR,McLaren,52.0,96.152,SOFT,9.0,6.0,,,17.0,1,26.8,0.804,True,-3.0576,55.0,3.0,0,0,0
Bahrain,2023,NOR,McLaren,53.0,96.5,SOFT,10.0,6.0,,,17.0,1,25.2,0.756,True,-3.0576,55.0,2.0,0,0,0
Bahrain,2023,NOR,McLaren,54.0,99.789,SOFT,11.0,6.0,9273.677,,17.0,1,23.6,0.708,False,-3.0576,55.0,1.0,0,0,1
Bahrain,2023,NOR,McLaren,55.0,124.847,SOFT,7.0,7.0,,9305.192,17.0,1,22.0,0.66,False,,55.0,0.0,0,0,0
Bahrain,2023,HAM,Mercedes,1.0,102.288,SOFT,4.0,1.0,,,5.0,12,108.4,3.252,False,-0.2872,57.0,56.0,0,0,0
Bahrain,2023,HAM,Mercedes,2.0,99.166,SOFT,5.0,1.0,,,5.0,21,106.8,3.204,True,-0.2872,57.0,55.0,0,0,0
Bahrain,2023,HAM,Mercedes,3.0,99.22,SOFT,6.0,1.0,,,5.0,1,105.2,3.156,True,-0.2872,57.0,54.0,0,0,0
Bahrain,2023,HAM,Mercedes,4.0,99.198,SOFT,7.0,1.0,,,5.0,1,103.6,3.108,True,-0.2872,57.0,53.0,0,0,0
Bahrain,2023,HAM,Mercedes,5.0,99.335,SOFT,8.0,1.0,,,5.0,1,102.0,3.06,True,-0.2872,57.0,52.0,0,0,0
Bahrain,2023,HAM,Mercedes,6.0,99.756,SOFT,9.0,1.0,,,5.0,1,100.4,3.012,True,-0.2872,57.0,51.0,0,0,0
Bahrain,2023,HAM,Mercedes,7.0,99.757,SOFT,10.0,1.0,,,5.0,1,98.8,2.964,True,-0.2872,57.0,50.0,0,0,0
Bahrain,2023,HAM,Mercedes,8.0,100.267,SOFT,11.0,1.0,,,5.0,1,97.2,2.916,True,-0.2872,57.0,49.0,0,0,0
Bahrain,2023,HAM,Mercedes,9.0,100.323,SOFT,12.0,1.0,,,5.0,1,95.6,2.868,True,-0.2872,57.0,48.0,0,0,0
Bahrain,2023,HAM,Mercedes,10.0,100.289,SOFT,13.0,1.0,,,5.0,1,94.0,2.82,True,-0.2872,57.0,47.0,0,0,0
Bahrain,2023,HAM,Mercedes,11.0,100.752,SOFT,14.0,1.0,,,5.0,1,92.4,2.772,True,-0.2872,57.0,46.0,0,0,0
Bahrain,2023,HAM,Mercedes,12.0,103.336,SOFT,15.0,1.0,4958.865,,7.0,1,90.8,2.724,False,-0.2872,57.0,45.0,0,0,1
Bahrain,2023,HAM,Mercedes,13.0,119.179,HARD,1.0,2.0,,4983.52,8.0,1,89.2,2.676,False,-0.1122,57.0,44.0,0,0,0
Bahrain,2023,HAM,Mercedes,14.0,98.308,HARD,2.0,2.0,,,7.0,1,87.6,2.628,True,-0.1122,57.0,43.0,0,0,0
Bahrain,2023,HAM,Mercedes,15.0,98.527,HARD,3.0,2.0,,,6.0,1,86.0,2.58,True,-0.1122,57.0,42.0,0,0,0
Bahrain,2023,HAM,Mercedes,16.0,98.617,HARD,4.0,2.0,,,5.0,1,84.4,2.532,True,-0.1122,57.0,41.0,0,0,0
Bahrain,2023,HAM,Mercedes,17.0,98.704,HARD,5.0,2.0,,,5.0,1,82.8,2.484,True,-0.1122,57.0,40.0,0,0,0
Bahrain,2023,HAM,Mercedes,18.0,98.69,HARD,6.0,2.0,,,5.0,1,81.2,2.436,True,-0.1122,57.0,39.0,0,0,0
Bahrain,2023,HAM,Mercedes,19.0,98.684,HARD,7.0,2.0,,,5.0,1,79.6,2.388,True,-0.1122,57.0,38.0,0,0,0
Bahrain,2023,HAM,Mercedes,20.0,98.478,HARD,8.0,2.0,,,5.0,1,78.0,2.34,True,-0.1122,57.0,37.0,0,0,0
Bahrain,2023,HAM,Mercedes,21.0,98.581,HARD,9.0,2.0,,,5.0,1,76.4,2.292,True,-0.1122,57.0,36.0,0,0,0
Bahrain,2023,HAM,Mercedes,22.0,98.46,HARD,10.0,2.0,,,5.0,1,74.8,2.244,True,-0.1122,57.0,35.0,0,0,0
Bahrain,2023,HAM,Mercedes,23.0,98.384,HARD,11.0,2.0,,,5.0,1,73.2,2.196,True,-0.1122,57.0,34.0,0,0,0
Bahrain,2023,HAM,Mercedes,24.0,98.367,HARD,12.0,2.0,,,5.0,1,71.6,2.148,True,-0.1122,57.0,33.0,0,0,0
Bahrain,2023,HAM,Mercedes,25.0,98.29,HARD,13.0,2.0,,,5.0,1,70.0,2.1,True,-0.1122,57.0,32.0,0,0,0
Bahrain,2023,HAM,Mercedes,26.0,98.339,HARD,14.0,2.0,,,5.0,1,68.4,2.052,True,-0.1122,57.0,31.0,0,0,0
Bahrain,2023,HAM,Mercedes,27.0,98.369,HARD,15.0,2.0,,,5.0,1,66.8,2.004,True,-0.1122,57.0,30.0,0,0,0
Bahrain,2023,HAM,Mercedes,28.0,98.265,HARD,16.0,2.0,,,5.0,1,65.2,1.956,True,-0.1122,57.0,29.0,0,0,0
Bahrain,2023,HAM,Mercedes,29.0,98.38,HARD,17.0,2.0,,,5.0,1,63.6,1.908,True,-0.1122,57.0,28.0,0,0,0
Bahrain,2023,HAM,Mercedes,30.0,101.175,HARD,18.0,2.0,6754.645,,6.0,1,62.0,1.86,False,-0.1122,57.0,27.0,0,0,1
Bahrain,2023,HAM,Mercedes,31.0,119.503,HARD,1.0,3.0,,6779.316,7.0,1,60.4,1.812,False,-0.2287,57.0,26.0,0,0,0
Bahrain,2023,HAM,Mercedes,32.0,97.563,HARD,2.0,3.0,,,6.0,1,58.8,1.764,True,-0.2287,57.0,25.0,0,0,0
Bahrain,2023,HAM,Mercedes,33.0,97.549,HARD,3.0,3.0,,,6.0,1,57.2,1.716,True,-0.2287,57.0,24.0,0,0,0
Bahrain,2023,HAM,Mercedes,34.0,98.135,HARD,4.0,3.0,,,6.0,1,55.6,1.668,True,-0.2287,57.0,23.0,0,0,0
Bahrain,2023,HAM,Mercedes,35.0,96.831,HARD,5.0,3.0,,,5.0,1,54.0,1.62,True,-0.2287,57.0,22.0,0,0,0
Bahrain,2023,HAM,Mercedes,36.0,96.546,HARD,6.0,3.0,,,5.0,1,52.4,1.572,True,-0.2287,57.0,21.0,0,0,0
Bahrain,2023,HAM,Mercedes,37.0,97.388,HARD,7.0,3.0,,,5.0,1,50.8,1.524,True,-0.2287,57.0,20.0,0,0,0
Bahrain,2023,HAM,Mercedes,38.0,98.304,HARD,8.0,3.0,,,6.0,1,49.2,1.476,True,-0.2287,57.0,19.0,0,0,0
Bahrain,2023,HAM,Mercedes,39.0,97.478,HARD,9.0,3.0,,,6.0,1,47.6,1.428,True,-0.2287,57.0,18.0,0,0,0
Bahrain,2023,HAM,Mercedes,40.0,97.494,HARD,10.0,3.0,,,5.0,12,46.0,1.38,True,-0.2287,57.0,17.0,0,0,0
Bahrain,2023,HAM,Mercedes,41.0,126.491,HARD,11.0,3.0,,,5.0,2671,44.4,1.332,False,-0.2287,57.0,16.0,0,0,0
Bahrain,2023,HAM,Mercedes,42.0,97.061,HARD,12.0,3.0,,,5.0,1,42.8,1.284,True,-0.2287,57.0,15.0,0,0,0
Bahrain,2023,HAM,Mercedes,43.0,97.111,HARD,13.0,3.0,,,5.0,1,41.2,1.236,True,-0.2287,57.0,14.0,0,0,0
Bahrain,2023,HAM,Mercedes,44.0,97.048,HARD,14.0,3.0,,,5.0,1,39.6,1.188,True,-0.2287,57.0,13.0,0,0,0
Bahrain,2023,HAM,Mercedes,45.0,97.661,HARD,15.0,3.0,,,5.0,1,38.0,1.14,True,-0.2287,57.0,12.0,0,0,0
Bahrain,2023,HAM,Mercedes,46.0,97.779,HARD,16.0,3.0,,,5.0,1,36.4,1.092,True,-0.2287,57.0,11.0,0,0,0
Bahrain,2023,HAM,Mercedes,47.0,98.517,HARD,17.0,3.0,,,5.0,1,34.8,1.044,True,-0.2287,57.0,10.0,0,0,0
Bahrain,2023,HAM,Mercedes,48.0,97.844,HARD,18.0,3.0,,,5.0,1,33.2,0.996,True,-0.2287,57.0,9.0,0,0,0
Bahrain,2023,HAM,Mercedes,49.0,97.954,HARD,19.0,3.0,,,5.0,1,31.6,0.948,True,-0.2287,57.0,8.0,0,0,0
Bahrain,2023,HAM,Mercedes,50.0,97.77,HARD,20.0,3.0,,,5.0,1,30.0,0.9,True,-0.2287,57.0,7.0,0,0,0
Bahrain,2023,HAM,Mercedes,51.0,98.014,HARD,21.0,3.0,,,5.0,1,28.4,0.852,True,-0.2287,57.0,6.0,0,0,0
Bahrain,2023,HAM,Mercedes,52.0,97.803,HARD,22.0,3.0,,,5.0,1,26.8,0.804,True,-0.2287,57.0,5.0,0,0,0
Bahrain,2023,HAM,Mercedes,53.0,97.988,HARD,23.0,3.0,,,5.0,1,25.2,0.756,True,-0.2287,57.0,4.0,0,0,0
Bahrain,2023,HAM,Mercedes,54.0,98.076,HARD,24.0,3.0,,,5.0,1,23.6,0.708,True,-0.2287,57.0,3.0,0,0,0
Bahrain,2023,HAM,Mercedes,55.0,97.955,HARD,25.0,3.0,,,5.0,1,22.0,0.66,True,-0.2287,57.0,2.0,0,0,0
Bahrain,2023,HAM,Mercedes,56.0,98.111,HARD,26.0,3.0,,,5.0,1,20.4,0.612,True,-0.2287,57.0,1.0,0,0,0
Bahrain,2023,HAM,Mercedes,57.0,98.255,HARD,27.0,3.0,,,5.0,1,18.8,0.564,True,-0.2287,57.0,0.0,0,0,0
Bahrain,2023,SAI,Ferrari,1.0,101.659,SOFT,4.0,1.0,,,4.0,12,108.4,3.252,False,-0.1998,57.0,56.0,0,0,0
Bahrain,2023,SAI,Ferrari,2.0,98.933,SOFT,5.0,1.0,,,4.0,21,106.8,3.204,True,-0.1998,57.0,55.0,0,0,0
Bahrain,2023,SAI,Ferrari,3.0,99.042,SOFT,6.0,1.0,,,4.0,1,105.2,3.156,True,-0.1998,57.0,54.0,0,0,0
Bahrain,2023,SAI,Ferrari,4.0,98.985,SOFT,7.0,1.0,,,4.0,1,103.6,3.108,True,-0.1998,57.0,53.0,0,0,0
Bahrain,2023,SAI,Ferrari,5.0,99.128,SOFT,8.0,1.0,,,4.0,1,102.0,3.06,True,-0.1998,57.0,52.0,0,0,0
Bahrain,2023,SAI,Ferrari,6.0,99.474,SOFT,9.0,1.0,,,4.0,1,100.4,3.012,True,-0.1998,57.0,51.0,0,0,0
Bahrain,2023,SAI,Ferrari,7.0,99.502,SOFT,10.0,1.0,,,4.0,1,98.8,2.964,True,-0.1998,57.0,50.0,0,0,0
Bahrain,2023,SAI,Ferrari,8.0,99.779,SOFT,11.0,1.0,,,4.0,1,97.2,2.916,True,-0.1998,57.0,49.0,0,0,0
Bahrain,2023,SAI,Ferrari,9.0,99.744,SOFT,12.0,1.0,,,4.0,1,95.6,2.868,True,-0.1998,57.0,48.0,0,0,0
Bahrain,2023,SAI,Ferrari,10.0,100.102,SOFT,13.0,1.0,,,4.0,1,94.0,2.82,True,-0.1998,57.0,47.0,0,0,0
Bahrain,2023,SAI,Ferrari,11.0,100.507,SOFT,14.0,1.0,,,4.0,1,92.4,2.772,True,-0.1998,57.0,46.0,0,0,0
Bahrain,2023,SAI,Ferrari,12.0,100.52,SOFT,15.0,1.0,,,4.0,1,90.8,2.724,True,-0.1998,57.0,45.0,0,0,0
Bahrain,2023,SAI,Ferrari,13.0,103.31,SOFT,16.0,1.0,5055.816,,4.0,1,89.2,2.676,False,-0.1998,57.0,44.0,0,0,1
Bahrain,2023,SAI,Ferrari,14.0,119.006,HARD,1.0,2.0,,5080.347,6.0,1,87.6,2.628,False,-0.0519,57.0,43.0,0,0,0
Bahrain,2023,SAI,Ferrari,15.0,97.985,HARD,2.0,2.0,,,5.0,1,86.0,2.58,True,-0.0519,57.0,42.0,0,0,0
Bahrain,2023,SAI,Ferrari,16.0,98.433,HARD,3.0,2.0,,,4.0,1,84.4,2.532,True,-0.0519,57.0,41.0,0,0,0
Bahrain,2023,SAI,Ferrari,17.0,98.161,HARD,4.0,2.0,,,4.0,1,82.8,2.484,True,-0.0519,57.0,40.0,0,0,0
Bahrain,2023,SAI,Ferrari,18.0,98.287,HARD,5.0,2.0,,,4.0,1,81.2,2.436,True,-0.0519,57.0,39.0,0,0,0
Bahrain,2023,SAI,Ferrari,19.0,98.21,HARD,6.0,2.0,,,4.0,1,79.6,2.388,True,-0.0519,57.0,38.0,0,0,0
Bahrain,2023,SAI,Ferrari,20.0,98.096,HARD,7.0,2.0,,,4.0,1,78.0,2.34,True,-0.0519,57.0,37.0,0,0,0
Bahrain,2023,SAI,Ferrari,21.0,98.24,HARD,8.0,2.0,,,4.0,1,76.4,2.292,True,-0.0519,57.0,36.0,0,0,0
Bahrain,2023,SAI,Ferrari,22.0,98.453,HARD,9.0,2.0,,,4.0,1,74.8,2.244,True,-0.0519,57.0,35.0,0,0,0
Bahrain,2023,SAI,Ferrari,23.0,98.597,HARD,10.0,2.0,,,4.0,1,73.2,2.196,True,-0.0519,57.0,34.0,0,0,0
Bahrain,2023,SAI,Ferrari,24.0,98.314,HARD,11.0,2.0,,,4.0,1,71.6,2.148,True,-0.0519,57.0,33.0,0,0,0
Bahrain,2023,SAI,Ferrari,25.0,98.571,HARD,12.0,2.0,,,4.0,1,70.0,2.1,True,-0.0519,57.0,32.0,0,0,0
Bahrain,2023,SAI,Ferrari,26.0,98.331,HARD,13.0,2.0,,,4.0,1,68.4,2.052,True,-0.0519,57.0,31.0,0,0,0
Bahrain,2023,SAI,Ferrari,27.0,98.423,HARD,14.0,2.0,,,4.0,1,66.8,2.004,True,-0.0519,57.0,30.0,0,0,0
Bahrain,2023,SAI,Ferrari,28.0,98.474,HARD,15.0,2.0,,,4.0,1,65.2,1.956,True,-0.0519,57.0,29.0,0,0,0
Bahrain,2023,SAI,Ferrari,29.0,98.55,HARD,16.0,2.0,,,4.0,1,63.6,1.908,True,-0.0519,57.0,28.0,0,0,0
Bahrain,2023,SAI,Ferrari,30.0,98.601,HARD,17.0,2.0,,,4.0,1,62.0,1.86,True,-0.0519,57.0,27.0,0,0,0
Bahrain,2023,SAI,Ferrari,31.0,101.274,HARD,18.0,2.0,6849.846,,4.0,1,60.4,1.812,False,-0.0519,57.0,26.0,0,0,1
Bahrain,2023,SAI,Ferrari,32.0,118.492,HARD,1.0,3.0,,6874.096,5.0,1,58.8,1.764,False,-0.2279,57.0,25.0,0,0,0
Bahrain,2023,SAI,Ferrari,33.0,97.548,HARD,2.0,3.0,,,5.0,1,57.2,1.716,True,-0.2279,57.0,24.0,0,0,0
Bahrain,2023,SAI,Ferrari,34.0,97.475,HARD,3.0,3.0,,,5.0,1,55.6,1.668,True,-0.2279,57.0,23.0,0,0,0
Bahrain,2023,SAI,Ferrari,35.0,97.441,HARD,4.0,3.0,,,4.0,1,54.0,1.62,True,-0.2279,57.0,22.0,0,0,0
Bahrain,2023,SAI,Ferrari,36.0,97.706,HARD,5.0,3.0,,,4.0,1,52.4,1.572,True,-0.2279,57.0,21.0,0,0,0
Bahrain,2023,SAI,Ferrari,37.0,97.13,HARD,6.0,3.0,,,4.0,1,50.8,1.524,True,-0.2279,57.0,20.0,0,0,0
Bahrain,2023,SAI,Ferrari,38.0,97.444,HARD,7.0,3.0,,,4.0,1,49.2,1.476,True,-0.2279,57.0,19.0,0,0,0
Bahrain,2023,SAI,Ferrari,39.0,97.403,HARD,8.0,3.0,,,4.0,1,47.6,1.428,True,-0.2279,57.0,18.0,0,0,0
Bahrain,2023,SAI,Ferrari,40.0,97.587,HARD,9.0,3.0,,,3.0,12,46.0,1.38,True,-0.2279,57.0,17.0,0,0,0
Bahrain,2023,SAI,Ferrari,41.0,126.436,HARD,10.0,3.0,,,3.0,2671,44.4,1.332,False,-0.2279,57.0,16.0,0,0,0
Bahrain,2023,SAI,Ferrari,42.0,97.375,HARD,11.0,3.0,,,3.0,1,42.8,1.284,True,-0.2279,57.0,15.0,0,0,0
Bahrain,2023,SAI,Ferrari,43.0,97.294,HARD,12.0,3.0,,,3.0,1,41.2,1.236,True,-0.2279,57.0,14.0,0,0,0
Bahrain,2023,SAI,Ferrari,44.0,97.389,HARD,13.0,3.0,,,3.0,1,39.6,1.188,True,-0.2279,57.0,13.0,0,0,0
Bahrain,2023,SAI,Ferrari,45.0,99.561,HARD,14.0,3.0,,,4.0,1,38.0,1.14,True,-0.2279,57.0,12.0,0,0,0
Bahrain,2023,SAI,Ferrari,46.0,97.844,HARD,15.0,3.0,,,4.0,1,36.4,1.092,True,-0.2279,57.0,11.0,0,0,0
Bahrain,2023,SAI,Ferrari,47.0,98.222,HARD,16.0,3.0,,,4.0,1,34.8,1.044,True,-0.2279,57.0,10.0,0,0,0
Bahrain,2023,SAI,Ferrari,48.0,97.897,HARD,17.0,3.0,,,4.0,1,33.2,0.996,True,-0.2279,57.0,9.0,0,0,0
Bahrain,2023,SAI,Ferrari,49.0,97.765,HARD,18.0,3.0,,,4.0,1,31.6,0.948,True,-0.2279,57.0,8.0,0,0,0
Bahrain,2023,SAI,Ferrari,50.0,97.604,HARD,19.0,3.0,,,4.0,1,30.0,0.9,True,-0.2279,57.0,7.0,0,0,0
Bahrain,2023,SAI,Ferrari,51.0,97.672,HARD,20.0,3.0,,,4.0,1,28.4,0.852,True,-0.2279,57.0,6.0,0,0,0
Bahrain,2023,SAI,Ferrari,52.0,97.49,HARD,21.0,3.0,,,4.0,1,26.8,0.804,True,-0.2279,57.0,5.0,0,0,0
Bahrain,2023,SAI,Ferrari,53.0,97.66,HARD,22.0,3.0,,,4.0,1,25.2,0.756,True,-0.2279,57.0,4.0,0,0,0
Bahrain,2023,SAI,Ferrari,54.0,97.694,HARD,23.0,3.0,,,4.0,1,23.6,0.708,True,-0.2279,57.0,3.0,0,0,0
Bahrain,2023,SAI,Ferrari,55.0,97.821,HARD,24.0,3.0,,,4.0,1,22.0,0.66,True,-0.2279,57.0,2.0,0,0,0
Bahrain,2023,SAI,Ferrari,56.0,98.126,HARD,25.0,3.0,,,4.0,1,20.4,0.612,True,-0.2279,57.0,1.0,0,0,0
Bahrain,2023,SAI,Ferrari,57.0,98.021,HARD,26.0,3.0,,,4.0,1,18.8,0.564,True,-0.2279,57.0,0.0,0,0,0
Bahrain,2023,RUS,Mercedes,1.0,102.662,SOFT,4.0,1.0,,,6.0,12,108.4,3.252,False,-0.2473,57.0,56.0,0,0,0
Bahrain,2023,RUS,Mercedes,2.0,99.59,SOFT,5.0,1.0,,,6.0,21,106.8,3.204,True,-0.2473,57.0,55.0,0,0,0
Bahrain,2023,RUS,Mercedes,3.0,99.093,SOFT,6.0,1.0,,,6.0,1,105.2,3.156,True,-0.2473,57.0,54.0,0,0,0
Bahrain,2023,RUS,Mercedes,4.0,99.261,SOFT,7.0,1.0,,,6.0,1,103.6,3.108,True,-0.2473,57.0,53.0,0,0,0
Bahrain,2023,RUS,Mercedes,5.0,99.549,SOFT,8.0,1.0,,,6.0,1,102.0,3.06,True,-0.2473,57.0,52.0,0,0,0
Bahrain,2023,RUS,Mercedes,6.0,99.493,SOFT,9.0,1.0,,,6.0,1,100.4,3.012,True,-0.2473,57.0,51.0,0,0,0
Bahrain,2023,RUS,Mercedes,7.0,100.056,SOFT,10.0,1.0,,,6.0,1,98.8,2.964,True,-0.2473,57.0,50.0,0,0,0
Bahrain,2023,RUS,Mercedes,8.0,100.31,SOFT,11.0,1.0,,,6.0,1,97.2,2.916,True,-0.2473,57.0,49.0,0,0,0
Bahrain,2023,RUS,Mercedes,9.0,100.42,SOFT,12.0,1.0,,,6.0,1,95.6,2.868,True,-0.2473,57.0,48.0,0,0,0
Bahrain,2023,RUS,Mercedes,10.0,100.532,SOFT,13.0,1.0,,,6.0,1,94.0,2.82,True,-0.2473,57.0,47.0,0,0,0
Bahrain,2023,RUS,Mercedes,11.0,101.085,SOFT,14.0,1.0,,,6.0,1,92.4,2.772,True,-0.2473,57.0,46.0,0,0,0
Bahrain,2023,RUS,Mercedes,12.0,101.112,SOFT,15.0,1.0,,,5.0,1,90.8,2.724,True,-0.2473,57.0,45.0,0,0,0
Bahrain,2023,RUS,Mercedes,13.0,104.691,SOFT,16.0,1.0,5063.066,,7.0,1,89.2,2.676,False,-0.2473,57.0,44.0,0,0,1
Bahrain,2023,RUS,Mercedes,14.0,121.269,HARD,1.0,2.0,,5090.05,10.0,1,87.6,2.628,False,-0.2932,57.0,43.0,0,0,0
Bahrain,2023,RUS,Mercedes,15.0,97.46,HARD,2.0,2.0,,,9.0,1,86.0,2.58,True,-0.2932,57.0,42.0,0,0,0
Bahrain,2023,RUS,Mercedes,16.0,97.833,HARD,3.0,2.0,,,8.0,1,84.4,2.532,True,-0.2932,57.0,41.0,0,0,0
Bahrain,2023,RUS,Mercedes,17.0,98.604,HARD,4.0,2.0,,,8.0,1,82.8,2.484,True,-0.2932,57.0,40.0,0,0,0
Bahrain,2023,RUS,Mercedes,18.0,98.427,HARD,5.0,2.0,,,7.0,1,81.2,2.436,True,-0.2932,57.0,39.0,0,0,0
Bahrain,2023,RUS,Mercedes,19.0,98.512,HARD,6.0,2.0,,,7.0,1,79.6,2.388,True,-0.2932,57.0,38.0,0,0,0
Bahrain,2023,RUS,Mercedes,20.0,98.578,HARD,7.0,2.0,,,7.0,1,78.0,2.34,True,-0.2932,57.0,37.0,0,0,0
Bahrain,2023,RUS,Mercedes,21.0,98.555,HARD,8.0,2.0,,,7.0,1,76.4,2.292,True,-0.2932,57.0,36.0,0,0,0
Bahrain,2023,RUS,Mercedes,22.0,98.438,HARD,9.0,2.0,,,7.0,1,74.8,2.244,True,-0.2932,57.0,35.0,0,0,0
Bahrain,2023,RUS,Mercedes,23.0,98.773,HARD,10.0,2.0,,,7.0,1,73.2,2.196,True,-0.2932,57.0,34.0,0,0,0
Bahrain,2023,RUS,Mercedes,24.0,98.643,HARD,11.0,2.0,,,7.0,1,71.6,2.148,True,-0.2932,57.0,33.0,0,0,0
Bahrain,2023,RUS,Mercedes,25.0,98.487,HARD,12.0,2.0,,,7.0,1,70.0,2.1,True,-0.2932,57.0,32.0,0,0,0
Bahrain,2023,RUS,Mercedes,26.0,98.462,HARD,13.0,2.0,,,7.0,1,68.4,2.052,True,-0.2932,57.0,31.0,0,0,0
Bahrain,2023,RUS,Mercedes,27.0,98.625,HARD,14.0,2.0,,,7.0,1,66.8,2.004,True,-0.2932,57.0,30.0,0,0,0
Bahrain,2023,RUS,Mercedes,28.0,98.448,HARD,15.0,2.0,,,7.0,1,65.2,1.956,True,-0.2932,57.0,29.0,0,0,0
Bahrain,2023,RUS,Mercedes,29.0,98.792,HARD,16.0,2.0,,,7.0,1,63.6,1.908,True,-0.2932,57.0,28.0,0,0,0
Bahrain,2023,RUS,Mercedes,30.0,98.541,HARD,17.0,2.0,,,7.0,1,62.0,1.86,True,-0.2932,57.0,27.0,0,0,0
Bahrain,2023,RUS,Mercedes,31.0,101.035,HARD,18.0,2.0,6860.502,,6.0,1,60.4,1.812,False,-0.2932,57.0,26.0,0,0,1
Bahrain,2023,RUS,Mercedes,32.0,118.694,HARD,1.0,3.0,,6884.892,8.0,1,58.8,1.764,False,-0.3723,57.0,25.0,0,0,0
Bahrain,2023,RUS,Mercedes,33.0,97.221,HARD,2.0,3.0,,,8.0,1,57.2,1.716,True,-0.3723,57.0,24.0,0,0,0
Bahrain,2023,RUS,Mercedes,34.0,97.311,HARD,3.0,3.0,,,8.0,1,55.6,1.668,True,-0.3723,57.0,23.0,0,0,0
Bahrain,2023,RUS,Mercedes,35.0,97.592,HARD,4.0,3.0,,,8.0,1,54.0,1.62,True,-0.3723,57.0,22.0,0,0,0
Bahrain,2023,RUS,Mercedes,36.0,97.607,HARD,5.0,3.0,,,8.0,1,52.4,1.572,True,-0.3723,57.0,21.0,0,0,0
Bahrain,2023,RUS,Mercedes,37.0,97.822,HARD,6.0,3.0,,,8.0,1,50.8,1.524,True,-0.3723,57.0,20.0,0,0,0
Bahrain,2023,RUS,Mercedes,38.0,97.66,HARD,7.0,3.0,,,8.0,1,49.2,1.476,True,-0.3723,57.0,19.0,0,0,0
Bahrain,2023,RUS,Mercedes,39.0,97.495,HARD,8.0,3.0,,,8.0,1,47.6,1.428,True,-0.3723,57.0,18.0,0,0,0
Bahrain,2023,RUS,Mercedes,40.0,98.085,HARD,9.0,3.0,,,7.0,126,46.0,1.38,False,-0.3723,57.0,17.0,0,0,0
Bahrain,2023,RUS,Mercedes,41.0,126.293,HARD,10.0,3.0,,,7.0,671,44.4,1.332,False,-0.3723,57.0,16.0,0,0,0
Bahrain,2023,RUS,Mercedes,42.0,97.035,HARD,11.0,3.0,,,7.0,1,42.8,1.284,True,-0.3723,57.0,15.0,0,0,0
Bahrain,2023,RUS,Mercedes,43.0,97.48,HARD,12.0,3.0,,,7.0,1,41.2,1.236,True,-0.3723,57.0,14.0,0,0,0
Bahrain,2023,RUS,Mercedes,44.0,97.597,HARD,13.0,3.0,,,7.0,1,39.6,1.188,True,-0.3723,57.0,13.0,0,0,0
Bahrain,2023,RUS,Mercedes,45.0,97.316,HARD,14.0,3.0,,,7.0,1,38.0,1.14,True,-0.3723,57.0,12.0,0,0,0
Bahrain,2023,RUS,Mercedes,46.0,97.571,HARD,15.0,3.0,,,7.0,1,36.4,1.092,True,-0.3723,57.0,11.0,0,0,0
Bahrain,2023,RUS,Mercedes,47.0,97.432,HARD,16.0,3.0,,,7.0,1,34.8,1.044,True,-0.3723,57.0,10.0,0,0,0
Bahrain,2023,RUS,Mercedes,48.0,97.52,HARD,17.0,3.0,,,7.0,1,33.2,0.996,True,-0.3723,57.0,9.0,0,0,0
Bahrain,2023,RUS,Mercedes,49.0,97.718,HARD,18.0,3.0,,,7.0,1,31.6,0.948,True,-0.3723,57.0,8.0,0,0,0
Bahrain,2023,RUS,Mercedes,50.0,97.383,HARD,19.0,3.0,,,7.0,1,30.0,0.9,True,-0.3723,57.0,7.0,0,0,0
Bahrain,2023,RUS,Mercedes,51.0,97.825,HARD,20.0,3.0,,,7.0,1,28.4,0.852,True,-0.3723,57.0,6.0,0,0,0
Bahrain,2023,RUS,Mercedes,52.0,97.589,HARD,21.0,3.0,,,7.0,1,26.8,0.804,True,-0.3723,57.0,5.0,0,0,0
Bahrain,2023,RUS,Mercedes,53.0,97.841,HARD,22.0,3.0,,,7.0,1,25.2,0.756,True,-0.3723,57.0,4.0,0,0,0
Bahrain,2023,RUS,Mercedes,54.0,97.923,HARD,23.0,3.0,,,7.0,1,23.6,0.708,True,-0.3723,57.0,3.0,0,0,0
Bahrain,2023,RUS,Mercedes,55.0,97.86,HARD,24.0,3.0,,,7.0,1,22.0,0.66,True,-0.3723,57.0,2.0,0,0,0
Bahrain,2023,RUS,Mercedes,56.0,97.636,HARD,25.0,3.0,,,7.0,1,20.4,0.612,True,-0.3723,57.0,1.0,0,0,0
Bahrain,2023,RUS,Mercedes,57.0,97.767,HARD,26.0,3.0,,,7.0,1,18.8,0.564,True,-0.3723,57.0,0.0,0,0,0
Bahrain,2023,BOT,Alfa Romeo,1.0,104.154,SOFT,1.0,1.0,,,8.0,12,108.4,3.252,False,-0.0484,57.0,56.0,0,0,0
Bahrain,2023,BOT,Alfa Romeo,2.0,99.956,SOFT,2.0,1.0,,,8.0,21,106.8,3.204,True,-0.0484,57.0,55.0,0,0,0
Bahrain,2023,BOT,Alfa Romeo,3.0,99.397,SOFT,3.0,1.0,,,8.0,1,105.2,3.156,True,-0.0484,57.0,54.0,0,0,0
Bahrain,2023,BOT,Alfa Romeo,4.0,99.823,SOFT,4.0,1.0,,,8.0,1,103.6,3.108,True,-0.0484,57.0,53.0,0,0,0
Bahrain,2023,BOT,Alfa Romeo,5.0,101.033,SOFT,5.0,1.0,,,9.0,1,102.0,3.06,True,-0.0484,57.0,52.0,0,0,0
Bahrain,2023,BOT,Alfa Romeo,6.0,100.265,SOFT,6.0,1.0,,,9.0,1,100.4,3.012,True,-0.0484,57.0,51.0,0,0,0
Bahrain,2023,BOT,Alfa Romeo,7.0,100.564,SOFT,7.0,1.0,,,9.0,1,98.8,2.964,True,-0.0484,57.0,50.0,0,0,0
Bahrain,2023,BOT,Alfa Romeo,8.0,100.387,SOFT,8.0,1.0,,,9.0,1,97.2,2.916,True,-0.0484,57.0,49.0,0,0,0
Bahrain,2023,BOT,Alfa Romeo,9.0,100.275,SOFT,9.0,1.0,,,9.0,1,95.6,2.868,True,-0.0484,57.0,48.0,0,0,0
Bahrain,2023,BOT,Alfa Romeo,10.0,100.676,SOFT,10.0,1.0,,,9.0,1,94.0,2.82,True,-0.0484,57.0,47.0,0,0,0
Bahrain,2023,BOT,Alfa Romeo,11.0,103.269,SOFT,11.0,1.0,4864.976,,9.0,1,92.4,2.772,False,-0.0484,57.0,46.0,0,0,1
Bahrain,2023,BOT,Alfa Romeo,12.0,119.45,HARD,1.0,2.0,,4890.319,14.0,1,90.8,2.724,False,-1.346,57.0,45.0,0,0,0
Bahrain,2023,BOT,Alfa Romeo,13.0,98.03,HARD,2.0,2.0,,,10.0,1,89.2,2.676,True,-1.346,57.0,44.0,0,0,0
Bahrain,2023,BOT,Alfa Romeo,14.0,98.098,HARD,3.0,2.0,,,8.0,1,87.6,2.628,True,-1.346,57.0,43.0,0,0,0
Bahrain,2023,BOT,Alfa Romeo,15.0,98.851,HARD,4.0,2.0,,,7.0,1,86.0,2.58,True,-1.346,57.0,42.0,0,0,0
Bahrain,2023,BOT,Alfa Romeo,16.0,98.494,HARD,5.0,2.0,,,6.0,1,84.4,2.532,True,-1.346,57.0,41.0,0,0,0
Bahrain,2023,BOT,Alfa Romeo,17.0,99.973,HARD,6.0,2.0,,,7.0,1,82.8,2.484,True,-1.346,57.0,40.0,0,0,0
Bahrain,2023,BOT,Alfa Romeo,18.0,100.24,HARD,7.0,2.0,,,8.0,1,81.2,2.436,True,-1.346,57.0,39.0,0,0,0
Bahrain,2023,BOT,Alfa Romeo,19.0,99.497,HARD,8.0,2.0,,,8.0,1,79.6,2.388,True,-1.346,57.0,38.0,0,0,0
Bahrain,2023,BOT,Alfa Romeo,20.0,100.442,HARD,9.0,2.0,,,9.0,1,78.0,2.34,True,-1.346,57.0,37.0,0,0,0
Bahrain,2023,BOT,Alfa Romeo,21.0,99.355,HARD,10.0,2.0,,,9.0,1,76.4,2.292,True,-1.346,57.0,36.0,0,0,0
Bahrain,2023,BOT,Alfa Romeo,22.0,99.356,HARD,11.0,2.0,,,9.0,1,74.8,2.244,True,-1.346,57.0,35.0,0,0,0
Bahrain,2023,BOT,Alfa Romeo,23.0,99.311,HARD,12.0,2.0,,,9.0,1,73.2,2.196,True,-1.346,57.0,34.0,0,0,0
Bahrain,2023,BOT,Alfa Romeo,24.0,99.427,HARD,13.0,2.0,,,9.0,1,71.6,2.148,True,-1.346,57.0,33.0,0,0,0
Bahrain,2023,BOT,Alfa Romeo,25.0,99.49,HARD,14.0,2.0,,,9.0,1,70.0,2.1,True,-1.346,57.0,32.0,0,0,0
Bahrain,2023,BOT,Alfa Romeo,26.0,99.5,HARD,15.0,2.0,,,9.0,1,68.4,2.052,True,-1.346,57.0,31.0,0,0,0
Bahrain,2023,BOT,Alfa Romeo,27.0,99.287,HARD,16.0,2.0,,,9.0,1,66.8,2.004,True,-1.346,57.0,30.0,0,0,0
Bahrain,2023,BOT,Alfa Romeo,28.0,99.016,HARD,17.0,2.0,,,9.0,1,65.2,1.956,True,-1.346,57.0,29.0,0,0,0
Bahrain,2023,BOT,Alfa Romeo,29.0,102.22,HARD,18.0,2.0,6675.021,,9.0,1,63.6,1.908,False,-1.346,57.0,28.0,0,0,1
Bahrain,2023,BOT,Alfa Romeo,30.0,118.886,HARD,1.0,3.0,,6700.63,11.0,1,62.0,1.86,False,-0.3895,57.0,27.0,0,0,0
Bahrain,2023,BOT,Alfa Romeo,31.0,97.379,HARD,2.0,3.0,,,10.0,1,60.4,1.812,True,-0.3895,57.0,26.0,0,0,0
Bahrain,2023,BOT,Alfa Romeo,32.0,97.675,HARD,3.0,3.0,,,9.0,1,58.8,1.764,True,-0.3895,57.0,25.0,0,0,0
Bahrain,2023,BOT,Alfa Romeo,33.0,97.775,HARD,4.0,3.0,,,9.0,1,57.2,1.716,True,-0.3895,57.0,24.0,0,0,0
Bahrain,2023,BOT,Alfa Romeo,34.0,97.774,HARD,5.0,3.0,,,9.0,1,55.6,1.668,True,-0.3895,57.0,23.0,0,0,0
Bahrain,2023,BOT,Alfa Romeo,35.0,97.817,HARD,6.0,3.0,,,9.0,1,54.0,1.62,True,-0.3895,57.0,22.0,0,0,0
Bahrain,2023,BOT,Alfa Romeo,36.0,97.827,HARD,7.0,3.0,,,9.0,1,52.4,1.572,True,-0.3895,57.0,21.0,0,0,0
Bahrain,2023,BOT,Alfa Romeo,37.0,97.774,HARD,8.0,3.0,,,9.0,1,50.8,1.524,True,-0.3895,57.0,20.0,0,0,0
Bahrain,2023,BOT,Alfa Romeo,38.0,97.658,HARD,9.0,3.0,,,9.0,1,49.2,1.476,True,-0.3895,57.0,19.0,0,0,0
Bahrain,2023,BOT,Alfa Romeo,39.0,97.784,HARD,10.0,3.0,,,9.0,1,47.6,1.428,True,-0.3895,57.0,18.0,0,0,0
Bahrain,2023,BOT,Alfa Romeo,40.0,110.376,HARD,11.0,3.0,,,8.0,126,46.0,1.38,False,-0.3895,57.0,17.0,0,0,0
Bahrain,2023,BOT,Alfa Romeo,41.0,115.281,HARD,12.0,3.0,,,8.0,671,44.4,1.332,False,-0.3895,57.0,16.0,0,0,0
Bahrain,2023,BOT,Alfa Romeo,42.0,97.736,HARD,13.0,3.0,,,8.0,1,42.8,1.284,True,-0.3895,57.0,15.0,0,0,0
Bahrain,2023,BOT,Alfa Romeo,43.0,97.813,HARD,14.0,3.0,,,8.0,1,41.2,1.236,True,-0.3895,57.0,14.0,0,0,0
Bahrain,2023,BOT,Alfa Romeo,44.0,97.868,HARD,15.0,3.0,,,8.0,1,39.6,1.188,True,-0.3895,57.0,13.0,0,0,0
Bahrain,2023,BOT,Alfa Romeo,45.0,97.688,HARD,16.0,3.0,,,8.0,1,38.0,1.14,True,-0.3895,57.0,12.0,0,0,0
Bahrain,2023,BOT,Alfa Romeo,46.0,97.83,HARD,17.0,3.0,,,8.0,1,36.4,1.092,True,-0.3895,57.0,11.0,0,0,0
Bahrain,2023,BOT,Alfa Romeo,47.0,97.815,HARD,18.0,3.0,,,8.0,1,34.8,1.044,True,-0.3895,57.0,10.0,0,0,0
Bahrain,2023,BOT,Alfa Romeo,48.0,97.5,HARD,19.0,3.0,,,8.0,1,33.2,0.996,True,-0.3895,57.0,9.0,0,0,0
Bahrain,2023,BOT,Alfa Romeo,49.0,97.85,HARD,20.0,3.0,,,8.0,1,31.6,0.948,True,-0.3895,57.0,8.0,0,0,0
Bahrain,2023,BOT,Alfa Romeo,50.0,97.71,HARD,21.0,3.0,,,8.0,1,30.0,0.9,True,-0.3895,57.0,7.0,0,0,0
Bahrain,2023,BOT,Alfa Romeo,51.0,97.816,HARD,22.0,3.0,,,8.0,1,28.4,0.852,True,-0.3895,57.0,6.0,0,0,0
Bahrain,2023,BOT,Alfa Romeo,52.0,97.947,HARD,23.0,3.0,,,8.0,1,26.8,0.804,True,-0.3895,57.0,5.0,0,0,0
Bahrain,2023,BOT,Alfa Romeo,53.0,97.856,HARD,24.0,3.0,,,8.0,1,25.2,0.756,True,-0.3895,57.0,4.0,0,0,0
Bahrain,2023,BOT,Alfa Romeo,54.0,97.738,HARD,25.0,3.0,,,8.0,1,23.6,0.708,True,-0.3895,57.0,3.0,0,0,0
Bahrain,2023,BOT,Alfa Romeo,55.0,97.807,HARD,26.0,3.0,,,8.0,1,22.0,0.66,True,-0.3895,57.0,2.0,0,0,0
Bahrain,2023,BOT,Alfa Romeo,56.0,98.16,HARD,27.0,3.0,,,8.0,1,20.4,0.612,True,-0.3895,57.0,1.0,0,0,0
Bahrain,2023,BOT,Alfa Romeo,57.0,98.407,HARD,28.0,3.0,,,8.0,1,18.8,0.564,True,-0.3895,57.0,0.0,0,0,0
Bahrain,2023,PIA,McLaren,1.0,108.214,SOFT,1.0,1.0,,,16.0,12,108.4,3.252,False,-0.3225,13.0,12.0,0,0,0
Bahrain,2023,PIA,McLaren,2.0,100.83,SOFT,2.0,1.0,,,16.0,21,106.8,3.204,True,-0.3225,13.0,11.0,0,0,0
Bahrain,2023,PIA,McLaren,3.0,100.691,SOFT,3.0,1.0,,,16.0,1,105.2,3.156,True,-0.3225,13.0,10.0,0,0,0
Bahrain,2023,PIA,McLaren,4.0,100.718,SOFT,4.0,1.0,,,16.0,1,103.6,3.108,True,-0.3225,13.0,9.0,0,0,0
Bahrain,2023,PIA,McLaren,5.0,100.862,SOFT,5.0,1.0,,,16.0,1,102.0,3.06,True,-0.3225,13.0,8.0,0,0,0
Bahrain,2023,PIA,McLaren,6.0,101.111,SOFT,6.0,1.0,,,16.0,1,100.4,3.012,True,-0.3225,13.0,7.0,0,0,0
Bahrain,2023,PIA,McLaren,7.0,101.167,SOFT,7.0,1.0,,,16.0,1,98.8,2.964,True,-0.3225,13.0,6.0,0,0,0
Bahrain,2023,PIA,McLaren,8.0,101.295,SOFT,8.0,1.0,,,16.0,1,97.2,2.916,True,-0.3225,13.0,5.0,0,0,0
Bahrain,2023,PIA,McLaren,9.0,101.534,SOFT,9.0,1.0,,,16.0,1,95.6,2.868,True,-0.3225,13.0,4.0,0,0,0
Bahrain,2023,PIA,McLaren,10.0,101.584,SOFT,10.0,1.0,,,16.0,1,94.0,2.82,True,-0.3225,13.0,3.0,0,0,0
Bahrain,2023,PIA,McLaren,11.0,101.352,SOFT,11.0,1.0,,,13.0,1,92.4,2.772,True,-0.3225,13.0,2.0,0,0,0
Bahrain,2023,PIA,McLaren,12.0,101.156,SOFT,12.0,1.0,,,11.0,1,90.8,2.724,True,-0.3225,13.0,1.0,0,0,0
Bahrain,2023,PIA,McLaren,13.0,122.071,SOFT,13.0,1.0,5096.987,,16.0,1,89.2,2.676,False,-0.3225,13.0,0.0,0,0,1
