Race,Season,Driver,Team,LapNumber,LapTime_s,Sector1_s,Sector2_s,Sector3_s,Compound,TyreLife,Stint,PitInTime_s,PitOutTime_s,Position,TrackStatus,IsAccurate,FreshTyre,FuelLoad_kg,FuelCorrection_s,SpeedI1,SpeedI2,SpeedFL,SpeedST
Italian,2023,VER,Red Bull Racing,1.0,87.905,,29.666,28.473,MEDIUM,1.0,1.0,,,2.0,1,False,True,108.4,3.252,320.0,307.0,306.0,285.0
Italian,2023,VER,Red Bull Racing,2.0,86.163,28.274,29.543,28.346,MEDIUM,2.0,1.0,,,2.0,1,True,True,106.8,3.204,309.0,309.0,307.0,305.0
Italian,2023,VER,Red Bull Racing,3.0,85.702,28.097,29.32,28.285,MEDIUM,3.0,1.0,,,2.0,1,True,True,105.2,3.156,310.0,320.0,308.0,309.0
Italian,2023,VER,Red Bull Racing,4.0,86.05,28.145,29.474,28.431,MEDIUM,4.0,1.0,,,2.0,1,True,True,103.6,3.108,311.0,320.0,309.0,318.0
Italian,2023,VER,Red Bull Racing,5.0,86.176,28.155,29.514,28.507,MEDIUM,5.0,1.0,,,2.0,1,True,True,102.0,3.06,311.0,321.0,310.0,317.0
Italian,2023,VER,Red Bull Racing,6.0,86.837,28.7,29.662,28.475,MEDIUM,6.0,1.0,,,2.0,1,True,True,100.4,3.012,310.0,319.0,309.0,347.0
Italian,2023,VER,Red Bull Racing,7.0,86.368,28.166,29.751,28.451,MEDIUM,7.0,1.0,,,2.0,1,True,True,98.8,2.964,309.0,318.0,309.0,320.0
Italian,2023,VER,Red Bull Racing,8.0,85.99,28.075,29.432,28.483,MEDIUM,8.0,1.0,,,2.0,1,True,True,97.2,2.916,312.0,322.0,310.0,321.0
Italian,2023,VER,Red Bull Racing,9.0,86.605,28.149,29.927,28.529,MEDIUM,9.0,1.0,,,2.0,1,True,True,95.6,2.868,312.0,319.0,309.0,344.0
Italian,2023,VER,Red Bull Racing,10.0,86.603,28.315,29.78,28.508,MEDIUM,10.0,1.0,,,2.0,1,True,True,94.0,2.82,312.0,319.0,309.0,322.0
Italian,2023,VER,Red Bull Racing,11.0,86.643,28.233,29.893,28.517,MEDIUM,11.0,1.0,,,2.0,1,True,True,92.4,2.772,311.0,322.0,308.0,319.0
Italian,2023,VER,Red Bull Racing,12.0,86.442,28.179,29.813,28.45,MEDIUM,12.0,1.0,,,2.0,1,True,True,90.8,2.724,311.0,319.0,310.0,322.0
Italian,2023,VER,Red Bull Racing,13.0,86.666,28.254,29.907,28.505,MEDIUM,13.0,1.0,,,2.0,1,True,True,89.2,2.676,313.0,322.0,309.0,322.0
Italian,2023,VER,Red Bull Racing,14.0,87.028,28.223,30.28,28.525,MEDIUM,14.0,1.0,,,2.0,1,True,True,87.6,2.628,314.0,320.0,310.0,343.0
Italian,2023,VER,Red Bull Racing,15.0,86.782,28.137,30.444,28.201,MEDIUM,15.0,1.0,,,1.0,1,True,True,86.0,2.58,320.0,306.0,306.0,345.0
Italian,2023,VER,Red Bull Racing,16.0,86.718,28.45,29.91,28.358,MEDIUM,16.0,1.0,,,1.0,1,True,True,84.4,2.532,307.0,306.0,307.0,308.0
Italian,2023,VER,Red Bull Racing,17.0,86.733,28.348,29.889,28.496,MEDIUM,17.0,1.0,,,1.0,1,True,True,82.8,2.484,309.0,307.0,307.0,310.0
Italian,2023,VER,Red Bull Racing,18.0,86.273,28.247,29.668,28.358,MEDIUM,18.0,1.0,,,1.0,1,True,True,81.2,2.436,311.0,308.0,307.0,311.0
Italian,2023,VER,Red Bull Racing,19.0,86.438,28.368,29.832,28.238,MEDIUM,19.0,1.0,,,1.0,1,True,True,79.6,2.388,311.0,311.0,307.0,310.0
Italian,2023,VER,Red Bull Racing,20.0,90.849,28.384,29.907,32.558,MEDIUM,20.0,1.0,6673.003,,1.0,1,False,True,78.0,2.34,311.0,311.0,,310.0
Italian,2023,VER,Red Bull Racing,21.0,105.66,48.054,29.398,28.208,HARD,1.0,2.0,,6697.284,5.0,1,False,True,76.4,2.292,312.0,317.0,309.0,281.0
Italian,2023,VER,Red Bull Racing,22.0,85.885,28.01,29.546,28.329,HARD,2.0,2.0,,,3.0,1,True,True,74.8,2.244,313.0,315.0,308.0,322.0
Italian,2023,VER,Red Bull Racing,23.0,86.159,28.131,29.638,28.39,HARD,3.0,2.0,,,2.0,1,True,True,73.2,2.196,313.0,310.0,309.0,314.0
Italian,2023,VER,Red Bull Racing,24.0,86.327,28.187,29.358,28.782,HARD,4.0,2.0,,,2.0,1,True,True,71.6,2.148,314.0,318.0,316.0,312.0
Italian,2023,VER,Red Bull Racing,25.0,85.914,28.052,29.542,28.32,HARD,5.0,2.0,,,1.0,1,True,True,70.0,2.1,307.0,308.0,307.0,340.0
Italian,2023,VER,Red Bull Racing,26.0,85.786,28.257,29.382,28.147,HARD,6.0,2.0,,,1.0,1,True,True,68.4,2.052,308.0,309.0,307.0,311.0
Italian,2023,VER,Red Bull Racing,27.0,85.501,28.117,29.266,28.118,HARD,7.0,2.0,,,1.0,1,True,True,66.8,2.004,311.0,314.0,307.0,314.0
Italian,2023,VER,Red Bull Racing,28.0,85.434,28.158,29.202,28.074,HARD,8.0,2.0,,,1.0,1,True,True,65.2,1.956,311.0,312.0,307.0,314.0
Italian,2023,VER,Red Bull Racing,29.0,85.471,28.149,29.369,27.953,HARD,9.0,2.0,,,1.0,1,True,True,63.6,1.908,313.0,312.0,307.0,316.0
Italian,2023,VER,Red Bull Racing,30.0,85.398,28.15,29.213,28.035,HARD,10.0,2.0,,,1.0,1,True,True,62.0,1.86,313.0,312.0,307.0,313.0
Italian,2023,VER,Red Bull Racing,31.0,85.502,28.161,29.37,27.971,HARD,11.0,2.0,,,1.0,1,True,True,60.4,1.812,312.0,312.0,308.0,312.0
Italian,2023,VER,Red Bull Racing,32.0,85.41,28.151,29.284,27.975,HARD,12.0,2.0,,,1.0,1,True,True,58.8,1.764,311.0,312.0,308.0,312.0
Italian,2023,VER,Red Bull Racing,33.0,85.24,28.057,29.201,27.982,HARD,13.0,2.0,,,1.0,1,True,True,57.2,1.716,312.0,311.0,310.0,311.0
Italian,2023,VER,Red Bull Racing,34.0,85.683,28.111,29.501,28.071,HARD,14.0,2.0,,,1.0,1,True,True,55.6,1.668,311.0,313.0,310.0,313.0
Italian,2023,VER,Red Bull Racing,35.0,85.815,28.179,29.472,28.164,HARD,15.0,2.0,,,1.0,1,True,True,54.0,1.62,311.0,312.0,309.0,309.0
Italian,2023,VER,Red Bull Racing,36.0,85.598,28.04,29.439,28.119,HARD,16.0,2.0,,,1.0,1,True,True,52.4,1.572,311.0,312.0,308.0,311.0
Italian,2023,VER,Red Bull Racing,37.0,85.683,28.074,29.485,28.124,HARD,17.0,2.0,,,1.0,1,True,True,50.8,1.524,313.0,313.0,309.0,315.0
Italian,2023,VER,Red Bull Racing,38.0,85.585,28.067,29.469,28.049,HARD,18.0,2.0,,,1.0,1,True,True,49.2,1.476,314.0,315.0,310.0,312.0
Italian,2023,VER,Red Bull Racing,39.0,85.486,28.053,29.353,28.08,HARD,19.0,2.0,,,1.0,1,True,True,47.6,1.428,315.0,315.0,311.0,314.0
Italian,2023,VER,Red Bull Racing,40.0,85.901,28.185,29.481,28.235,HARD,20.0,2.0,,,1.0,1,True,True,46.0,1.38,315.0,315.0,310.0,309.0
Italian,2023,VER,Red Bull Racing,41.0,85.779,28.079,29.543,28.157,HARD,21.0,2.0,,,1.0,1,True,True,44.4,1.332,313.0,313.0,310.0,312.0
Italian,2023,VER,Red Bull Racing,42.0,85.912,28.057,29.562,28.293,HARD,22.0,2.0,,,1.0,1,True,True,42.8,1.284,314.0,316.0,309.0,313.0
Italian,2023,VER,Red Bull Racing,43.0,85.994,28.178,29.666,28.15,HARD,23.0,2.0,,,1.0,1,True,True,41.2,1.236,315.0,316.0,311.0,309.0
Italian,2023,VER,Red Bull Racing,44.0,85.751,28.03,29.503,28.218,HARD,24.0,2.0,,,1.0,1,True,True,39.6,1.188,316.0,318.0,310.0,311.0
Italian,2023,VER,Red Bull Racing,45.0,85.916,28.045,29.693,28.178,HARD,25.0,2.0,,,1.0,1,True,True,38.0,1.14,317.0,316.0,311.0,305.0
Italian,2023,VER,Red Bull Racing,46.0,86.185,28.067,29.921,28.197,HARD,26.0,2.0,,,1.0,1,True,True,36.4,1.092,316.0,317.0,312.0,308.0
Italian,2023,VER,Red Bull Racing,47.0,86.137,28.058,29.565,28.514,HARD,27.0,2.0,,,1.0,1,True,True,34.8,1.044,316.0,316.0,312.0,306.0
Italian,2023,VER,Red Bull Racing,48.0,87.235,28.459,30.06,28.716,HARD,28.0,2.0,,,1.0,1,True,True,33.2,0.996,305.0,312.0,310.0,294.0
Italian,2023,VER,Red Bull Racing,49.0,87.907,28.567,30.249,29.091,HARD,29.0,2.0,,,1.0,1,True,True,31.6,0.948,291.0,306.0,310.0,290.0
Italian,2023,VER,Red Bull Racing,50.0,88.393,28.738,30.474,29.181,HARD,30.0,2.0,,,1.0,1,True,True,30.0,0.9,300.0,304.0,310.0,283.0
Italian,2023,VER,Red Bull Racing,51.0,87.525,28.415,30.353,28.757,HARD,31.0,2.0,,,1.0,1,True,True,28.4,0.852,298.0,309.0,311.0,293.0
Italian,2023,GAS,Alpine,1.0,95.974,,32.313,29.984,MEDIUM,1.0,1.0,,,17.0,1,False,True,108.4,3.252,324.0,316.0,306.0,276.0
Italian,2023,GAS,Alpine,2.0,88.696,28.782,30.575,29.339,MEDIUM,2.0,1.0,,,17.0,1,True,True,106.8,3.204,310.0,309.0,306.0,320.0
Italian,2023,GAS,Alpine,3.0,87.916,28.714,30.06,29.142,MEDIUM,3.0,1.0,,,17.0,1,True,True,105.2,3.156,310.0,326.0,305.0,320.0
Italian,2023,GAS,Alpine,4.0,87.472,28.432,30.029,29.011,MEDIUM,4.0,1.0,,,17.0,1,True,True,103.6,3.108,310.0,326.0,308.0,325.0
Italian,2023,GAS,Alpine,5.0,87.694,28.291,30.155,29.248,MEDIUM,5.0,1.0,,,17.0,1,True,True,102.0,3.06,308.0,327.0,305.0,347.0
Italian,2023,GAS,Alpine,6.0,87.324,28.241,30.047,29.036,MEDIUM,6.0,1.0,,,17.0,1,True,True,100.4,3.012,308.0,324.0,305.0,331.0
Italian,2023,GAS,Alpine,7.0,87.21,28.18,29.932,29.098,MEDIUM,7.0,1.0,,,17.0,1,True,True,98.8,2.964,307.0,325.0,305.0,328.0
Italian,2023,GAS,Alpine,8.0,87.24,28.0,30.157,29.083,MEDIUM,8.0,1.0,,,17.0,1,True,True,97.2,2.916,310.0,322.0,305.0,334.0
Italian,2023,GAS,Alpine,9.0,87.366,28.124,29.976,29.266,MEDIUM,9.0,1.0,,,17.0,1,True,True,95.6,2.868,309.0,325.0,305.0,330.0
Italian,2023,GAS,Alpine,10.0,92.034,28.126,30.178,33.73,MEDIUM,10.0,1.0,5826.997,,18.0,1,False,True,94.0,2.82,312.0,325.0,,327.0
Italian,2023,GAS,Alpine,11.0,110.17,51.42,29.937,28.813,HARD,4.0,2.0,,5854.372,19.0,1,False,False,92.4,2.772,301.0,299.0,302.0,277.0
Italian,2023,GAS,Alpine,12.0,87.431,28.524,29.851,29.056,HARD,5.0,2.0,,,19.0,1,True,False,90.8,2.724,301.0,299.0,302.0,306.0
Italian,2023,GAS,Alpine,13.0,87.368,28.44,29.892,29.036,HARD,6.0,2.0,,,18.0,1,True,False,89.2,2.676,303.0,301.0,302.0,309.0
Italian,2023,GAS,Alpine,14.0,87.348,28.394,30.051,28.903,HARD,7.0,2.0,,,18.0,1,True,False,87.6,2.628,306.0,304.0,302.0,310.0
Italian,2023,GAS,Alpine,15.0,87.363,28.462,30.093,28.808,HARD,8.0,2.0,,,18.0,1,True,False,86.0,2.58,308.0,309.0,306.0,311.0
Italian,2023,GAS,Alpine,16.0,87.088,28.289,30.067,28.732,HARD,9.0,2.0,,,18.0,1,True,False,84.4,2.532,308.0,305.0,306.0,313.0
Italian,2023,GAS,Alpine,17.0,87.076,28.286,29.953,28.837,HARD,10.0,2.0,,,18.0,1,True,False,82.8,2.484,307.0,306.0,306.0,314.0
Italian,2023,GAS,Alpine,18.0,87.053,28.315,30.045,28.693,HARD,11.0,2.0,,,18.0,1,True,False,81.2,2.436,306.0,305.0,305.0,314.0
Italian,2023,GAS,Alpine,19.0,87.136,28.422,30.088,28.626,HARD,12.0,2.0,,,18.0,1,True,False,79.6,2.388,305.0,306.0,306.0,314.0
Italian,2023,GAS,Alpine,20.0,87.035,28.17,30.107,28.758,HARD,13.0,2.0,,,18.0,1,True,False,78.0,2.34,308.0,318.0,306.0,326.0
Italian,2023,GAS,Alpine,21.0,87.706,28.31,30.354,29.042,HARD,14.0,2.0,,,17.0,1,True,False,76.4,2.292,306.0,306.0,305.0,324.0
Italian,2023,GAS,Alpine,22.0,87.219,28.315,30.023,28.881,HARD,15.0,2.0,,,17.0,1,True,False,74.8,2.244,306.0,307.0,305.0,312.0
Italian,2023,GAS,Alpine,23.0,87.454,28.367,30.178,28.909,HARD,16.0,2.0,,,17.0,1,True,False,73.2,2.196,306.0,306.0,305.0,312.0
Italian,2023,GAS,Alpine,24.0,87.06,28.144,30.16,28.756,HARD,17.0,2.0,,,17.0,1,True,False,71.6,2.148,306.0,307.0,306.0,315.0
Italian,2023,GAS,Alpine,25.0,87.223,28.176,30.119,28.928,HARD,18.0,2.0,,,16.0,1,True,False,70.0,2.1,306.0,307.0,305.0,315.0
Italian,2023,GAS,Alpine,26.0,87.59,28.496,30.15,28.944,HARD,19.0,2.0,,,15.0,1,True,False,68.4,2.052,306.0,308.0,304.0,315.0
Italian,2023,GAS,Alpine,27.0,87.189,28.305,30.124,28.76,HARD,20.0,2.0,,,15.0,1,True,False,66.8,2.004,306.0,308.0,303.0,315.0
Italian,2023,GAS,Alpine,28.0,87.521,28.314,30.209,28.998,HARD,21.0,2.0,,,15.0,1,True,False,65.2,1.956,308.0,307.0,304.0,315.0
Italian,2023,GAS,Alpine,29.0,87.383,28.372,30.15,28.861,HARD,22.0,2.0,,,15.0,1,True,False,63.6,1.908,309.0,307.0,303.0,315.0
Italian,2023,GAS,Alpine,30.0,87.658,28.399,30.299,28.96,HARD,23.0,2.0,,,15.0,1,True,False,62.0,1.86,308.0,307.0,304.0,314.0
Italian,2023,GAS,Alpine,31.0,92.204,28.325,30.421,33.458,HARD,24.0,2.0,7688.289,,17.0,1,False,False,60.4,1.812,308.0,307.0,,315.0
Italian,2023,GAS,Alpine,32.0,106.72,48.486,29.732,28.502,MEDIUM,1.0,3.0,,7712.961,19.0,1,False,True,58.8,1.764,306.0,303.0,304.0,281.0
Italian,2023,GAS,Alpine,33.0,86.439,28.265,29.682,28.492,MEDIUM,2.0,3.0,,,19.0,1,True,True,57.2,1.716,303.0,303.0,305.0,310.0
Italian,2023,GAS,Alpine,34.0,86.877,28.208,29.857,28.812,MEDIUM,3.0,3.0,,,18.0,1,True,True,55.6,1.668,305.0,306.0,305.0,309.0
Italian,2023,GAS,Alpine,35.0,86.903,28.318,29.75,28.835,MEDIUM,4.0,3.0,,,18.0,1,True,True,54.0,1.62,304.0,304.0,303.0,311.0
Italian,2023,GAS,Alpine,36.0,86.797,28.373,29.719,28.705,MEDIUM,5.0,3.0,,,18.0,1,True,True,52.4,1.572,305.0,306.0,305.0,313.0
Italian,2023,GAS,Alpine,37.0,86.499,28.27,29.768,28.461,MEDIUM,6.0,3.0,,,18.0,1,True,True,50.8,1.524,305.0,306.0,307.0,312.0
Italian,2023,GAS,Alpine,38.0,86.357,28.251,29.614,28.492,MEDIUM,7.0,3.0,,,18.0,1,True,True,49.2,1.476,307.0,307.0,306.0,314.0
Italian,2023,GAS,Alpine,39.0,86.736,28.411,29.667,28.658,MEDIUM,8.0,3.0,,,17.0,1,True,True,47.6,1.428,306.0,307.0,305.0,312.0
Italian,2023,GAS,Alpine,40.0,86.548,28.22,29.656,28.672,MEDIUM,9.0,3.0,,,16.0,1,True,True,46.0,1.38,306.0,306.0,305.0,313.0
Italian,2023,GAS,Alpine,41.0,86.346,28.298,29.528,28.52,MEDIUM,10.0,3.0,,,16.0,1,True,True,44.4,1.332,306.0,308.0,305.0,312.0
Italian,2023,GAS,Alpine,42.0,86.425,28.346,29.611,28.468,MEDIUM,11.0,3.0,,,16.0,1,True,True,42.8,1.284,308.0,308.0,305.0,313.0
Italian,2023,GAS,Alpine,43.0,85.921,28.119,29.491,28.311,MEDIUM,12.0,3.0,,,16.0,1,True,True,41.2,1.236,307.0,310.0,307.0,315.0
Italian,2023,GAS,Alpine,44.0,85.758,28.058,29.469,28.231,MEDIUM,13.0,3.0,,,16.0,1,True,True,39.6,1.188,310.0,310.0,307.0,316.0
Italian,2023,GAS,Alpine,45.0,86.297,28.079,29.77,28.448,MEDIUM,14.0,3.0,,,16.0,1,True,True,38.0,1.14,310.0,310.0,307.0,316.0
Italian,2023,GAS,Alpine,46.0,86.292,28.121,29.695,28.476,MEDIUM,15.0,3.0,,,16.0,1,True,True,36.4,1.092,311.0,310.0,307.0,314.0
Italian,2023,GAS,Alpine,47.0,86.144,27.984,29.639,28.521,MEDIUM,16.0,3.0,,,16.0,1,True,True,34.8,1.044,310.0,311.0,308.0,316.0
Italian,2023,GAS,Alpine,48.0,86.288,28.078,29.805,28.405,MEDIUM,17.0,3.0,,,16.0,1,True,True,33.2,0.996,311.0,311.0,309.0,317.0
Italian,2023,GAS,Alpine,49.0,87.913,28.05,30.784,29.079,MEDIUM,18.0,3.0,,,16.0,1,True,True,31.6,0.948,311.0,325.0,311.0,322.0
Italian,2023,GAS,Alpine,50.0,87.375,28.252,30.016,29.107,MEDIUM,19.0,3.0,,,15.0,1,True,True,30.0,0.9,307.0,307.0,307.0,315.0
Italian,2023,GAS,Alpine,51.0,,,,,MEDIUM,20.0,3.0,,,,1,False,True,28.4,0.852,,,,
Italian,2023,PER,Red Bull Racing,1.0,89.806,,30.555,28.768,MEDIUM,1.0,1.0,,,5.0,1,False,True,108.4,3.252,329.0,313.0,308.0,298.0
Italian,2023,PER,Red Bull Racing,2.0,86.881,28.473,29.887,28.521,MEDIUM,2.0,1.0,,,5.0,1,True,True,106.8,3.204,311.0,312.0,306.0,301.0
Italian,2023,PER,Red Bull Racing,3.0,86.143,28.372,29.462,28.309,MEDIUM,3.0,1.0,,,5.0,1,True,True,105.2,3.156,312.0,326.0,308.0,308.0
Italian,2023,PER,Red Bull Racing,4.0,86.019,28.308,29.522,28.189,MEDIUM,4.0,1.0,,,5.0,1,True,True,103.6,3.108,313.0,335.0,310.0,308.0
Italian,2023,PER,Red Bull Racing,5.0,86.354,28.33,29.673,28.351,MEDIUM,5.0,1.0,,,5.0,1,True,True,102.0,3.06,309.0,325.0,309.0,340.0
Italian,2023,PER,Red Bull Racing,6.0,86.465,28.327,29.863,28.275,MEDIUM,6.0,1.0,,,5.0,1,True,True,100.4,3.012,308.0,321.0,308.0,317.0
Italian,2023,PER,Red Bull Racing,7.0,86.333,28.288,29.798,28.247,MEDIUM,7.0,1.0,,,5.0,1,True,True,98.8,2.964,308.0,322.0,310.0,319.0
Italian,2023,PER,Red Bull Racing,8.0,86.887,28.038,30.154,28.695,MEDIUM,8.0,1.0,,,5.0,1,True,True,97.2,2.916,314.0,324.0,305.0,340.0
Italian,2023,PER,Red Bull Racing,9.0,86.564,28.437,29.838,28.289,MEDIUM,9.0,1.0,,,5.0,1,True,True,95.6,2.868,309.0,319.0,308.0,313.0
Italian,2023,PER,Red Bull Racing,10.0,86.454,28.302,29.828,28.324,MEDIUM,10.0,1.0,,,5.0,1,True,True,94.0,2.82,312.0,334.0,310.0,315.0
Italian,2023,PER,Red Bull Racing,11.0,87.245,28.223,30.258,28.764,MEDIUM,11.0,1.0,,,5.0,1,True,True,92.4,2.772,325.0,324.0,309.0,349.0
Italian,2023,PER,Red Bull Racing,12.0,86.968,28.362,30.211,28.395,MEDIUM,12.0,1.0,,,5.0,1,True,True,90.8,2.724,309.0,320.0,311.0,345.0
Italian,2023,PER,Red Bull Racing,13.0,87.014,28.52,30.253,28.241,MEDIUM,13.0,1.0,,,5.0,1,True,True,89.2,2.676,308.0,319.0,310.0,316.0
Italian,2023,PER,Red Bull Racing,14.0,87.451,28.229,30.757,28.465,MEDIUM,14.0,1.0,,,5.0,1,True,True,87.6,2.628,296.0,322.0,309.0,350.0
Italian,2023,PER,Red Bull Racing,15.0,86.779,28.425,30.127,28.227,MEDIUM,15.0,1.0,,,5.0,1,True,True,86.0,2.58,312.0,322.0,311.0,307.0
Italian,2023,PER,Red Bull Racing,16.0,86.823,28.121,30.458,28.244,MEDIUM,16.0,1.0,,,4.0,1,True,True,84.4,2.532,322.0,306.0,305.0,341.0
Italian,2023,PER,Red Bull Racing,17.0,87.011,28.691,30.102,28.218,MEDIUM,17.0,1.0,,,4.0,1,True,True,82.8,2.484,312.0,310.0,307.0,299.0
Italian,2023,PER,Red Bull Racing,18.0,86.765,28.397,29.981,28.387,MEDIUM,18.0,1.0,,,4.0,1,True,True,81.2,2.436,314.0,312.0,306.0,314.0
Italian,2023,PER,Red Bull Racing,19.0,86.669,28.381,29.943,28.345,MEDIUM,19.0,1.0,,,3.0,1,True,True,79.6,2.388,314.0,316.0,306.0,315.0
Italian,2023,PER,Red Bull Racing,20.0,86.509,28.174,29.896,28.439,MEDIUM,20.0,1.0,,,2.0,1,True,True,78.0,2.34,316.0,327.0,306.0,327.0
Italian,2023,PER,Red Bull Racing,21.0,90.934,28.368,30.014,32.552,MEDIUM,21.0,1.0,6766.112,,1.0,1,False,True,76.4,2.292,311.0,310.0,,320.0
Italian,2023,PER,Red Bull Racing,22.0,105.228,47.765,29.377,28.086,HARD,1.0,2.0,,6789.955,7.0,1,False,True,74.8,2.244,315.0,328.0,309.0,281.0
Italian,2023,PER,Red Bull Racing,23.0,85.564,28.146,29.392,28.026,HARD,2.0,2.0,,,6.0,1,True,True,73.2,2.196,313.0,327.0,309.0,318.0
Italian,2023,PER,Red Bull Racing,24.0,85.759,28.041,29.399,28.319,HARD,3.0,2.0,,,5.0,1,True,True,71.6,2.148,315.0,336.0,313.0,330.0
Italian,2023,PER,Red Bull Racing,25.0,86.005,28.403,29.587,28.015,HARD,4.0,2.0,,,5.0,1,True,True,70.0,2.1,321.0,326.0,312.0,338.0
Italian,2023,PER,Red Bull Racing,26.0,85.884,28.196,29.713,27.975,HARD,5.0,2.0,,,5.0,1,True,True,68.4,2.052,313.0,327.0,311.0,344.0
Italian,2023,PER,Red Bull Racing,27.0,86.456,28.286,29.542,28.628,HARD,6.0,2.0,,,4.0,1,True,True,66.8,2.004,310.0,330.0,308.0,312.0
Italian,2023,PER,Red Bull Racing,28.0,85.584,28.034,29.58,27.97,HARD,7.0,2.0,,,4.0,1,True,True,65.2,1.956,312.0,327.0,310.0,325.0
Italian,2023,PER,Red Bull Racing,29.0,85.606,28.122,29.489,27.995,HARD,8.0,2.0,,,4.0,1,True,True,63.6,1.908,313.0,330.0,312.0,328.0
Italian,2023,PER,Red Bull Racing,30.0,85.757,28.101,29.752,27.904,HARD,9.0,2.0,,,4.0,1,True,True,62.0,1.86,314.0,324.0,313.0,354.0
Italian,2023,PER,Red Bull Racing,31.0,86.415,27.825,30.328,28.262,HARD,10.0,2.0,,,4.0,1,True,True,60.4,1.812,322.0,324.0,314.0,351.0
Italian,2023,PER,Red Bull Racing,32.0,85.88,28.166,29.868,27.846,HARD,11.0,2.0,,,3.0,1,True,True,58.8,1.764,308.0,308.0,309.0,331.0
Italian,2023,PER,Red Bull Racing,33.0,86.02,28.422,29.703,27.895,HARD,12.0,2.0,,,3.0,1,True,True,57.2,1.716,310.0,309.0,309.0,306.0
Italian,2023,PER,Red Bull Racing,34.0,85.948,28.323,29.676,27.949,HARD,13.0,2.0,,,3.0,1,True,True,55.6,1.668,309.0,314.0,309.0,308.0
Italian,2023,PER,Red Bull Racing,35.0,85.651,28.18,29.513,27.958,HARD,14.0,2.0,,,3.0,1,True,True,54.0,1.62,314.0,314.0,309.0,313.0
Italian,2023,PER,Red Bull Racing,36.0,85.627,28.192,29.54,27.895,HARD,15.0,2.0,,,3.0,1,True,True,52.4,1.572,313.0,314.0,309.0,318.0
Italian,2023,PER,Red Bull Racing,37.0,85.757,28.168,29.619,27.97,HARD,16.0,2.0,,,3.0,1,True,True,50.8,1.524,315.0,314.0,311.0,316.0
Italian,2023,PER,Red Bull Racing,38.0,85.584,28.047,29.518,28.019,HARD,17.0,2.0,,,3.0,1,True,True,49.2,1.476,316.0,315.0,312.0,316.0
Italian,2023,PER,Red Bull Racing,39.0,85.522,28.005,29.53,27.987,HARD,18.0,2.0,,,3.0,1,True,True,47.6,1.428,326.0,316.0,312.0,320.0
Italian,2023,PER,Red Bull Racing,40.0,85.626,28.096,29.591,27.939,HARD,19.0,2.0,,,3.0,1,True,True,46.0,1.38,314.0,330.0,313.0,323.0
Italian,2023,PER,Red Bull Racing,41.0,86.719,28.078,30.539,28.102,HARD,20.0,2.0,,,3.0,1,True,True,44.4,1.332,330.0,324.0,314.0,347.0
Italian,2023,PER,Red Bull Racing,42.0,86.539,28.121,30.276,28.142,HARD,21.0,2.0,,,3.0,1,True,True,42.8,1.284,322.0,326.0,312.0,329.0
Italian,2023,PER,Red Bull Racing,43.0,86.624,28.249,30.205,28.17,HARD,22.0,2.0,,,3.0,1,True,True,41.2,1.236,316.0,326.0,311.0,320.0
Italian,2023,PER,Red Bull Racing,44.0,86.329,28.396,29.943,27.99,HARD,23.0,2.0,,,3.0,1,True,True,39.6,1.188,314.0,325.0,314.0,316.0
Italian,2023,PER,Red Bull Racing,45.0,86.573,28.094,30.365,28.114,HARD,24.0,2.0,,,3.0,1,True,True,38.0,1.14,298.0,326.0,316.0,348.0
Italian,2023,PER,Red Bull Racing,46.0,85.598,27.932,29.663,28.003,HARD,25.0,2.0,,,2.0,1,True,True,36.4,1.092,316.0,315.0,311.0,340.0
Italian,2023,PER,Red Bull Racing,47.0,86.476,28.289,29.768,28.419,HARD,26.0,2.0,,,2.0,1,True,True,34.8,1.044,315.0,315.0,310.0,314.0
Italian,2023,PER,Red Bull Racing,48.0,86.108,28.253,29.659,28.196,HARD,27.0,2.0,,,2.0,1,True,True,33.2,0.996,316.0,316.0,310.0,317.0
Italian,2023,PER,Red Bull Racing,49.0,86.006,28.272,29.563,28.171,HARD,28.0,2.0,,,2.0,1,True,True,31.6,0.948,314.0,315.0,310.0,312.0
Italian,2023,PER,Red Bull Racing,50.0,86.385,28.257,29.905,28.223,HARD,29.0,2.0,,,2.0,1,True,True,30.0,0.9,315.0,314.0,310.0,315.0
Italian,2023,PER,Red Bull Racing,51.0,85.903,28.247,29.516,28.14,HARD,30.0,2.0,,,2.0,1,True,True,28.4,0.852,316.0,315.0,311.0,311.0
Italian,2023,ALO,Aston Martin,1.0,93.34,,32.049,29.284,MEDIUM,1.0,1.0,,,11.0,1,False,True,108.4,3.252,326.0,310.0,307.0,258.0
Italian,2023,ALO,Aston Martin,2.0,88.012,28.525,30.38,29.107,MEDIUM,2.0,1.0,,,11.0,1,True,True,106.8,3.204,311.0,311.0,308.0,316.0
Italian,2023,ALO,Aston Martin,3.0,87.546,28.514,30.136,28.896,MEDIUM,3.0,1.0,,,11.0,1,True,True,105.2,3.156,311.0,328.0,308.0,312.0
Italian,2023,ALO,Aston Martin,4.0,87.221,28.2,30.095,28.926,MEDIUM,4.0,1.0,,,11.0,1,True,True,103.6,3.108,315.0,329.0,309.0,325.0
Italian,2023,ALO,Aston Martin,5.0,87.033,28.03,30.158,28.845,MEDIUM,5.0,1.0,,,11.0,1,True,True,102.0,3.06,317.0,329.0,309.0,339.0
Italian,2023,ALO,Aston Martin,6.0,87.175,28.048,30.18,28.947,MEDIUM,6.0,1.0,,,11.0,1,True,True,100.4,3.012,318.0,326.0,309.0,334.0
Italian,2023,ALO,Aston Martin,7.0,86.929,28.135,29.944,28.85,MEDIUM,7.0,1.0,,,11.0,1,True,True,98.8,2.964,317.0,328.0,311.0,326.0
Italian,2023,ALO,Aston Martin,8.0,86.943,27.89,30.205,28.848,MEDIUM,8.0,1.0,,,10.0,1,True,True,97.2,2.916,313.0,312.0,306.0,351.0
Italian,2023,ALO,Aston Martin,9.0,87.383,28.364,30.033,28.986,MEDIUM,9.0,1.0,,,10.0,1,True,True,95.6,2.868,313.0,311.0,306.0,317.0
Italian,2023,ALO,Aston Martin,10.0,87.368,28.289,30.065,29.014,MEDIUM,10.0,1.0,,,10.0,1,True,True,94.0,2.82,315.0,312.0,307.0,323.0
Italian,2023,ALO,Aston Martin,11.0,87.343,28.23,30.106,29.007,MEDIUM,11.0,1.0,,,10.0,1,True,True,92.4,2.772,317.0,314.0,307.0,316.0
Italian,2023,ALO,Aston Martin,12.0,87.339,28.344,30.153,28.842,MEDIUM,12.0,1.0,,,10.0,1,True,True,90.8,2.724,314.0,314.0,306.0,314.0
Italian,2023,ALO,Aston Martin,13.0,87.158,28.219,30.16,28.779,MEDIUM,13.0,1.0,,,10.0,1,True,True,89.2,2.676,314.0,314.0,307.0,321.0
Italian,2023,ALO,Aston Martin,14.0,87.607,28.743,30.141,28.723,MEDIUM,14.0,1.0,,,10.0,1,True,True,87.6,2.628,315.0,312.0,307.0,323.0
Italian,2023,ALO,Aston Martin,15.0,86.929,28.12,30.043,28.766,MEDIUM,15.0,1.0,,,10.0,1,True,True,86.0,2.58,318.0,316.0,306.0,325.0
Italian,2023,ALO,Aston Martin,16.0,87.164,28.235,30.255,28.674,MEDIUM,16.0,1.0,,,9.0,1,True,True,84.4,2.532,316.0,312.0,308.0,323.0
Italian,2023,ALO,Aston Martin,17.0,87.156,28.169,30.151,28.836,MEDIUM,17.0,1.0,,,9.0,1,True,True,82.8,2.484,317.0,312.0,306.0,323.0
Italian,2023,ALO,Aston Martin,18.0,87.275,28.21,30.324,28.741,MEDIUM,18.0,1.0,,,9.0,1,True,True,81.2,2.436,319.0,315.0,308.0,325.0
Italian,2023,ALO,Aston Martin,19.0,87.318,28.251,30.267,28.8,MEDIUM,19.0,1.0,,,9.0,1,True,True,79.6,2.388,318.0,316.0,308.0,326.0
Italian,2023,ALO,Aston Martin,20.0,88.284,28.303,31.004,28.977,MEDIUM,20.0,1.0,,,7.0,1,True,True,78.0,2.34,317.0,316.0,308.0,327.0
Italian,2023,ALO,Aston Martin,21.0,92.377,28.267,30.526,33.584,MEDIUM,21.0,1.0,6782.971,,6.0,1,False,True,76.4,2.292,318.0,316.0,,324.0
Italian,2023,ALO,Aston Martin,22.0,107.272,48.485,30.233,28.554,HARD,4.0,2.0,,6807.799,12.0,1,False,False,74.8,2.244,317.0,305.0,308.0,281.0
Italian,2023,ALO,Aston Martin,23.0,86.849,28.229,29.832,28.788,HARD,5.0,2.0,,,12.0,1,True,False,73.2,2.196,314.0,309.0,308.0,316.0
Italian,2023,ALO,Aston Martin,24.0,86.949,28.24,30.006,28.703,HARD,6.0,2.0,,,11.0,1,True,False,71.6,2.148,311.0,312.0,309.0,309.0
Italian,2023,ALO,Aston Martin,25.0,86.899,28.139,30.044,28.716,HARD,7.0,2.0,,,11.0,1,True,False,70.0,2.1,314.0,312.0,307.0,314.0
Italian,2023,ALO,Aston Martin,26.0,86.792,28.194,29.885,28.713,HARD,8.0,2.0,,,10.0,1,True,False,68.4,2.052,315.0,313.0,307.0,316.0
Italian,2023,ALO,Aston Martin,27.0,86.666,28.132,29.838,28.696,HARD,9.0,2.0,,,10.0,1,True,False,66.8,2.004,314.0,314.0,307.0,321.0
Italian,2023,ALO,Aston Martin,28.0,86.723,28.121,29.958,28.644,HARD,10.0,2.0,,,9.0,1,True,False,65.2,1.956,316.0,314.0,308.0,322.0
Italian,2023,ALO,Aston Martin,29.0,86.997,28.249,30.04,28.708,HARD,11.0,2.0,,,10.0,1,True,False,63.6,1.908,320.0,327.0,308.0,325.0
Italian,2023,ALO,Aston Martin,30.0,86.915,28.315,29.961,28.639,HARD,12.0,2.0,,,10.0,1,True,False,62.0,1.86,319.0,317.0,309.0,316.0
Italian,2023,ALO,Aston Martin,31.0,86.848,28.145,30.095,28.608,HARD,13.0,2.0,,,10.0,1,True,False,60.4,1.812,315.0,314.0,309.0,326.0
Italian,2023,ALO,Aston Martin,32.0,86.747,28.219,29.93,28.598,HARD,14.0,2.0,,,10.0,1,True,False,58.8,1.764,317.0,314.0,308.0,320.0
Italian,2023,ALO,Aston Martin,33.0,86.769,28.316,29.842,28.611,HARD,15.0,2.0,,,10.0,1,True,False,57.2,1.716,316.0,314.0,310.0,318.0
Italian,2023,ALO,Aston Martin,34.0,86.563,28.146,29.905,28.512,HARD,16.0,2.0,,,10.0,1,True,False,55.6,1.668,315.0,314.0,308.0,321.0
Italian,2023,ALO,Aston Martin,35.0,86.517,28.068,29.929,28.52,HARD,17.0,2.0,,,10.0,1,True,False,54.0,1.62,315.0,313.0,308.0,325.0
Italian,2023,ALO,Aston Martin,36.0,86.457,28.152,29.967,28.338,HARD,18.0,2.0,,,10.0,1,True,False,52.4,1.572,315.0,313.0,309.0,322.0
Italian,2023,ALO,Aston Martin,37.0,86.38,28.147,29.835,28.398,HARD,19.0,2.0,,,10.0,1,True,False,50.8,1.524,316.0,314.0,310.0,324.0
Italian,2023,ALO,Aston Martin,38.0,86.574,28.039,29.984,28.551,HARD,20.0,2.0,,,10.0,1,True,False,49.2,1.476,317.0,315.0,306.0,321.0
Italian,2023,ALO,Aston Martin,39.0,86.707,28.156,30.082,28.469,HARD,21.0,2.0,,,10.0,1,True,False,47.6,1.428,317.0,314.0,309.0,321.0
Italian,2023,ALO,Aston Martin,40.0,86.61,28.187,29.957,28.466,HARD,22.0,2.0,,,10.0,1,True,False,46.0,1.38,317.0,314.0,309.0,319.0
Italian,2023,ALO,Aston Martin,41.0,86.815,28.084,30.125,28.606,HARD,23.0,2.0,,,9.0,1,True,False,44.4,1.332,316.0,316.0,309.0,325.0
Italian,2023,ALO,Aston Martin,42.0,86.403,28.072,29.934,28.397,HARD,24.0,2.0,,,9.0,1,True,False,42.8,1.284,317.0,315.0,309.0,320.0
Italian,2023,ALO,Aston Martin,43.0,86.105,28.036,29.833,28.236,HARD,25.0,2.0,,,9.0,1,True,False,41.2,1.236,317.0,314.0,309.0,326.0
Italian,2023,ALO,Aston Martin,44.0,86.155,28.025,29.868,28.262,HARD,26.0,2.0,,,9.0,1,True,False,39.6,1.188,318.0,315.0,310.0,322.0
Italian,2023,ALO,Aston Martin,45.0,86.277,28.023,29.92,28.334,HARD,27.0,2.0,,,9.0,1,True,False,38.0,1.14,320.0,318.0,309.0,322.0
Italian,2023,ALO,Aston Martin,46.0,86.453,28.069,30.096,28.288,HARD,28.0,2.0,,,9.0,1,True,False,36.4,1.092,320.0,317.0,311.0,326.0
Italian,2023,ALO,Aston Martin,47.0,86.912,27.97,30.321,28.621,HARD,29.0,2.0,,,9.0,1,True,False,34.8,1.044,321.0,329.0,313.0,324.0
Italian,2023,ALO,Aston Martin,48.0,87.183,28.074,30.358,28.751,HARD,30.0,2.0,,,9.0,1,True,False,33.2,0.996,317.0,331.0,311.0,333.0
Italian,2023,ALO,Aston Martin,49.0,87.245,28.044,30.608,28.593,HARD,31.0,2.0,,,9.0,1,True,False,31.6,0.948,323.0,328.0,312.0,323.0
Italian,2023,ALO,Aston Martin,50.0,87.36,28.144,30.732,28.484,HARD,32.0,2.0,,,9.0,1,True,False,30.0,0.9,326.0,332.0,312.0,333.0
Italian,2023,ALO,Aston Martin,51.0,87.395,27.812,30.849,28.734,HARD,33.0,2.0,,,9.0,1,True,False,28.4,0.852,333.0,329.0,312.0,345.0
Italian,2023,LEC,Ferrari,1.0,88.755,,29.908,28.623,MEDIUM,1.0,1.0,,,3.0,1,False,True,108.4,3.252,322.0,306.0,307.0,280.0
Italian,2023,LEC,Ferrari,2.0,86.312,28.155,29.728,28.429,MEDIUM,2.0,1.0,,,3.0,1,True,True,106.8,3.204,309.0,307.0,308.0,312.0
Italian,2023,LEC,Ferrari,3.0,85.719,27.933,29.256,28.53,MEDIUM,3.0,1.0,,,3.0,1,True,True,105.2,3.156,322.0,326.0,308.0,315.0
Italian,2023,LEC,Ferrari,4.0,86.025,28.073,29.438,28.514,MEDIUM,4.0,1.0,,,3.0,1,True,True,103.6,3.108,309.0,323.0,308.0,316.0
Italian,2023,LEC,Ferrari,5.0,86.266,28.042,29.611,28.613,MEDIUM,5.0,1.0,,,3.0,1,True,True,102.0,3.06,309.0,322.0,308.0,327.0
Italian,2023,LEC,Ferrari,6.0,86.483,28.204,29.712,28.567,MEDIUM,6.0,1.0,,,3.0,1,True,True,100.4,3.012,311.0,324.0,309.0,315.0
Italian,2023,LEC,Ferrari,7.0,86.473,28.13,29.768,28.575,MEDIUM,7.0,1.0,,,3.0,1,True,True,98.8,2.964,309.0,323.0,309.0,329.0
Italian,2023,LEC,Ferrari,8.0,85.972,28.002,29.51,28.46,MEDIUM,8.0,1.0,,,3.0,1,True,True,97.2,2.916,312.0,324.0,309.0,327.0
Italian,2023,LEC,Ferrari,9.0,86.678,28.037,29.789,28.852,MEDIUM,9.0,1.0,,,3.0,1,True,True,95.6,2.868,311.0,324.0,307.0,330.0
Italian,2023,LEC,Ferrari,10.0,86.787,28.308,29.817,28.662,MEDIUM,10.0,1.0,,,3.0,1,True,True,94.0,2.82,310.0,323.0,308.0,326.0
Italian,2023,LEC,Ferrari,11.0,86.838,28.279,29.772,28.787,MEDIUM,11.0,1.0,,,3.0,1,True,True,92.4,2.772,310.0,322.0,308.0,315.0
Italian,2023,LEC,Ferrari,12.0,86.694,28.237,29.915,28.542,MEDIUM,12.0,1.0,,,3.0,1,True,True,90.8,2.724,311.0,314.0,308.0,319.0
Italian,2023,LEC,Ferrari,13.0,86.557,28.136,29.853,28.568,MEDIUM,13.0,1.0,,,3.0,1,True,True,89.2,2.676,315.0,317.0,307.0,320.0
Italian,2023,LEC,Ferrari,14.0,86.94,28.276,30.041,28.623,MEDIUM,14.0,1.0,,,3.0,1,True,True,87.6,2.628,310.0,312.0,308.0,317.0
Italian,2023,LEC,Ferrari,15.0,87.314,28.401,30.047,28.866,MEDIUM,15.0,1.0,,,3.0,1,True,True,86.0,2.58,315.0,328.0,308.0,320.0
Italian,2023,LEC,Ferrari,16.0,87.155,28.242,30.148,28.765,MEDIUM,16.0,1.0,,,3.0,1,True,True,84.4,2.532,325.0,325.0,309.0,334.0
Italian,2023,LEC,Ferrari,17.0,87.67,28.308,30.329,29.033,MEDIUM,17.0,1.0,,,3.0,1,True,True,82.8,2.484,316.0,324.0,311.0,330.0
Italian,2023,LEC,Ferrari,18.0,87.498,28.199,30.37,28.929,MEDIUM,18.0,1.0,,,3.0,1,True,True,81.2,2.436,315.0,322.0,309.0,322.0
Italian,2023,LEC,Ferrari,19.0,87.702,28.304,30.386,29.012,MEDIUM,19.0,1.0,,,2.0,1,True,True,79.6,2.388,312.0,322.0,306.0,327.0
Italian,2023,LEC,Ferrari,20.0,91.155,28.176,30.071,32.908,MEDIUM,20.0,1.0,6679.066,,3.0,1,False,True,78.0,2.34,312.0,311.0,,327.0
Italian,2023,LEC,Ferrari,21.0,105.842,47.538,29.973,28.331,HARD,1.0,2.0,,6702.956,8.0,1,False,True,76.4,2.292,328.0,321.0,311.0,285.0
Italian,2023,LEC,Ferrari,22.0,85.742,28.116,29.46,28.166,HARD,2.0,2.0,,,6.0,1,True,True,74.8,2.244,311.0,320.0,311.0,341.0
Italian,2023,LEC,Ferrari,23.0,85.807,27.984,29.553,28.27,HARD,3.0,2.0,,,5.0,1,True,True,73.2,2.196,312.0,320.0,310.0,316.0
Italian,2023,LEC,Ferrari,24.0,85.933,27.945,29.668,28.32,HARD,4.0,2.0,,,4.0,1,True,True,71.6,2.148,311.0,321.0,311.0,329.0
Italian,2023,LEC,Ferrari,25.0,86.061,27.93,29.72,28.411,HARD,5.0,2.0,,,4.0,1,True,True,70.0,2.1,311.0,321.0,311.0,347.0
Italian,2023,LEC,Ferrari,26.0,85.763,28.034,29.494,28.235,HARD,6.0,2.0,,,4.0,1,True,True,68.4,2.052,312.0,321.0,310.0,346.0
Italian,2023,LEC,Ferrari,27.0,86.234,28.016,29.562,28.656,HARD,7.0,2.0,,,3.0,1,True,True,66.8,2.004,312.0,326.0,309.0,329.0
Italian,2023,LEC,Ferrari,28.0,85.663,28.012,29.486,28.165,HARD,8.0,2.0,,,3.0,1,True,True,65.2,1.956,310.0,321.0,310.0,328.0
Italian,2023,LEC,Ferrari,29.0,85.814,28.146,29.642,28.026,HARD,9.0,2.0,,,3.0,1,True,True,63.6,1.908,312.0,320.0,310.0,324.0
Italian,2023,LEC,Ferrari,30.0,85.782,28.142,29.568,28.072,HARD,10.0,2.0,,,3.0,1,True,True,62.0,1.86,311.0,319.0,310.0,342.0
Italian,2023,LEC,Ferrari,31.0,86.496,28.063,30.061,28.372,HARD,11.0,2.0,,,3.0,1,True,True,60.4,1.812,313.0,308.0,309.0,332.0
Italian,2023,LEC,Ferrari,32.0,86.869,28.786,29.915,28.168,HARD,12.0,2.0,,,4.0,1,True,True,58.8,1.764,313.0,322.0,312.0,313.0
Italian,2023,LEC,Ferrari,33.0,85.962,28.143,29.653,28.166,HARD,13.0,2.0,,,4.0,1,True,True,57.2,1.716,315.0,323.0,312.0,322.0
Italian,2023,LEC,Ferrari,34.0,85.851,28.13,29.667,28.054,HARD,14.0,2.0,,,4.0,1,True,True,55.6,1.668,314.0,323.0,312.0,324.0
Italian,2023,LEC,Ferrari,35.0,85.85,28.17,29.626,28.054,HARD,15.0,2.0,,,4.0,1,True,True,54.0,1.62,313.0,334.0,312.0,327.0
Italian,2023,LEC,Ferrari,36.0,85.631,27.916,29.701,28.014,HARD,16.0,2.0,,,4.0,1,True,True,52.4,1.572,314.0,323.0,312.0,330.0
Italian,2023,LEC,Ferrari,37.0,85.671,27.902,29.633,28.136,HARD,17.0,2.0,,,4.0,1,True,True,50.8,1.524,315.0,331.0,312.0,331.0
Italian,2023,LEC,Ferrari,38.0,85.58,27.994,29.492,28.094,HARD,18.0,2.0,,,4.0,1,True,True,49.2,1.476,328.0,324.0,313.0,332.0
Italian,2023,LEC,Ferrari,39.0,85.629,27.997,29.531,28.101,HARD,19.0,2.0,,,4.0,1,True,True,47.6,1.428,315.0,335.0,313.0,332.0
Italian,2023,LEC,Ferrari,40.0,85.728,27.941,29.673,28.114,HARD,20.0,2.0,,,4.0,1,True,True,46.0,1.38,315.0,339.0,312.0,334.0
Italian,2023,LEC,Ferrari,41.0,86.511,28.014,30.072,28.425,HARD,21.0,2.0,,,4.0,1,True,True,44.4,1.332,313.0,329.0,312.0,330.0
Italian,2023,LEC,Ferrari,42.0,86.448,28.005,30.118,28.325,HARD,22.0,2.0,,,4.0,1,True,True,42.8,1.284,314.0,330.0,311.0,330.0
Italian,2023,LEC,Ferrari,43.0,86.597,28.224,30.135,28.238,HARD,23.0,2.0,,,4.0,1,True,True,41.2,1.236,328.0,342.0,313.0,333.0
Italian,2023,LEC,Ferrari,44.0,86.586,28.282,29.969,28.335,HARD,24.0,2.0,,,4.0,1,True,True,39.6,1.188,314.0,329.0,311.0,333.0
Italian,2023,LEC,Ferrari,45.0,86.321,28.007,30.103,28.211,HARD,25.0,2.0,,,4.0,1,True,True,38.0,1.14,315.0,328.0,314.0,332.0
Italian,2023,LEC,Ferrari,46.0,86.58,27.912,30.545,28.123,HARD,26.0,2.0,,,4.0,1,True,True,36.4,1.092,333.0,326.0,322.0,333.0
Italian,2023,LEC,Ferrari,47.0,87.371,28.486,30.781,28.104,HARD,27.0,2.0,,,4.0,1,True,True,34.8,1.044,324.0,322.0,315.0,338.0
Italian,2023,LEC,Ferrari,48.0,86.828,28.441,30.154,28.233,HARD,28.0,2.0,,,4.0,1,True,True,33.2,0.996,315.0,323.0,314.0,338.0
Italian,2023,LEC,Ferrari,49.0,86.633,28.284,30.207,28.142,HARD,29.0,2.0,,,4.0,1,True,True,31.6,0.948,315.0,323.0,316.0,346.0
Italian,2023,LEC,Ferrari,50.0,86.961,28.367,30.573,28.021,HARD,30.0,2.0,,,4.0,1,True,True,30.0,0.9,311.0,323.0,315.0,354.0
Italian,2023,LEC,Ferrari,51.0,86.783,28.122,30.349,28.312,HARD,31.0,2.0,,,4.0,1,True,True,28.4,0.852,317.0,320.0,317.0,352.0
Italian,2023,STR,Aston Martin,1.0,96.787,,32.64,30.195,MEDIUM,1.0,1.0,,,19.0,1,False,True,108.4,3.252,320.0,300.0,308.0,246.0
Italian,2023,STR,Aston Martin,2.0,88.953,28.81,30.757,29.386,MEDIUM,2.0,1.0,,,19.0,1,True,True,106.8,3.204,313.0,314.0,310.0,305.0
Italian,2023,STR,Aston Martin,3.0,88.614,28.49,30.911,29.213,MEDIUM,3.0,1.0,,,19.0,1,True,True,105.2,3.156,330.0,329.0,311.0,298.0
Italian,2023,STR,Aston Martin,4.0,87.725,28.152,30.384,29.189,MEDIUM,4.0,1.0,,,18.0,1,True,True,103.6,3.108,312.0,315.0,309.0,351.0
Italian,2023,STR,Aston Martin,5.0,87.574,28.256,30.13,29.188,MEDIUM,5.0,1.0,,,18.0,1,True,True,102.0,3.06,314.0,317.0,308.0,318.0
Italian,2023,STR,Aston Martin,6.0,87.656,28.333,30.229,29.094,MEDIUM,6.0,1.0,,,18.0,1,True,True,100.4,3.012,310.0,313.0,308.0,321.0
Italian,2023,STR,Aston Martin,7.0,87.1,28.016,29.968,29.116,MEDIUM,7.0,1.0,,,18.0,1,True,True,98.8,2.964,314.0,316.0,308.0,326.0
Italian,2023,STR,Aston Martin,8.0,87.362,28.218,29.966,29.178,MEDIUM,8.0,1.0,,,18.0,1,True,True,97.2,2.916,313.0,314.0,308.0,321.0
Italian,2023,STR,Aston Martin,9.0,87.312,28.012,30.001,29.299,MEDIUM,9.0,1.0,,,18.0,1,True,True,95.6,2.868,316.0,316.0,307.0,329.0
Italian,2023,STR,Aston Martin,10.0,87.539,28.062,30.153,29.324,MEDIUM,10.0,1.0,,,17.0,1,True,True,94.0,2.82,314.0,315.0,307.0,327.0
Italian,2023,STR,Aston Martin,11.0,87.369,28.139,30.17,29.06,MEDIUM,11.0,1.0,,,16.0,1,True,True,92.4,2.772,315.0,314.0,308.0,325.0
Italian,2023,STR,Aston Martin,12.0,87.81,28.188,30.336,29.286,MEDIUM,12.0,1.0,,,16.0,1,True,True,90.8,2.724,315.0,314.0,307.0,323.0
Italian,2023,STR,Aston Martin,13.0,88.222,28.177,30.572,29.473,MEDIUM,13.0,1.0,,,16.0,1,True,True,89.2,2.676,313.0,314.0,307.0,326.0
Italian,2023,STR,Aston Martin,14.0,88.057,28.293,30.415,29.349,MEDIUM,14.0,1.0,,,14.0,1,True,True,87.6,2.628,315.0,314.0,307.0,321.0
Italian,2023,STR,Aston Martin,15.0,88.179,28.321,30.575,29.283,MEDIUM,15.0,1.0,,,13.0,1,True,True,86.0,2.58,314.0,311.0,307.0,325.0
Italian,2023,STR,Aston Martin,16.0,88.08,28.251,30.546,29.283,MEDIUM,16.0,1.0,,,12.0,1,True,True,84.4,2.532,315.0,310.0,308.0,325.0
Italian,2023,STR,Aston Martin,17.0,87.909,28.149,30.462,29.298,MEDIUM,17.0,1.0,,,12.0,1,True,True,82.8,2.484,316.0,311.0,306.0,321.0
Italian,2023,STR,Aston Martin,18.0,88.401,28.279,30.672,29.45,MEDIUM,18.0,1.0,,,12.0,1,True,True,81.2,2.436,315.0,311.0,306.0,326.0
Italian,2023,STR,Aston Martin,19.0,88.05,28.245,30.608,29.197,MEDIUM,19.0,1.0,,,12.0,1,True,True,79.6,2.388,317.0,312.0,307.0,323.0
Italian,2023,STR,Aston Martin,20.0,93.026,28.335,30.751,33.94,MEDIUM,20.0,1.0,6709.784,,13.0,1,False,True,78.0,2.34,319.0,323.0,,322.0
Italian,2023,STR,Aston Martin,21.0,108.851,49.687,30.078,29.086,HARD,5.0,2.0,,6735.471,18.0,1,False,False,76.4,2.292,319.0,304.0,306.0,279.0
Italian,2023,STR,Aston Martin,22.0,86.742,28.099,29.727,28.916,HARD,6.0,2.0,,,18.0,1,True,False,74.8,2.244,312.0,308.0,307.0,314.0
Italian,2023,STR,Aston Martin,23.0,86.968,28.004,29.927,29.037,HARD,7.0,2.0,,,18.0,1,True,False,73.2,2.196,312.0,307.0,307.0,318.0
Italian,2023,STR,Aston Martin,24.0,87.34,28.054,30.058,29.228,HARD,8.0,2.0,,,18.0,1,True,False,71.6,2.148,313.0,308.0,307.0,323.0
Italian,2023,STR,Aston Martin,25.0,87.176,28.201,29.928,29.047,HARD,9.0,2.0,,,17.0,1,True,False,70.0,2.1,311.0,309.0,306.0,319.0
Italian,2023,STR,Aston Martin,26.0,87.259,28.225,30.003,29.031,HARD,10.0,2.0,,,17.0,1,True,False,68.4,2.052,317.0,314.0,308.0,318.0
Italian,2023,STR,Aston Martin,27.0,86.675,27.971,29.841,28.863,HARD,11.0,2.0,,,17.0,1,True,False,66.8,2.004,316.0,314.0,308.0,322.0
Italian,2023,STR,Aston Martin,28.0,87.085,28.05,30.174,28.861,HARD,12.0,2.0,,,17.0,1,True,False,65.2,1.956,315.0,312.0,308.0,321.0
Italian,2023,STR,Aston Martin,29.0,86.809,28.134,29.979,28.696,HARD,13.0,2.0,,,17.0,1,True,False,63.6,1.908,317.0,311.0,308.0,320.0
Italian,2023,STR,Aston Martin,30.0,86.924,28.197,29.99,28.737,HARD,14.0,2.0,,,17.0,1,True,False,62.0,1.86,315.0,309.0,309.0,321.0
Italian,2023,STR,Aston Martin,31.0,86.617,27.983,29.98,28.654,HARD,15.0,2.0,,,16.0,1,True,False,60.4,1.812,316.0,310.0,309.0,324.0
Italian,2023,STR,Aston Martin,32.0,86.832,28.103,29.949,28.78,HARD,16.0,2.0,,,16.0,1,True,False,58.8,1.764,316.0,308.0,309.0,320.0
Italian,2023,STR,Aston Martin,33.0,87.121,28.056,30.12,28.945,HARD,17.0,2.0,,,16.0,1,True,False,57.2,1.716,315.0,310.0,310.0,325.0
Italian,2023,STR,Aston Martin,34.0,87.298,28.16,30.213,28.925,HARD,18.0,2.0,,,14.0,1,True,False,55.6,1.668,314.0,311.0,310.0,320.0
Italian,2023,STR,Aston Martin,35.0,86.97,28.074,30.105,28.791,HARD,19.0,2.0,,,14.0,1,True,False,54.0,1.62,315.0,313.0,310.0,321.0
Italian,2023,STR,Aston Martin,36.0,87.096,28.004,30.189,28.903,HARD,20.0,2.0,,,14.0,1,True,False,52.4,1.572,316.0,313.0,310.0,324.0
Italian,2023,STR,Aston Martin,37.0,87.373,27.963,30.309,29.101,HARD,21.0,2.0,,,14.0,1,True,False,50.8,1.524,318.0,325.0,313.0,323.0
Italian,2023,STR,Aston Martin,38.0,86.902,27.996,30.183,28.723,HARD,22.0,2.0,,,13.0,1,True,False,49.2,1.476,312.0,311.0,310.0,347.0
Italian,2023,STR,Aston Martin,39.0,86.904,28.027,30.044,28.833,HARD,23.0,2.0,,,13.0,1,True,False,47.6,1.428,314.0,313.0,309.0,317.0
Italian,2023,STR,Aston Martin,40.0,87.072,28.03,30.137,28.905,HARD,24.0,2.0,,,13.0,1,True,False,46.0,1.38,316.0,313.0,308.0,322.0
Italian,2023,STR,Aston Martin,41.0,86.916,28.105,29.987,28.824,HARD,25.0,2.0,,,13.0,1,True,False,44.4,1.332,315.0,314.0,308.0,324.0
Italian,2023,STR,Aston Martin,42.0,87.067,28.139,30.109,28.819,HARD,26.0,2.0,,,12.0,1,True,False,42.8,1.284,315.0,313.0,309.0,320.0
Italian,2023,STR,Aston Martin,43.0,91.134,31.63,30.601,28.903,HARD,27.0,2.0,,,12.0,1,True,False,41.2,1.236,312.0,312.0,309.0,323.0
Italian,2023,STR,Aston Martin,44.0,88.214,28.234,30.177,29.803,HARD,28.0,2.0,,,13.0,1,True,False,39.6,1.188,315.0,310.0,309.0,318.0
Italian,2023,STR,Aston Martin,45.0,88.336,28.405,31.024,28.907,HARD,29.0,2.0,,,14.0,1,True,False,38.0,1.14,316.0,324.0,310.0,339.0
Italian,2023,STR,Aston Martin,46.0,87.153,28.138,30.176,28.839,HARD,30.0,2.0,,,14.0,1,True,False,36.4,1.092,319.0,316.0,309.0,320.0
Italian,2023,STR,Aston Martin,47.0,87.267,28.201,30.145,28.921,HARD,31.0,2.0,,,14.0,1,True,False,34.8,1.044,316.0,315.0,310.0,323.0
Italian,2023,STR,Aston Martin,48.0,87.59,28.229,30.398,28.963,HARD,32.0,2.0,,,14.0,1,True,False,33.2,0.996,315.0,314.0,311.0,324.0
Italian,2023,STR,Aston Martin,49.0,89.467,28.428,31.827,29.212,HARD,33.0,2.0,,,14.0,1,True,False,31.6,0.948,314.0,323.0,310.0,319.0
Italian,2023,STR,Aston Martin,50.0,90.865,28.705,31.401,30.759,HARD,34.0,2.0,,,16.0,1,True,False,30.0,0.9,298.0,310.0,238.0,302.0
Italian,2023,STR,Aston Martin,51.0,,,,,HARD,35.0,2.0,,,,1,False,False,28.4,0.852,,,,
Italian,2023,SAR,Williams,1.0,94.407,,32.159,29.492,MEDIUM,4.0,1.0,,,13.0,1,False,False,108.4,3.252,332.0,316.0,309.0,290.0
Italian,2023,SAR,Williams,2.0,88.08,28.252,30.443,29.385,MEDIUM,5.0,1.0,,,13.0,1,True,False,106.8,3.204,316.0,319.0,309.0,327.0
Italian,2023,SAR,Williams,3.0,87.647,28.124,30.425,29.098,MEDIUM,6.0,1.0,,,13.0,1,True,False,105.2,3.156,318.0,335.0,310.0,326.0
Italian,2023,SAR,Williams,4.0,87.389,27.934,30.315,29.14,MEDIUM,7.0,1.0,,,13.0,1,True,False,103.6,3.108,319.0,333.0,308.0,331.0
Italian,2023,SAR,Williams,5.0,87.17,28.002,30.133,29.035,MEDIUM,8.0,1.0,,,13.0,1,True,False,102.0,3.06,318.0,333.0,309.0,342.0
Italian,2023,SAR,Williams,6.0,87.135,28.01,29.938,29.187,MEDIUM,9.0,1.0,,,13.0,1,True,False,100.4,3.012,320.0,334.0,311.0,337.0
Italian,2023,SAR,Williams,7.0,87.251,28.24,30.056,28.955,MEDIUM,10.0,1.0,,,13.0,1,True,False,98.8,2.964,316.0,331.0,310.0,335.0
Italian,2023,SAR,Williams,8.0,87.233,28.118,29.957,29.158,MEDIUM,11.0,1.0,,,13.0,1,True,False,97.2,2.916,320.0,332.0,309.0,333.0
Italian,2023,SAR,Williams,9.0,87.459,28.149,30.12,29.19,MEDIUM,12.0,1.0,,,13.0,1,True,False,95.6,2.868,319.0,333.0,309.0,339.0
Italian,2023,SAR,Williams,10.0,87.685,28.385,30.052,29.248,MEDIUM,13.0,1.0,,,13.0,1,True,False,94.0,2.82,320.0,332.0,310.0,331.0
Italian,2023,SAR,Williams,11.0,87.804,28.334,30.151,29.319,MEDIUM,14.0,1.0,,,13.0,1,True,False,92.4,2.772,320.0,333.0,310.0,334.0
Italian,2023,SAR,Williams,12.0,88.694,28.212,31.278,29.204,MEDIUM,15.0,1.0,,,13.0,1,True,False,90.8,2.724,322.0,329.0,309.0,335.0
Italian,2023,SAR,Williams,13.0,87.799,28.374,30.365,29.06,MEDIUM,16.0,1.0,,,12.0,1,True,False,89.2,2.676,320.0,329.0,310.0,335.0
Italian,2023,SAR,Williams,14.0,93.074,28.074,31.33,33.67,MEDIUM,17.0,1.0,6176.978,,15.0,1,False,False,87.6,2.628,326.0,327.0,,343.0
Italian,2023,SAR,Williams,15.0,107.389,48.951,29.831,28.607,HARD,4.0,2.0,,6201.681,16.0,1,False,False,86.0,2.58,322.0,311.0,308.0,282.0
Italian,2023,SAR,Williams,16.0,86.84,28.303,29.751,28.786,HARD,5.0,2.0,,,16.0,1,True,False,84.4,2.532,317.0,313.0,310.0,318.0
Italian,2023,SAR,Williams,17.0,87.0,28.198,29.88,28.922,HARD,6.0,2.0,,,16.0,1,True,False,82.8,2.484,316.0,314.0,309.0,322.0
Italian,2023,SAR,Williams,18.0,86.906,28.16,29.981,28.765,HARD,7.0,2.0,,,16.0,1,True,False,81.2,2.436,318.0,313.0,309.0,321.0
Italian,2023,SAR,Williams,19.0,87.165,28.315,29.982,28.868,HARD,8.0,2.0,,,16.0,1,True,False,79.6,2.388,315.0,314.0,309.0,321.0
Italian,2023,SAR,Williams,20.0,87.28,28.361,30.032,28.887,HARD,9.0,2.0,,,16.0,1,True,False,78.0,2.34,319.0,317.0,310.0,323.0
Italian,2023,SAR,Williams,21.0,87.363,28.375,29.999,28.989,HARD,10.0,2.0,,,15.0,1,True,False,76.4,2.292,317.0,315.0,309.0,325.0
Italian,2023,SAR,Williams,22.0,87.465,28.445,30.055,28.965,HARD,11.0,2.0,,,15.0,1,True,False,74.8,2.244,316.0,315.0,309.0,317.0
Italian,2023,SAR,Williams,23.0,87.149,28.327,29.9,28.922,HARD,12.0,2.0,,,15.0,1,True,False,73.2,2.196,316.0,315.0,310.0,322.0
Italian,2023,SAR,Williams,24.0,87.104,28.242,29.963,28.899,HARD,13.0,2.0,,,15.0,1,True,False,71.6,2.148,317.0,317.0,311.0,324.0
Italian,2023,SAR,Williams,25.0,87.165,28.187,30.065,28.913,HARD,14.0,2.0,,,14.0,1,True,False,70.0,2.1,315.0,314.0,309.0,324.0
Italian,2023,SAR,Williams,26.0,87.021,28.298,29.83,28.893,HARD,15.0,2.0,,,13.0,1,True,False,68.4,2.052,320.0,318.0,309.0,326.0
Italian,2023,SAR,Williams,27.0,87.253,28.261,30.079,28.913,HARD,16.0,2.0,,,13.0,1,True,False,66.8,2.004,315.0,316.0,309.0,324.0
Italian,2023,SAR,Williams,28.0,87.546,28.373,30.188,28.985,HARD,17.0,2.0,,,13.0,1,True,False,65.2,1.956,317.0,316.0,310.0,324.0
Italian,2023,SAR,Williams,29.0,87.545,28.388,30.221,28.936,HARD,18.0,2.0,,,13.0,1,True,False,63.6,1.908,321.0,316.0,309.0,327.0
Italian,2023,SAR,Williams,30.0,87.121,28.336,30.021,28.764,HARD,19.0,2.0,,,13.0,1,True,False,62.0,1.86,318.0,315.0,310.0,321.0
Italian,2023,SAR,Williams,31.0,87.461,28.284,30.277,28.9,HARD,20.0,2.0,,,13.0,1,True,False,60.4,1.812,317.0,315.0,310.0,326.0
Italian,2023,SAR,Williams,32.0,87.522,28.261,30.315,28.946,HARD,21.0,2.0,,,13.0,1,True,False,58.8,1.764,320.0,315.0,311.0,323.0
Italian,2023,SAR,Williams,33.0,87.293,28.247,30.149,28.897,HARD,22.0,2.0,,,11.0,1,True,False,57.2,1.716,318.0,329.0,310.0,321.0
Italian,2023,SAR,Williams,34.0,87.219,28.213,30.129,28.877,HARD,23.0,2.0,,,11.0,1,True,False,55.6,1.668,313.0,312.0,309.0,329.0
Italian,2023,SAR,Williams,35.0,87.233,28.272,30.197,28.764,HARD,24.0,2.0,,,11.0,1,True,False,54.0,1.62,316.0,312.0,309.0,327.0
Italian,2023,SAR,Williams,36.0,87.142,28.312,30.153,28.677,HARD,25.0,2.0,,,11.0,1,True,False,52.4,1.572,316.0,312.0,309.0,321.0
Italian,2023,SAR,Williams,37.0,87.292,28.557,30.104,28.631,HARD,26.0,2.0,,,11.0,1,True,False,50.8,1.524,317.0,312.0,310.0,324.0
Italian,2023,SAR,Williams,38.0,87.103,28.403,30.155,28.545,HARD,27.0,2.0,,,11.0,1,True,False,49.2,1.476,316.0,312.0,309.0,320.0
Italian,2023,SAR,Williams,39.0,87.137,28.367,30.179,28.591,HARD,28.0,2.0,,,11.0,1,True,False,47.6,1.428,317.0,313.0,309.0,324.0
Italian,2023,SAR,Williams,40.0,87.64,28.48,30.485,28.675,HARD,29.0,2.0,,,11.0,1,True,False,46.0,1.38,321.0,310.0,308.0,333.0
Italian,2023,SAR,Williams,41.0,87.18,28.346,30.289,28.545,HARD,30.0,2.0,,,11.0,1,True,False,44.4,1.332,315.0,312.0,308.0,319.0
Italian,2023,SAR,Williams,42.0,87.176,28.509,30.206,28.461,HARD,31.0,2.0,,,10.0,1,True,False,42.8,1.284,322.0,313.0,309.0,324.0
Italian,2023,SAR,Williams,43.0,89.385,28.493,31.774,29.118,HARD,32.0,2.0,,,11.0,1,True,False,41.2,1.236,324.0,325.0,310.0,334.0
Italian,2023,SAR,Williams,44.0,87.686,28.59,30.403,28.693,HARD,33.0,2.0,,,11.0,1,True,False,39.6,1.188,316.0,312.0,310.0,320.0
Italian,2023,SAR,Williams,45.0,87.502,28.487,30.348,28.667,HARD,34.0,2.0,,,11.0,1,True,False,38.0,1.14,318.0,314.0,310.0,326.0
Italian,2023,SAR,Williams,46.0,87.709,28.456,30.541,28.712,HARD,35.0,2.0,,,11.0,1,True,False,36.4,1.092,318.0,313.0,310.0,321.0
Italian,2023,SAR,Williams,47.0,87.622,28.463,30.392,28.767,HARD,36.0,2.0,,,11.0,1,True,False,34.8,1.044,320.0,315.0,310.0,323.0
Italian,2023,SAR,Williams,48.0,87.44,28.202,30.516,28.722,HARD,37.0,2.0,,,11.0,1,True,False,33.2,0.996,318.0,313.0,311.0,323.0
Italian,2023,SAR,Williams,49.0,87.742,28.431,30.625,28.686,HARD,38.0,2.0,,,11.0,1,True,False,31.6,0.948,319.0,314.0,310.0,320.0
Italian,2023,SAR,Williams,50.0,89.626,28.572,31.644,29.41,HARD,39.0,2.0,,,13.0,1,True,False,30.0,0.9,321.0,316.0,311.0,335.0
Italian,2023,SAR,Williams,51.0,,,,,HARD,40.0,2.0,,,,1,False,False,28.4,0.852,,,,
Italian,2023,MAG,Haas F1 Team,1.0,96.466,,32.419,30.247,HARD,5.0,1.0,,,18.0,1,False,False,108.4,3.252,328.0,318.0,305.0,257.0
Italian,2023,MAG,Haas F1 Team,2.0,88.923,28.604,30.826,29.493,HARD,6.0,1.0,,,18.0,1,True,False,106.8,3.204,315.0,313.0,306.0,315.0
Italian,2023,MAG,Haas F1 Team,3.0,88.538,28.77,30.58,29.188,HARD,7.0,1.0,,,18.0,1,True,False,105.2,3.156,309.0,315.0,305.0,312.0
Italian,2023,MAG,Haas F1 Team,4.0,89.252,29.2,30.783,29.269,HARD,8.0,1.0,,,19.0,1,True,False,103.6,3.108,310.0,315.0,307.0,320.0
Italian,2023,MAG,Haas F1 Team,5.0,88.276,28.669,30.299,29.308,HARD,9.0,1.0,,,19.0,1,True,False,102.0,3.06,307.0,313.0,305.0,316.0
Italian,2023,MAG,Haas F1 Team,6.0,87.949,28.51,30.238,29.201,HARD,10.0,1.0,,,19.0,1,True,False,100.4,3.012,310.0,314.0,305.0,318.0
Italian,2023,MAG,Haas F1 Team,7.0,87.691,28.537,30.0,29.154,HARD,11.0,1.0,,,19.0,1,True,False,98.8,2.964,309.0,313.0,305.0,316.0
Italian,2023,MAG,Haas F1 Team,8.0,87.935,28.448,30.059,29.428,HARD,12.0,1.0,,,19.0,1,True,False,97.2,2.916,309.0,311.0,303.0,316.0
Italian,2023,MAG,Haas F1 Team,9.0,88.218,28.659,30.166,29.393,HARD,13.0,1.0,,,19.0,1,True,False,95.6,2.868,308.0,311.0,303.0,312.0
Italian,2023,MAG,Haas F1 Team,10.0,88.511,28.608,30.291,29.612,HARD,14.0,1.0,,,19.0,1,True,False,94.0,2.82,308.0,311.0,302.0,313.0
Italian,2023,MAG,Haas F1 Team,11.0,88.792,28.764,30.474,29.554,HARD,15.0,1.0,,,18.0,1,True,False,92.4,2.772,307.0,309.0,302.0,312.0
Italian,2023,MAG,Haas F1 Team,12.0,93.273,28.736,30.371,34.166,HARD,16.0,1.0,6011.901,,17.0,1,False,False,90.8,2.724,314.0,315.0,,307.0
Italian,2023,MAG,Haas F1 Team,13.0,108.424,49.14,29.985,29.299,MEDIUM,1.0,2.0,,6036.589,19.0,1,False,True,89.2,2.676,307.0,306.0,302.0,270.0
Italian,2023,MAG,Haas F1 Team,14.0,88.08,28.551,30.069,29.46,MEDIUM,2.0,2.0,,,19.0,1,True,True,87.6,2.628,306.0,304.0,301.0,307.0
Italian,2023,MAG,Haas F1 Team,15.0,87.848,28.526,30.121,29.201,MEDIUM,3.0,2.0,,,19.0,1,True,True,86.0,2.58,308.0,307.0,303.0,308.0
Italian,2023,MAG,Haas F1 Team,16.0,87.649,28.491,29.955,29.203,MEDIUM,4.0,2.0,,,19.0,1,True,True,84.4,2.532,307.0,306.0,304.0,309.0
Italian,2023,MAG,Haas F1 Team,17.0,87.589,28.591,29.881,29.117,MEDIUM,5.0,2.0,,,19.0,1,True,True,82.8,2.484,308.0,305.0,303.0,309.0
Italian,2023,MAG,Haas F1 Team,18.0,87.898,28.639,30.033,29.226,MEDIUM,6.0,2.0,,,19.0,1,True,True,81.2,2.436,306.0,304.0,303.0,307.0
Italian,2023,MAG,Haas F1 Team,19.0,87.159,28.481,29.765,28.913,MEDIUM,7.0,2.0,,,19.0,1,True,True,79.6,2.388,306.0,307.0,304.0,309.0
Italian,2023,MAG,Haas F1 Team,20.0,87.011,28.444,29.712,28.855,MEDIUM,8.0,2.0,,,19.0,1,True,True,78.0,2.34,308.0,309.0,305.0,311.0
Italian,2023,MAG,Haas F1 Team,21.0,87.128,28.511,29.794,28.823,MEDIUM,9.0,2.0,,,19.0,1,True,True,76.4,2.292,309.0,310.0,306.0,308.0
Italian,2023,MAG,Haas F1 Team,22.0,87.244,28.549,29.853,28.842,MEDIUM,10.0,2.0,,,19.0,1,True,True,74.8,2.244,309.0,308.0,306.0,308.0
Italian,2023,MAG,Haas F1 Team,23.0,87.492,28.449,29.994,29.049,MEDIUM,11.0,2.0,,,19.0,1,True,True,73.2,2.196,308.0,309.0,305.0,313.0
Italian,2023,MAG,Haas F1 Team,24.0,87.536,28.445,30.082,29.009,MEDIUM,12.0,2.0,,,19.0,1,True,True,71.6,2.148,308.0,310.0,307.0,314.0
Italian,2023,MAG,Haas F1 Team,25.0,87.502,28.508,29.965,29.029,MEDIUM,13.0,2.0,,,18.0,1,True,True,70.0,2.1,307.0,309.0,305.0,313.0
Italian,2023,MAG,Haas F1 Team,26.0,87.418,28.528,29.9,28.99,MEDIUM,14.0,2.0,,,18.0,1,True,True,68.4,2.052,307.0,310.0,305.0,312.0
Italian,2023,MAG,Haas F1 Team,27.0,87.22,28.433,29.916,28.871,MEDIUM,15.0,2.0,,,18.0,1,True,True,66.8,2.004,309.0,311.0,305.0,313.0
Italian,2023,MAG,Haas F1 Team,28.0,87.154,28.416,29.896,28.842,MEDIUM,16.0,2.0,,,18.0,1,True,True,65.2,1.956,310.0,310.0,305.0,313.0
Italian,2023,MAG,Haas F1 Team,29.0,87.344,28.451,30.035,28.858,MEDIUM,17.0,2.0,,,18.0,1,True,True,63.6,1.908,310.0,309.0,303.0,312.0
Italian,2023,MAG,Haas F1 Team,30.0,87.384,28.644,29.98,28.76,MEDIUM,18.0,2.0,,,18.0,1,True,True,62.0,1.86,309.0,309.0,305.0,311.0
Italian,2023,MAG,Haas F1 Team,31.0,87.486,28.622,30.072,28.792,MEDIUM,19.0,2.0,,,18.0,1,True,True,60.4,1.812,309.0,309.0,305.0,313.0
Italian,2023,MAG,Haas F1 Team,32.0,87.556,28.572,30.012,28.972,MEDIUM,20.0,2.0,,,17.0,1,True,True,58.8,1.764,309.0,307.0,305.0,312.0
Italian,2023,MAG,Haas F1 Team,33.0,93.158,29.24,30.402,33.516,MEDIUM,21.0,2.0,7875.162,,18.0,1,False,True,57.2,1.716,313.0,323.0,,312.0
Italian,2023,MAG,Haas F1 Team,34.0,107.333,48.986,29.7,28.647,MEDIUM,1.0,3.0,,7899.943,19.0,1,False,True,55.6,1.668,309.0,309.0,305.0,266.0
Italian,2023,MAG,Haas F1 Team,35.0,86.3,28.268,29.624,28.408,MEDIUM,2.0,3.0,,,19.0,1,True,True,54.0,1.62,308.0,308.0,305.0,312.0
Italian,2023,MAG,Haas F1 Team,36.0,86.385,28.249,29.562,28.574,MEDIUM,3.0,3.0,,,19.0,1,True,True,52.4,1.572,309.0,306.0,306.0,311.0
Italian,2023,MAG,Haas F1 Team,37.0,86.454,28.246,29.622,28.586,MEDIUM,4.0,3.0,,,19.0,1,True,True,50.8,1.524,308.0,307.0,306.0,311.0
Italian,2023,MAG,Haas F1 Team,38.0,86.394,28.31,29.553,28.531,MEDIUM,5.0,3.0,,,19.0,1,True,True,49.2,1.476,309.0,308.0,307.0,312.0
Italian,2023,MAG,Haas F1 Team,39.0,90.343,29.52,32.259,28.564,MEDIUM,6.0,3.0,,,19.0,1,True,True,47.6,1.428,174.0,327.0,307.0,311.0
Italian,2023,MAG,Haas F1 Team,40.0,86.696,28.356,29.608,28.732,MEDIUM,7.0,3.0,,,18.0,1,True,True,46.0,1.38,309.0,315.0,309.0,316.0
Italian,2023,MAG,Haas F1 Team,41.0,86.328,28.205,29.63,28.493,MEDIUM,8.0,3.0,,,18.0,1,True,True,44.4,1.332,313.0,319.0,308.0,321.0
Italian,2023,MAG,Haas F1 Team,42.0,86.278,28.185,29.475,28.618,MEDIUM,9.0,3.0,,,18.0,1,True,True,42.8,1.284,315.0,332.0,308.0,322.0
Italian,2023,MAG,Haas F1 Team,43.0,86.511,28.315,29.607,28.589,MEDIUM,10.0,3.0,,,18.0,1,True,True,41.2,1.236,312.0,330.0,309.0,321.0
Italian,2023,MAG,Haas F1 Team,44.0,86.514,28.262,29.531,28.721,MEDIUM,11.0,3.0,,,18.0,1,True,True,39.6,1.188,315.0,330.0,308.0,323.0
Italian,2023,MAG,Haas F1 Team,45.0,86.787,28.339,29.92,28.528,MEDIUM,12.0,3.0,,,18.0,1,True,True,38.0,1.14,314.0,319.0,311.0,319.0
Italian,2023,MAG,Haas F1 Team,46.0,86.983,28.337,29.813,28.833,MEDIUM,13.0,3.0,,,18.0,1,True,True,36.4,1.092,316.0,327.0,309.0,318.0
Italian,2023,MAG,Haas F1 Team,47.0,86.66,28.36,29.534,28.766,MEDIUM,14.0,3.0,,,18.0,1,True,True,34.8,1.044,316.0,333.0,310.0,321.0
Italian,2023,MAG,Haas F1 Team,48.0,86.739,28.156,29.66,28.923,MEDIUM,15.0,3.0,,,18.0,1,True,True,33.2,0.996,315.0,334.0,310.0,330.0
Italian,2023,MAG,Haas F1 Team,49.0,87.054,28.211,29.897,28.946,MEDIUM,16.0,3.0,,,18.0,1,True,True,31.6,0.948,314.0,329.0,309.0,327.0
Italian,2023,MAG,Haas F1 Team,50.0,86.904,28.345,29.456,29.103,MEDIUM,17.0,3.0,,,18.0,1,True,True,30.0,0.9,312.0,330.0,309.0,320.0
Italian,2023,MAG,Haas F1 Team,51.0,,,,,MEDIUM,18.0,3.0,,,,1,False,True,28.4,0.852,,,,
Italian,2023,TSU,AlphaTauri,1.0,,,,,MEDIUM,4.0,1.0,,,,1,False,False,108.4,3.252,,,,
Italian,2023,ALB,Williams,1.0,90.785,,30.961,28.839,MEDIUM,4.0,1.0,,,7.0,1,False,False,108.4,3.252,333.0,316.0,309.0,280.0
Italian,2023,ALB,Williams,2.0,87.067,28.248,30.336,28.483,MEDIUM,5.0,1.0,,,6.0,1,True,False,106.8,3.204,321.0,311.0,309.0,325.0
Italian,2023,ALB,Williams,3.0,86.578,28.241,29.807,28.53,MEDIUM,6.0,1.0,,,6.0,1,True,False,105.2,3.156,309.0,314.0,308.0,320.0
Italian,2023,ALB,Williams,4.0,86.684,28.184,29.904,28.596,MEDIUM,7.0,1.0,,,6.0,1,True,False,103.6,3.108,312.0,315.0,309.0,317.0
Italian,2023,ALB,Williams,5.0,86.868,28.009,29.945,28.914,MEDIUM,8.0,1.0,,,6.0,1,True,False,102.0,3.06,313.0,315.0,308.0,329.0
Italian,2023,ALB,Williams,6.0,86.661,28.084,29.831,28.746,MEDIUM,9.0,1.0,,,6.0,1,True,False,100.4,3.012,315.0,316.0,308.0,326.0
Italian,2023,ALB,Williams,7.0,86.773,28.14,29.88,28.753,MEDIUM,10.0,1.0,,,6.0,1,True,False,98.8,2.964,313.0,315.0,309.0,319.0
Italian,2023,ALB,Williams,8.0,86.676,28.164,29.789,28.723,MEDIUM,11.0,1.0,,,6.0,1,True,False,97.2,2.916,315.0,315.0,308.0,324.0
Italian,2023,ALB,Williams,9.0,86.838,28.13,29.905,28.803,MEDIUM,12.0,1.0,,,6.0,1,True,False,95.6,2.868,313.0,313.0,308.0,322.0
Italian,2023,ALB,Williams,10.0,87.305,28.217,30.202,28.886,MEDIUM,13.0,1.0,,,6.0,1,True,False,94.0,2.82,312.0,311.0,308.0,320.0
Italian,2023,ALB,Williams,11.0,87.389,28.21,30.253,28.926,MEDIUM,14.0,1.0,,,6.0,1,True,False,92.4,2.772,313.0,312.0,307.0,320.0
Italian,2023,ALB,Williams,12.0,87.533,28.244,30.301,28.988,MEDIUM,15.0,1.0,,,6.0,1,True,False,90.8,2.724,314.0,313.0,308.0,324.0
Italian,2023,ALB,Williams,13.0,87.676,28.382,30.287,29.007,MEDIUM,16.0,1.0,,,6.0,1,True,False,89.2,2.676,314.0,314.0,308.0,320.0
Italian,2023,ALB,Williams,14.0,87.723,28.419,30.381,28.923,MEDIUM,17.0,1.0,,,6.0,1,True,False,87.6,2.628,313.0,311.0,308.0,321.0
Italian,2023,ALB,Williams,15.0,92.301,28.471,30.42,33.41,MEDIUM,18.0,1.0,6253.149,,9.0,1,False,False,86.0,2.58,316.0,314.0,,318.0
Italian,2023,ALB,Williams,16.0,107.605,48.509,30.09,29.006,HARD,4.0,2.0,,6277.492,13.0,1,False,False,84.4,2.532,321.0,306.0,309.0,283.0
Italian,2023,ALB,Williams,17.0,87.087,28.112,29.907,29.068,HARD,5.0,2.0,,,13.0,1,True,False,82.8,2.484,314.0,310.0,307.0,317.0
Italian,2023,ALB,Williams,18.0,86.893,28.215,29.832,28.846,HARD,6.0,2.0,,,13.0,1,True,False,81.2,2.436,314.0,310.0,308.0,314.0
Italian,2023,ALB,Williams,19.0,87.308,28.421,30.061,28.826,HARD,7.0,2.0,,,13.0,1,True,False,79.6,2.388,312.0,311.0,308.0,314.0
Italian,2023,ALB,Williams,20.0,86.853,28.207,29.964,28.682,HARD,8.0,2.0,,,12.0,1,True,False,78.0,2.34,315.0,316.0,309.0,322.0
Italian,2023,ALB,Williams,21.0,86.601,28.063,29.888,28.65,HARD,9.0,2.0,,,12.0,1,True,False,76.4,2.292,317.0,318.0,310.0,320.0
Italian,2023,ALB,Williams,22.0,86.833,28.065,30.017,28.751,HARD,10.0,2.0,,,11.0,1,True,False,74.8,2.244,315.0,315.0,312.0,326.0
Italian,2023,ALB,Williams,23.0,86.913,28.072,30.021,28.82,HARD,11.0,2.0,,,9.0,1,True,False,73.2,2.196,316.0,313.0,309.0,334.0
Italian,2023,ALB,Williams,24.0,86.748,28.141,29.93,28.677,HARD,12.0,2.0,,,8.0,1,True,False,71.6,2.148,314.0,315.0,309.0,322.0
Italian,2023,ALB,Williams,25.0,86.898,28.176,29.914,28.808,HARD,13.0,2.0,,,7.0,1,True,False,70.0,2.1,316.0,315.0,308.0,319.0
Italian,2023,ALB,Williams,26.0,87.049,28.19,29.944,28.915,HARD,14.0,2.0,,,7.0,1,True,False,68.4,2.052,313.0,313.0,307.0,322.0
Italian,2023,ALB,Williams,27.0,86.735,28.082,29.815,28.838,HARD,15.0,2.0,,,7.0,1,True,False,66.8,2.004,315.0,316.0,307.0,324.0
Italian,2023,ALB,Williams,28.0,87.024,28.288,29.896,28.84,HARD,16.0,2.0,,,6.0,1,True,False,65.2,1.956,314.0,313.0,307.0,323.0
Italian,2023,ALB,Williams,29.0,86.977,28.186,29.957,28.834,HARD,17.0,2.0,,,6.0,1,True,False,63.6,1.908,317.0,315.0,307.0,318.0
Italian,2023,ALB,Williams,30.0,86.94,28.382,29.892,28.666,HARD,18.0,2.0,,,6.0,1,True,False,62.0,1.86,314.0,313.0,308.0,323.0
Italian,2023,ALB,Williams,31.0,86.735,28.29,29.916,28.529,HARD,19.0,2.0,,,6.0,1,True,False,60.4,1.812,316.0,313.0,308.0,317.0
Italian,2023,ALB,Williams,32.0,86.432,28.117,29.915,28.4,HARD,20.0,2.0,,,6.0,1,True,False,58.8,1.764,314.0,312.0,309.0,324.0
Italian,2023,ALB,Williams,33.0,86.389,28.232,29.706,28.451,HARD,21.0,2.0,,,6.0,1,True,False,57.2,1.716,316.0,313.0,310.0,318.0
Italian,2023,ALB,Williams,34.0,86.579,28.181,29.9,28.498,HARD,22.0,2.0,,,6.0,1,True,False,55.6,1.668,314.0,312.0,309.0,318.0
Italian,2023,ALB,Williams,35.0,86.545,28.217,29.901,28.427,HARD,23.0,2.0,,,6.0,1,True,False,54.0,1.62,316.0,315.0,309.0,318.0
Italian,2023,ALB,Williams,36.0,86.981,28.478,30.039,28.464,HARD,24.0,2.0,,,6.0,1,True,False,52.4,1.572,314.0,313.0,308.0,322.0
Italian,2023,ALB,Williams,37.0,86.831,28.361,29.997,28.473,HARD,25.0,2.0,,,6.0,1,True,False,50.8,1.524,316.0,313.0,309.0,318.0
Italian,2023,ALB,Williams,38.0,87.37,28.615,30.113,28.642,HARD,26.0,2.0,,,6.0,1,True,False,49.2,1.476,314.0,312.0,309.0,331.0
Italian,2023,ALB,Williams,39.0,86.802,28.267,30.116,28.419,HARD,27.0,2.0,,,6.0,1,True,False,47.6,1.428,318.0,314.0,309.0,318.0
Italian,2023,ALB,Williams,40.0,86.572,28.148,30.04,28.384,HARD,28.0,2.0,,,6.0,1,True,False,46.0,1.38,315.0,312.0,309.0,322.0
Italian,2023,ALB,Williams,41.0,86.675,28.205,30.008,28.462,HARD,29.0,2.0,,,6.0,1,True,False,44.4,1.332,316.0,314.0,309.0,317.0
Italian,2023,ALB,Williams,42.0,86.708,28.164,30.191,28.353,HARD,30.0,2.0,,,6.0,1,True,False,42.8,1.284,316.0,314.0,309.0,322.0
Italian,2023,ALB,Williams,43.0,86.913,28.435,30.083,28.395,HARD,31.0,2.0,,,6.0,1,True,False,41.2,1.236,318.0,314.0,307.0,319.0
Italian,2023,ALB,Williams,44.0,87.725,28.419,30.879,28.427,HARD,32.0,2.0,,,6.0,1,True,False,39.6,1.188,320.0,311.0,309.0,333.0
Italian,2023,ALB,Williams,45.0,86.907,28.291,30.171,28.445,HARD,33.0,2.0,,,6.0,1,True,False,38.0,1.14,318.0,314.0,309.0,327.0
Italian,2023,ALB,Williams,46.0,87.252,28.431,30.313,28.508,HARD,34.0,2.0,,,6.0,1,True,False,36.4,1.092,317.0,315.0,309.0,318.0
Italian,2023,ALB,Williams,47.0,88.491,28.978,31.009,28.504,HARD,35.0,2.0,,,7.0,1,True,False,34.8,1.044,321.0,316.0,312.0,319.0
Italian,2023,ALB,Williams,48.0,86.822,28.118,30.185,28.519,HARD,36.0,2.0,,,7.0,1,True,False,33.2,0.996,319.0,316.0,311.0,333.0
Italian,2023,ALB,Williams,49.0,87.569,28.348,30.647,28.574,HARD,37.0,2.0,,,7.0,1,True,False,31.6,0.948,321.0,317.0,311.0,330.0
Italian,2023,ALB,Williams,50.0,87.197,28.281,30.432,28.484,HARD,38.0,2.0,,,7.0,1,True,False,30.0,0.9,316.0,313.0,311.0,320.0
Italian,2023,ALB,Williams,51.0,87.433,28.523,30.28,28.63,HARD,39.0,2.0,,,7.0,1,True,False,28.4,0.852,318.0,315.0,311.0,321.0
Italian,2023,ZHO,Alfa Romeo,1.0,95.194,,32.414,29.962,MEDIUM,1.0,1.0,,,15.0,1,False,True,108.4,3.252,328.0,313.0,310.0,266.0
Italian,2023,ZHO,Alfa Romeo,2.0,88.167,28.482,30.515,29.17,MEDIUM,2.0,1.0,,,15.0,1,True,True,106.8,3.204,313.0,314.0,310.0,327.0
Italian,2023,ZHO,Alfa Romeo,3.0,87.871,28.482,30.136,29.253,MEDIUM,3.0,1.0,,,15.0,1,True,True,105.2,3.156,311.0,334.0,311.0,317.0
Italian,2023,ZHO,Alfa Romeo,4.0,87.615,28.252,30.256,29.107,MEDIUM,4.0,1.0,,,15.0,1,True,True,103.6,3.108,311.0,330.0,310.0,333.0
Italian,2023,ZHO,Alfa Romeo,5.0,87.535,28.265,30.158,29.112,MEDIUM,5.0,1.0,,,15.0,1,True,True,102.0,3.06,307.0,327.0,308.0,330.0
Italian,2023,ZHO,Alfa Romeo,6.0,87.066,28.146,29.921,28.999,MEDIUM,6.0,1.0,,,15.0,1,True,True,100.4,3.012,310.0,328.0,310.0,327.0
Italian,2023,ZHO,Alfa Romeo,7.0,87.185,28.067,30.07,29.048,MEDIUM,7.0,1.0,,,15.0,1,True,True,98.8,2.964,314.0,332.0,311.0,332.0
Italian,2023,ZHO,Alfa Romeo,8.0,87.253,27.989,30.129,29.135,MEDIUM,8.0,1.0,,,15.0,1,True,True,97.2,2.916,316.0,331.0,310.0,338.0
Italian,2023,ZHO,Alfa Romeo,9.0,87.416,28.063,30.105,29.248,MEDIUM,9.0,1.0,,,15.0,1,True,True,95.6,2.868,315.0,331.0,308.0,336.0
Italian,2023,ZHO,Alfa Romeo,10.0,87.544,28.204,30.149,29.191,MEDIUM,10.0,1.0,,,15.0,1,True,True,94.0,2.82,315.0,332.0,311.0,334.0
Italian,2023,ZHO,Alfa Romeo,11.0,92.187,28.088,30.366,33.733,MEDIUM,11.0,1.0,5913.106,,17.0,1,False,True,92.4,2.772,315.0,333.0,,338.0
Italian,2023,ZHO,Alfa Romeo,12.0,107.237,48.832,29.749,28.656,HARD,4.0,2.0,,5937.496,18.0,1,False,False,90.8,2.724,309.0,309.0,306.0,281.0
Italian,2023,ZHO,Alfa Romeo,13.0,86.253,28.148,29.593,28.512,HARD,5.0,2.0,,,17.0,1,True,False,89.2,2.676,309.0,310.0,307.0,313.0
Italian,2023,ZHO,Alfa Romeo,14.0,87.775,28.46,30.365,28.95,HARD,6.0,2.0,,,17.0,1,True,False,87.6,2.628,311.0,321.0,308.0,310.0
Italian,2023,ZHO,Alfa Romeo,15.0,87.645,28.406,30.302,28.937,HARD,7.0,2.0,,,15.0,1,True,False,86.0,2.58,308.0,309.0,308.0,327.0
Italian,2023,ZHO,Alfa Romeo,16.0,87.153,28.446,30.051,28.656,HARD,8.0,2.0,,,15.0,1,True,False,84.4,2.532,310.0,309.0,311.0,310.0
Italian,2023,ZHO,Alfa Romeo,17.0,86.866,28.172,29.873,28.821,HARD,9.0,2.0,,,15.0,1,True,False,82.8,2.484,313.0,322.0,310.0,322.0
Italian,2023,ZHO,Alfa Romeo,18.0,87.055,28.16,30.123,28.772,HARD,10.0,2.0,,,15.0,1,True,False,81.2,2.436,311.0,311.0,310.0,328.0
Italian,2023,ZHO,Alfa Romeo,19.0,87.347,28.441,30.125,28.781,HARD,11.0,2.0,,,15.0,1,True,False,79.6,2.388,311.0,312.0,310.0,314.0
Italian,2023,ZHO,Alfa Romeo,20.0,87.075,28.351,29.988,28.736,HARD,12.0,2.0,,,15.0,1,True,False,78.0,2.34,312.0,314.0,310.0,317.0
Italian,2023,ZHO,Alfa Romeo,21.0,87.17,28.288,30.072,28.81,HARD,13.0,2.0,,,14.0,1,True,False,76.4,2.292,312.0,314.0,310.0,315.0
Italian,2023,ZHO,Alfa Romeo,22.0,87.333,28.194,30.055,29.084,HARD,14.0,2.0,,,14.0,1,True,False,74.8,2.244,314.0,331.0,311.0,315.0
Italian,2023,ZHO,Alfa Romeo,23.0,87.285,28.295,30.1,28.89,HARD,15.0,2.0,,,14.0,1,True,False,73.2,2.196,315.0,325.0,311.0,323.0
Italian,2023,ZHO,Alfa Romeo,24.0,87.153,28.236,30.034,28.883,HARD,16.0,2.0,,,14.0,1,True,False,71.6,2.148,314.0,326.0,312.0,328.0
Italian,2023,ZHO,Alfa Romeo,25.0,87.028,28.099,29.997,28.932,HARD,17.0,2.0,,,13.0,1,True,False,70.0,2.1,314.0,326.0,311.0,328.0
Italian,2023,ZHO,Alfa Romeo,26.0,87.164,28.167,30.017,28.98,HARD,18.0,2.0,,,12.0,1,True,False,68.4,2.052,315.0,327.0,310.0,325.0
Italian,2023,ZHO,Alfa Romeo,27.0,87.348,28.22,30.206,28.922,HARD,19.0,2.0,,,12.0,1,True,False,66.8,2.004,314.0,317.0,309.0,330.0
Italian,2023,ZHO,Alfa Romeo,28.0,87.858,28.358,30.492,29.008,HARD,20.0,2.0,,,12.0,1,True,False,65.2,1.956,314.0,315.0,309.0,316.0
Italian,2023,ZHO,Alfa Romeo,29.0,87.356,28.267,30.155,28.934,HARD,21.0,2.0,,,12.0,1,True,False,63.6,1.908,314.0,315.0,309.0,316.0
Italian,2023,ZHO,Alfa Romeo,30.0,87.442,28.302,30.279,28.861,HARD,22.0,2.0,,,12.0,1,True,False,62.0,1.86,314.0,311.0,310.0,316.0
Italian,2023,ZHO,Alfa Romeo,31.0,87.683,28.211,30.48,28.992,HARD,23.0,2.0,,,12.0,1,True,False,60.4,1.812,312.0,312.0,309.0,316.0
Italian,2023,ZHO,Alfa Romeo,32.0,87.82,28.341,30.496,28.983,HARD,24.0,2.0,,,12.0,1,True,False,58.8,1.764,313.0,312.0,310.0,317.0
Italian,2023,ZHO,Alfa Romeo,33.0,92.052,28.279,30.442,33.331,HARD,25.0,2.0,7858.209,,14.0,1,False,False,57.2,1.716,313.0,315.0,,318.0
Italian,2023,ZHO,Alfa Romeo,34.0,107.962,50.008,29.617,28.337,MEDIUM,1.0,3.0,,7884.131,17.0,1,False,True,55.6,1.668,311.0,311.0,310.0,283.0
Italian,2023,ZHO,Alfa Romeo,35.0,85.983,27.928,29.6,28.455,MEDIUM,2.0,3.0,,,17.0,1,True,True,54.0,1.62,313.0,312.0,309.0,316.0
Italian,2023,ZHO,Alfa Romeo,36.0,86.935,28.198,30.01,28.727,MEDIUM,3.0,3.0,,,17.0,1,True,True,52.4,1.572,307.0,308.0,309.0,313.0
Italian,2023,ZHO,Alfa Romeo,37.0,86.7,28.234,29.862,28.604,MEDIUM,4.0,3.0,,,17.0,1,True,True,50.8,1.524,308.0,310.0,311.0,313.0
Italian,2023,ZHO,Alfa Romeo,38.0,86.503,28.223,29.783,28.497,MEDIUM,5.0,3.0,,,17.0,1,True,True,49.2,1.476,308.0,309.0,311.0,314.0
Italian,2023,ZHO,Alfa Romeo,39.0,86.473,28.152,29.831,28.49,MEDIUM,6.0,3.0,,,16.0,1,True,True,47.6,1.428,310.0,312.0,310.0,314.0
Italian,2023,ZHO,Alfa Romeo,40.0,86.406,28.171,29.731,28.504,MEDIUM,7.0,3.0,,,15.0,1,True,True,46.0,1.38,309.0,309.0,309.0,313.0
Italian,2023,ZHO,Alfa Romeo,41.0,86.6,28.255,29.765,28.58,MEDIUM,8.0,3.0,,,15.0,1,True,True,44.4,1.332,308.0,311.0,309.0,314.0
Italian,2023,ZHO,Alfa Romeo,42.0,86.671,28.22,29.943,28.508,MEDIUM,9.0,3.0,,,15.0,1,True,True,42.8,1.284,309.0,312.0,310.0,313.0
Italian,2023,ZHO,Alfa Romeo,43.0,86.288,28.075,29.782,28.431,MEDIUM,10.0,3.0,,,15.0,1,True,True,41.2,1.236,309.0,312.0,311.0,316.0
Italian,2023,ZHO,Alfa Romeo,44.0,86.313,28.194,29.769,28.35,MEDIUM,11.0,3.0,,,15.0,1,True,True,39.6,1.188,311.0,312.0,311.0,315.0
Italian,2023,ZHO,Alfa Romeo,45.0,86.461,28.195,29.845,28.421,MEDIUM,12.0,3.0,,,15.0,1,True,True,38.0,1.14,312.0,313.0,311.0,315.0
Italian,2023,ZHO,Alfa Romeo,46.0,86.134,28.096,29.697,28.341,MEDIUM,13.0,3.0,,,15.0,1,True,True,36.4,1.092,313.0,315.0,311.0,315.0
Italian,2023,ZHO,Alfa Romeo,47.0,86.305,28.082,29.76,28.463,MEDIUM,14.0,3.0,,,15.0,1,True,True,34.8,1.044,312.0,315.0,312.0,316.0
Italian,2023,ZHO,Alfa Romeo,48.0,86.448,28.102,29.781,28.565,MEDIUM,15.0,3.0,,,15.0,1,True,True,33.2,0.996,313.0,315.0,313.0,318.0
Italian,2023,ZHO,Alfa Romeo,49.0,88.825,27.755,31.747,29.323,MEDIUM,16.0,3.0,,,15.0,1,True,True,31.6,0.948,322.0,334.0,316.0,332.0
Italian,2023,ZHO,Alfa Romeo,50.0,86.768,28.313,29.952,28.503,MEDIUM,17.0,3.0,,,14.0,1,True,True,30.0,0.9,308.0,312.0,310.0,314.0
Italian,2023,ZHO,Alfa Romeo,51.0,,,,,MEDIUM,18.0,3.0,,,,1,False,True,28.4,0.852,,,,
Italian,2023,HUL,Haas F1 Team,1.0,92.72,,31.435,29.179,MEDIUM,4.0,1.0,,,10.0,1,False,False,108.4,3.252,309.0,309.0,305.0,280.0
Italian,2023,HUL,Haas F1 Team,2.0,87.92,28.659,30.195,29.066,MEDIUM,5.0,1.0,,,10.0,1,True,False,106.8,3.204,313.0,312.0,306.0,311.0
Italian,2023,HUL,Haas F1 Team,3.0,87.36,28.522,30.018,28.82,MEDIUM,6.0,1.0,,,10.0,1,True,False,105.2,3.156,309.0,324.0,306.0,309.0
Italian,2023,HUL,Haas F1 Team,4.0,87.2,28.353,30.179,28.668,MEDIUM,7.0,1.0,,,10.0,1,True,False,103.6,3.108,309.0,323.0,308.0,325.0
Italian,2023,HUL,Haas F1 Team,5.0,87.035,28.304,29.951,28.78,MEDIUM,8.0,1.0,,,10.0,1,True,False,102.0,3.06,309.0,323.0,307.0,322.0
Italian,2023,HUL,Haas F1 Team,6.0,87.169,28.369,29.99,28.81,MEDIUM,9.0,1.0,,,10.0,1,True,False,100.4,3.012,310.0,315.0,305.0,320.0
Italian,2023,HUL,Haas F1 Team,7.0,87.465,28.474,30.088,28.903,MEDIUM,10.0,1.0,,,10.0,1,True,False,98.8,2.964,309.0,311.0,305.0,315.0
Italian,2023,HUL,Haas F1 Team,8.0,88.059,28.665,30.421,28.973,MEDIUM,11.0,1.0,,,11.0,1,True,False,97.2,2.916,315.0,324.0,306.0,328.0
Italian,2023,HUL,Haas F1 Team,9.0,87.481,28.412,30.067,29.002,MEDIUM,12.0,1.0,,,11.0,1,True,False,95.6,2.868,311.0,322.0,305.0,320.0
Italian,2023,HUL,Haas F1 Team,10.0,87.563,28.453,30.17,28.94,MEDIUM,13.0,1.0,,,11.0,1,True,False,94.0,2.82,309.0,311.0,306.0,319.0
Italian,2023,HUL,Haas F1 Team,11.0,88.055,28.668,30.428,28.959,MEDIUM,14.0,1.0,,,11.0,1,True,False,92.4,2.772,307.0,309.0,305.0,315.0
Italian,2023,HUL,Haas F1 Team,12.0,89.091,29.194,30.785,29.112,MEDIUM,15.0,1.0,,,12.0,1,True,False,90.8,2.724,314.0,322.0,306.0,316.0
Italian,2023,HUL,Haas F1 Team,13.0,88.009,28.418,30.638,28.953,MEDIUM,16.0,1.0,,,11.0,1,True,False,89.2,2.676,312.0,313.0,304.0,325.0
Italian,2023,HUL,Haas F1 Team,14.0,92.658,28.583,31.022,33.053,MEDIUM,17.0,1.0,6175.868,,13.0,1,False,False,87.6,2.628,319.0,308.0,,327.0
Italian,2023,HUL,Haas F1 Team,15.0,109.615,50.388,30.303,28.924,HARD,6.0,2.0,,6201.946,17.0,1,False,False,86.0,2.58,315.0,321.0,305.0,261.0
Italian,2023,HUL,Haas F1 Team,16.0,86.99,28.381,29.965,28.644,HARD,7.0,2.0,,,17.0,1,True,False,84.4,2.532,310.0,308.0,307.0,313.0
Italian,2023,HUL,Haas F1 Team,17.0,86.988,28.315,29.968,28.705,HARD,8.0,2.0,,,17.0,1,True,False,82.8,2.484,310.0,309.0,306.0,313.0
Italian,2023,HUL,Haas F1 Team,18.0,87.294,28.432,30.085,28.777,HARD,9.0,2.0,,,17.0,1,True,False,81.2,2.436,308.0,307.0,306.0,310.0
Italian,2023,HUL,Haas F1 Team,19.0,87.312,28.491,30.078,28.743,HARD,10.0,2.0,,,17.0,1,True,False,79.6,2.388,308.0,307.0,306.0,310.0
Italian,2023,HUL,Haas F1 Team,20.0,87.078,28.437,29.93,28.711,HARD,11.0,2.0,,,17.0,1,True,False,78.0,2.34,308.0,311.0,306.0,313.0
Italian,2023,HUL,Haas F1 Team,21.0,87.161,28.445,29.983,28.733,HARD,12.0,2.0,,,16.0,1,True,False,76.4,2.292,309.0,310.0,307.0,312.0
Italian,2023,HUL,Haas F1 Team,22.0,87.074,28.383,30.088,28.603,HARD,13.0,2.0,,,16.0,1,True,False,74.8,2.244,310.0,311.0,308.0,313.0
Italian,2023,HUL,Haas F1 Team,23.0,87.29,28.497,30.184,28.609,HARD,14.0,2.0,,,16.0,1,True,False,73.2,2.196,309.0,309.0,308.0,310.0
Italian,2023,HUL,Haas F1 Team,24.0,87.143,28.32,30.111,28.712,HARD,15.0,2.0,,,16.0,1,True,False,71.6,2.148,310.0,312.0,308.0,316.0
Italian,2023,HUL,Haas F1 Team,25.0,87.229,28.362,30.216,28.651,HARD,16.0,2.0,,,15.0,1,True,False,70.0,2.1,309.0,311.0,306.0,316.0
Italian,2023,HUL,Haas F1 Team,26.0,87.344,28.518,30.161,28.665,HARD,17.0,2.0,,,14.0,1,True,False,68.4,2.052,309.0,311.0,306.0,314.0
Italian,2023,HUL,Haas F1 Team,27.0,87.08,28.425,29.874,28.781,HARD,18.0,2.0,,,14.0,1,True,False,66.8,2.004,310.0,313.0,306.0,316.0
Italian,2023,HUL,Haas F1 Team,28.0,87.6,28.478,30.261,28.861,HARD,19.0,2.0,,,14.0,1,True,False,65.2,1.956,311.0,312.0,307.0,312.0
Italian,2023,HUL,Haas F1 Team,29.0,87.466,28.456,30.06,28.95,HARD,20.0,2.0,,,14.0,1,True,False,63.6,1.908,311.0,312.0,306.0,314.0
Italian,2023,HUL,Haas F1 Team,30.0,87.775,28.736,30.201,28.838,HARD,21.0,2.0,,,14.0,1,True,False,62.0,1.86,311.0,310.0,306.0,315.0
Italian,2023,HUL,Haas F1 Team,31.0,87.547,28.462,30.232,28.853,HARD,22.0,2.0,,,14.0,1,True,False,60.4,1.812,311.0,310.0,306.0,316.0
Italian,2023,HUL,Haas F1 Team,32.0,87.976,28.523,30.448,29.005,HARD,23.0,2.0,,,14.0,1,True,False,58.8,1.764,310.0,307.0,306.0,315.0
Italian,2023,HUL,Haas F1 Team,33.0,88.575,28.554,30.436,29.585,HARD,24.0,2.0,,,15.0,1,True,False,57.2,1.716,308.0,286.0,308.0,314.0
Italian,2023,HUL,Haas F1 Team,34.0,87.991,28.409,30.641,28.941,HARD,25.0,2.0,,,13.0,1,True,False,55.6,1.668,309.0,311.0,307.0,322.0
Italian,2023,HUL,Haas F1 Team,35.0,87.945,28.476,30.448,29.021,HARD,26.0,2.0,,,13.0,1,True,False,54.0,1.62,309.0,309.0,306.0,312.0
Italian,2023,HUL,Haas F1 Team,36.0,88.084,28.527,30.275,29.282,HARD,27.0,2.0,,,13.0,1,True,False,52.4,1.572,307.0,309.0,304.0,313.0
Italian,2023,HUL,Haas F1 Team,37.0,88.006,28.515,30.466,29.025,HARD,28.0,2.0,,,13.0,1,True,False,50.8,1.524,308.0,309.0,305.0,306.0
Italian,2023,HUL,Haas F1 Team,38.0,88.969,29.096,30.844,29.029,HARD,29.0,2.0,,,14.0,1,True,False,49.2,1.476,311.0,311.0,308.0,300.0
Italian,2023,HUL,Haas F1 Team,39.0,92.506,28.556,30.527,33.423,HARD,30.0,2.0,8391.89,,14.0,1,False,False,47.6,1.428,309.0,310.0,,311.0
Italian,2023,HUL,Haas F1 Team,40.0,106.37,48.194,29.719,28.457,MEDIUM,4.0,3.0,,8416.218,17.0,1,False,False,46.0,1.38,309.0,308.0,306.0,269.0
Italian,2023,HUL,Haas F1 Team,41.0,86.395,28.215,29.637,28.543,MEDIUM,5.0,3.0,,,17.0,1,True,False,44.4,1.332,307.0,309.0,305.0,311.0
Italian,2023,HUL,Haas F1 Team,42.0,86.102,28.299,29.405,28.398,MEDIUM,6.0,3.0,,,17.0,1,True,False,42.8,1.284,306.0,308.0,305.0,310.0
Italian,2023,HUL,Haas F1 Team,43.0,86.234,28.341,29.487,28.406,MEDIUM,7.0,3.0,,,17.0,1,True,False,41.2,1.236,306.0,308.0,307.0,310.0
Italian,2023,HUL,Haas F1 Team,44.0,86.459,28.307,29.626,28.526,MEDIUM,8.0,3.0,,,17.0,1,True,False,39.6,1.188,307.0,308.0,306.0,311.0
Italian,2023,HUL,Haas F1 Team,45.0,86.723,28.329,29.675,28.719,MEDIUM,9.0,3.0,,,17.0,1,True,False,38.0,1.14,309.0,310.0,306.0,311.0
Italian,2023,HUL,Haas F1 Team,46.0,86.645,28.345,29.762,28.538,MEDIUM,10.0,3.0,,,17.0,1,True,False,36.4,1.092,309.0,310.0,306.0,311.0
Italian,2023,HUL,Haas F1 Team,47.0,86.251,28.251,29.531,28.469,MEDIUM,11.0,3.0,,,17.0,1,True,False,34.8,1.044,309.0,311.0,307.0,312.0
Italian,2023,HUL,Haas F1 Team,48.0,86.359,28.286,29.718,28.355,MEDIUM,12.0,3.0,,,17.0,1,True,False,33.2,0.996,307.0,308.0,308.0,310.0
Italian,2023,HUL,Haas F1 Team,49.0,85.981,28.367,29.43,28.184,MEDIUM,13.0,3.0,,,17.0,1,True,False,31.6,0.948,308.0,311.0,309.0,312.0
Italian,2023,HUL,Haas F1 Team,50.0,85.894,28.274,29.497,28.123,MEDIUM,14.0,3.0,,,17.0,1,True,False,30.0,0.9,308.0,310.0,309.0,312.0
Italian,2023,HUL,Haas F1 Team,51.0,,,,,MEDIUM,15.0,3.0,,,,1,False,False,28.4,0.852,,,,
Italian,2023,OCO,Alpine,1.0,95.655,,32.271,29.923,MEDIUM,1.0,1.0,,,16.0,1,False,True,108.4,3.252,327.0,311.0,305.0,267.0
Italian,2023,OCO,Alpine,2.0,88.667,28.747,30.479,29.441,MEDIUM,2.0,1.0,,,16.0,1,True,True,106.8,3.204,307.0,307.0,305.0,315.0
Italian,2023,OCO,Alpine,3.0,87.822,28.679,29.905,29.238,MEDIUM,3.0,1.0,,,16.0,1,True,True,105.2,3.156,304.0,323.0,305.0,313.0
Italian,2023,OCO,Alpine,4.0,87.582,28.339,30.071,29.172,MEDIUM,4.0,1.0,,,16.0,1,True,True,103.6,3.108,306.0,322.0,306.0,327.0
Italian,2023,OCO,Alpine,5.0,87.385,28.234,30.001,29.15,MEDIUM,5.0,1.0,,,16.0,1,True,True,102.0,3.06,306.0,322.0,305.0,331.0
Italian,2023,OCO,Alpine,6.0,87.306,28.228,30.062,29.016,MEDIUM,6.0,1.0,,,16.0,1,True,True,100.4,3.012,306.0,320.0,305.0,327.0
Italian,2023,OCO,Alpine,7.0,87.117,28.258,29.794,29.065,MEDIUM,7.0,1.0,,,16.0,1,True,True,98.8,2.964,306.0,322.0,306.0,331.0
Italian,2023,OCO,Alpine,8.0,87.309,28.19,29.948,29.171,MEDIUM,8.0,1.0,,,16.0,1,True,True,97.2,2.916,308.0,321.0,305.0,331.0
Italian,2023,OCO,Alpine,9.0,87.396,28.202,30.053,29.141,MEDIUM,9.0,1.0,,,16.0,1,True,True,95.6,2.868,308.0,321.0,305.0,331.0
Italian,2023,OCO,Alpine,10.0,87.607,28.372,30.045,29.19,MEDIUM,10.0,1.0,,,16.0,1,True,True,94.0,2.82,307.0,321.0,305.0,328.0
Italian,2023,OCO,Alpine,11.0,87.738,28.301,30.405,29.032,MEDIUM,11.0,1.0,,,15.0,1,True,True,92.4,2.772,308.0,312.0,305.0,331.0
Italian,2023,OCO,Alpine,12.0,88.232,28.571,30.347,29.314,MEDIUM,12.0,1.0,,,15.0,1,True,True,90.8,2.724,307.0,312.0,304.0,317.0
Italian,2023,OCO,Alpine,13.0,87.855,28.362,30.343,29.15,MEDIUM,13.0,1.0,,,14.0,1,True,True,89.2,2.676,307.0,321.0,305.0,330.0
Italian,2023,OCO,Alpine,14.0,88.091,28.417,30.356,29.318,MEDIUM,14.0,1.0,,,12.0,1,True,True,87.6,2.628,308.0,322.0,304.0,324.0
Italian,2023,OCO,Alpine,15.0,88.197,28.46,30.513,29.224,MEDIUM,15.0,1.0,,,12.0,1,True,True,86.0,2.58,308.0,306.0,304.0,327.0
Italian,2023,OCO,Alpine,16.0,88.249,28.678,30.517,29.054,MEDIUM,16.0,1.0,,,11.0,1,True,True,84.4,2.532,307.0,304.0,305.0,312.0
Italian,2023,OCO,Alpine,17.0,88.111,28.605,30.381,29.125,MEDIUM,17.0,1.0,,,11.0,1,True,True,82.8,2.484,307.0,304.0,303.0,312.0
Italian,2023,OCO,Alpine,18.0,88.261,28.629,30.459,29.173,MEDIUM,18.0,1.0,,,11.0,1,True,True,81.2,2.436,305.0,303.0,304.0,311.0
Italian,2023,OCO,Alpine,19.0,88.216,28.699,30.382,29.135,MEDIUM,19.0,1.0,,,11.0,1,True,True,79.6,2.388,305.0,304.0,303.0,311.0
Italian,2023,OCO,Alpine,20.0,89.387,29.677,30.625,29.085,MEDIUM,20.0,1.0,,,11.0,1,True,True,78.0,2.34,306.0,306.0,304.0,310.0
Italian,2023,OCO,Alpine,21.0,88.489,28.711,30.436,29.342,MEDIUM,21.0,1.0,,,11.0,1,True,True,76.4,2.292,307.0,307.0,304.0,310.0
Italian,2023,OCO,Alpine,22.0,88.884,28.762,30.7,29.422,MEDIUM,22.0,1.0,,,10.0,1,True,True,74.8,2.244,304.0,304.0,303.0,310.0
Italian,2023,OCO,Alpine,23.0,89.474,29.428,30.719,29.327,MEDIUM,23.0,1.0,,,10.0,1,True,True,73.2,2.196,307.0,304.0,304.0,310.0
Italian,2023,OCO,Alpine,24.0,93.499,28.594,30.657,34.248,MEDIUM,24.0,1.0,7064.608,,12.0,1,False,True,71.6,2.148,305.0,305.0,,314.0
Italian,2023,OCO,Alpine,25.0,107.378,48.424,30.07,28.884,HARD,4.0,2.0,,7088.843,19.0,1,False,False,70.0,2.1,304.0,304.0,305.0,282.0
Italian,2023,OCO,Alpine,26.0,87.158,28.335,29.913,28.91,HARD,5.0,2.0,,,19.0,1,True,False,68.4,2.052,306.0,306.0,306.0,314.0
Italian,2023,OCO,Alpine,27.0,87.119,28.322,29.933,28.864,HARD,6.0,2.0,,,19.0,1,True,False,66.8,2.004,306.0,306.0,306.0,314.0
Italian,2023,OCO,Alpine,28.0,87.19,28.381,30.046,28.763,HARD,7.0,2.0,,,19.0,1,True,False,65.2,1.956,308.0,306.0,306.0,313.0
Italian,2023,OCO,Alpine,29.0,87.35,28.439,30.125,28.786,HARD,8.0,2.0,,,19.0,1,True,False,63.6,1.908,308.0,306.0,305.0,313.0
Italian,2023,OCO,Alpine,30.0,87.308,28.472,30.064,28.772,HARD,9.0,2.0,,,19.0,1,True,False,62.0,1.86,307.0,306.0,306.0,314.0
Italian,2023,OCO,Alpine,31.0,87.208,28.424,29.972,28.812,HARD,10.0,2.0,,,19.0,1,True,False,60.4,1.812,307.0,316.0,307.0,315.0
Italian,2023,OCO,Alpine,32.0,87.119,28.426,29.892,28.801,HARD,11.0,2.0,,,18.0,1,True,False,58.8,1.764,308.0,316.0,309.0,326.0
Italian,2023,OCO,Alpine,33.0,86.963,28.305,29.946,28.712,HARD,12.0,2.0,,,17.0,1,True,False,57.2,1.716,303.0,304.0,306.0,344.0
Italian,2023,OCO,Alpine,34.0,87.626,28.494,30.238,28.894,HARD,13.0,2.0,,,15.0,1,True,False,55.6,1.668,300.0,302.0,305.0,308.0
Italian,2023,OCO,Alpine,35.0,87.441,28.604,30.054,28.783,HARD,14.0,2.0,,,15.0,1,True,False,54.0,1.62,298.0,298.0,304.0,307.0
Italian,2023,OCO,Alpine,36.0,87.476,28.527,30.087,28.862,HARD,15.0,2.0,,,15.0,1,True,False,52.4,1.572,302.0,301.0,304.0,309.0
Italian,2023,OCO,Alpine,37.0,87.429,28.474,30.165,28.79,HARD,16.0,2.0,,,15.0,1,True,False,50.8,1.524,304.0,304.0,306.0,310.0
Italian,2023,OCO,Alpine,38.0,87.079,28.461,29.89,28.728,HARD,17.0,2.0,,,15.0,1,True,False,49.2,1.476,305.0,305.0,306.0,311.0
Italian,2023,OCO,Alpine,39.0,106.604,28.452,30.315,47.837,HARD,18.0,2.0,8413.093,,18.0,1,False,False,47.6,1.428,306.0,220.0,,311.0
Italian,2023,NOR,McLaren,1.0,91.513,,31.119,28.885,MEDIUM,1.0,1.0,,,8.0,1,False,True,108.4,3.252,310.0,307.0,305.0,290.0
Italian,2023,NOR,McLaren,2.0,87.575,28.537,30.36,28.678,MEDIUM,2.0,1.0,,,8.0,1,True,True,106.8,3.204,315.0,313.0,307.0,311.0
Italian,2023,NOR,McLaren,3.0,87.105,28.693,29.848,28.564,MEDIUM,3.0,1.0,,,8.0,1,True,True,105.2,3.156,310.0,322.0,307.0,293.0
Italian,2023,NOR,McLaren,4.0,87.069,28.445,29.988,28.636,MEDIUM,4.0,1.0,,,8.0,1,True,True,103.6,3.108,309.0,316.0,308.0,312.0
Italian,2023,NOR,McLaren,5.0,87.142,28.562,29.982,28.598,MEDIUM,5.0,1.0,,,8.0,1,True,True,102.0,3.06,309.0,312.0,307.0,307.0
Italian,2023,NOR,McLaren,6.0,86.796,28.38,29.732,28.684,MEDIUM,6.0,1.0,,,8.0,1,True,True,100.4,3.012,312.0,319.0,307.0,305.0
Italian,2023,NOR,McLaren,7.0,86.864,28.36,29.946,28.558,MEDIUM,7.0,1.0,,,8.0,1,True,True,98.8,2.964,308.0,310.0,309.0,308.0
Italian,2023,NOR,McLaren,8.0,86.628,28.271,29.746,28.611,MEDIUM,8.0,1.0,,,8.0,1,True,True,97.2,2.916,313.0,319.0,308.0,310.0
Italian,2023,NOR,McLaren,9.0,86.893,28.208,29.983,28.702,MEDIUM,9.0,1.0,,,8.0,1,True,True,95.6,2.868,313.0,319.0,307.0,320.0
Italian,2023,NOR,McLaren,10.0,86.965,28.292,29.893,28.78,MEDIUM,10.0,1.0,,,8.0,1,True,True,94.0,2.82,314.0,320.0,307.0,319.0
Italian,2023,NOR,McLaren,11.0,87.066,28.224,30.155,28.687,MEDIUM,11.0,1.0,,,8.0,1,True,True,92.4,2.772,311.0,318.0,309.0,313.0
Italian,2023,NOR,McLaren,12.0,87.438,28.308,30.281,28.849,MEDIUM,12.0,1.0,,,8.0,1,True,True,90.8,2.724,311.0,318.0,309.0,315.0
Italian,2023,NOR,McLaren,13.0,87.359,28.176,30.425,28.758,MEDIUM,13.0,1.0,,,8.0,1,True,True,89.2,2.676,313.0,320.0,309.0,329.0
Italian,2023,NOR,McLaren,14.0,87.478,28.138,30.447,28.893,MEDIUM,14.0,1.0,,,8.0,1,True,True,87.6,2.628,313.0,322.0,310.0,339.0
Italian,2023,NOR,McLaren,15.0,87.796,28.418,30.509,28.869,MEDIUM,15.0,1.0,,,7.0,1,True,True,86.0,2.58,313.0,321.0,307.0,333.0
Italian,2023,NOR,McLaren,16.0,87.199,28.356,30.068,28.775,MEDIUM,16.0,1.0,,,7.0,1,True,True,84.4,2.532,314.0,318.0,309.0,313.0
Italian,2023,NOR,McLaren,17.0,87.597,28.582,30.325,28.69,MEDIUM,17.0,1.0,,,7.0,1,True,True,82.8,2.484,311.0,309.0,309.0,309.0
Italian,2023,NOR,McLaren,18.0,87.272,28.43,30.043,28.799,MEDIUM,18.0,1.0,,,7.0,1,True,True,81.2,2.436,315.0,317.0,307.0,315.0
Italian,2023,NOR,McLaren,19.0,87.28,28.451,30.143,28.686,MEDIUM,19.0,1.0,,,7.0,1,True,True,79.6,2.388,311.0,318.0,308.0,315.0
Italian,2023,NOR,McLaren,20.0,87.716,28.365,30.534,28.817,MEDIUM,20.0,1.0,,,5.0,1,True,True,78.0,2.34,312.0,317.0,308.0,312.0
Italian,2023,NOR,McLaren,21.0,87.718,28.489,30.385,28.844,MEDIUM,21.0,1.0,,,3.0,1,True,True,76.4,2.292,313.0,317.0,307.0,317.0
Italian,2023,NOR,McLaren,22.0,91.647,28.426,30.073,33.148,MEDIUM,22.0,1.0,6866.173,,4.0,1,False,True,74.8,2.244,313.0,318.0,,317.0
Italian,2023,NOR,McLaren,23.0,106.282,47.855,29.928,28.499,HARD,5.0,2.0,,6889.876,11.0,1,False,False,73.2,2.196,316.0,304.0,308.0,283.0
Italian,2023,NOR,McLaren,24.0,86.144,28.37,29.458,28.316,HARD,6.0,2.0,,,9.0,1,True,False,71.6,2.148,308.0,330.0,307.0,331.0
Italian,2023,NOR,McLaren,25.0,86.424,28.304,29.752,28.368,HARD,7.0,2.0,,,8.0,1,True,False,70.0,2.1,305.0,305.0,308.0,313.0
Italian,2023,NOR,McLaren,26.0,86.402,28.289,29.728,28.385,HARD,8.0,2.0,,,8.0,1,True,False,68.4,2.052,307.0,308.0,306.0,313.0
Italian,2023,NOR,McLaren,27.0,86.485,28.346,29.745,28.394,HARD,9.0,2.0,,,8.0,1,True,False,66.8,2.004,305.0,307.0,306.0,313.0
Italian,2023,NOR,McLaren,28.0,86.396,28.273,29.743,28.38,HARD,10.0,2.0,,,7.0,1,True,False,65.2,1.956,311.0,310.0,308.0,313.0
Italian,2023,NOR,McLaren,29.0,86.472,28.197,29.731,28.544,HARD,11.0,2.0,,,7.0,1,True,False,63.6,1.908,313.0,318.0,310.0,322.0
Italian,2023,NOR,McLaren,30.0,86.968,28.657,29.952,28.359,HARD,12.0,2.0,,,7.0,1,True,False,62.0,1.86,306.0,316.0,309.0,339.0
Italian,2023,NOR,McLaren,31.0,86.909,28.548,30.01,28.351,HARD,13.0,2.0,,,7.0,1,True,False,60.4,1.812,311.0,316.0,309.0,317.0
Italian,2023,NOR,McLaren,32.0,86.586,28.175,29.858,28.553,HARD,14.0,2.0,,,7.0,1,True,False,58.8,1.764,313.0,319.0,308.0,317.0
Italian,2023,NOR,McLaren,33.0,86.455,28.159,29.844,28.452,HARD,15.0,2.0,,,7.0,1,True,False,57.2,1.716,316.0,319.0,310.0,321.0
Italian,2023,NOR,McLaren,34.0,86.366,28.262,29.737,28.367,HARD,16.0,2.0,,,7.0,1,True,False,55.6,1.668,312.0,319.0,310.0,320.0
Italian,2023,NOR,McLaren,35.0,86.464,28.2,29.851,28.413,HARD,17.0,2.0,,,7.0,1,True,False,54.0,1.62,314.0,320.0,309.0,316.0
Italian,2023,NOR,McLaren,36.0,87.06,28.365,30.238,28.457,HARD,18.0,2.0,,,7.0,1,True,False,52.4,1.572,312.0,317.0,309.0,316.0
Italian,2023,NOR,McLaren,37.0,86.595,28.348,29.924,28.323,HARD,19.0,2.0,,,7.0,1,True,False,50.8,1.524,315.0,319.0,313.0,322.0
Italian,2023,NOR,McLaren,38.0,87.567,28.683,30.384,28.5,HARD,20.0,2.0,,,7.0,1,True,False,49.2,1.476,303.0,316.0,310.0,345.0
Italian,2023,NOR,McLaren,39.0,86.792,28.202,30.031,28.559,HARD,21.0,2.0,,,7.0,1,True,False,47.6,1.428,317.0,321.0,308.0,325.0
Italian,2023,NOR,McLaren,40.0,86.761,28.184,30.016,28.561,HARD,22.0,2.0,,,7.0,1,True,False,46.0,1.38,314.0,318.0,309.0,327.0
Italian,2023,NOR,McLaren,41.0,86.562,28.269,29.96,28.333,HARD,23.0,2.0,,,7.0,1,True,False,44.4,1.332,315.0,320.0,309.0,325.0
Italian,2023,NOR,McLaren,42.0,86.623,28.311,29.995,28.317,HARD,24.0,2.0,,,7.0,1,True,False,42.8,1.284,314.0,320.0,309.0,317.0
Italian,2023,NOR,McLaren,43.0,86.81,28.312,30.079,28.419,HARD,25.0,2.0,,,7.0,1,True,False,41.2,1.236,315.0,322.0,312.0,321.0
Italian,2023,NOR,McLaren,44.0,87.991,28.037,31.196,28.758,HARD,26.0,2.0,,,7.0,1,True,False,39.6,1.188,324.0,328.0,310.0,316.0
Italian,2023,NOR,McLaren,45.0,87.466,28.726,30.34,28.4,HARD,27.0,2.0,,,8.0,1,True,False,38.0,1.14,307.0,323.0,310.0,338.0
Italian,2023,NOR,McLaren,46.0,87.017,28.325,30.218,28.474,HARD,28.0,2.0,,,8.0,1,True,False,36.4,1.092,314.0,324.0,312.0,323.0
Italian,2023,NOR,McLaren,47.0,87.886,28.079,31.244,28.563,HARD,29.0,2.0,,,8.0,1,True,False,34.8,1.044,321.0,323.0,314.0,329.0
Italian,2023,NOR,McLaren,48.0,86.733,28.415,30.09,28.228,HARD,30.0,2.0,,,8.0,1,True,False,33.2,0.996,308.0,321.0,316.0,318.0
Italian,2023,NOR,McLaren,49.0,87.661,28.211,30.897,28.553,HARD,31.0,2.0,,,8.0,1,True,False,31.6,0.948,299.0,321.0,312.0,346.0
Italian,2023,NOR,McLaren,50.0,87.174,28.328,30.461,28.385,HARD,32.0,2.0,,,8.0,1,True,False,30.0,0.9,312.0,321.0,314.0,322.0
Italian,2023,NOR,McLaren,51.0,87.425,28.597,30.414,28.414,HARD,33.0,2.0,,,8.0,1,True,False,28.4,0.852,317.0,318.0,313.0,346.0
Italian,2023,LAW,AlphaTauri,1.0,93.893,,32.335,29.41,MEDIUM,4.0,1.0,,,12.0,1,False,False,108.4,3.252,320.0,315.0,307.0,288.0
Italian,2023,LAW,AlphaTauri,2.0,88.018,28.272,30.618,29.128,MEDIUM,5.0,1.0,,,12.0,1,True,False,106.8,3.204,315.0,316.0,308.0,330.0
Italian,2023,LAW,AlphaTauri,3.0,87.657,28.456,30.165,29.036,MEDIUM,6.0,1.0,,,12.0,1,True,False,105.2,3.156,314.0,330.0,308.0,315.0
Italian,2023,LAW,AlphaTauri,4.0,87.13,28.037,30.226,28.867,MEDIUM,7.0,1.0,,,12.0,1,True,False,103.6,3.108,314.0,330.0,310.0,331.0
Italian,2023,LAW,AlphaTauri,5.0,87.205,28.039,30.113,29.053,MEDIUM,8.0,1.0,,,12.0,1,True,False,102.0,3.06,311.0,330.0,308.0,330.0
Italian,2023,LAW,AlphaTauri,6.0,87.263,28.028,30.065,29.17,MEDIUM,9.0,1.0,,,12.0,1,True,False,100.4,3.012,313.0,330.0,308.0,334.0
Italian,2023,LAW,AlphaTauri,7.0,87.154,28.085,30.053,29.016,MEDIUM,10.0,1.0,,,12.0,1,True,False,98.8,2.964,312.0,328.0,308.0,332.0
Italian,2023,LAW,AlphaTauri,8.0,87.331,28.178,29.982,29.171,MEDIUM,11.0,1.0,,,12.0,1,True,False,97.2,2.916,312.0,328.0,307.0,320.0
Italian,2023,LAW,AlphaTauri,9.0,87.506,28.063,30.134,29.309,MEDIUM,12.0,1.0,,,12.0,1,True,False,95.6,2.868,315.0,335.0,306.0,332.0
Italian,2023,LAW,AlphaTauri,10.0,87.648,28.176,30.205,29.267,MEDIUM,13.0,1.0,,,12.0,1,True,False,94.0,2.82,316.0,326.0,308.0,334.0
Italian,2023,LAW,AlphaTauri,11.0,87.892,28.114,30.496,29.282,MEDIUM,14.0,1.0,,,12.0,1,True,False,92.4,2.772,317.0,327.0,307.0,330.0
Italian,2023,LAW,AlphaTauri,12.0,87.631,28.18,30.397,29.054,MEDIUM,15.0,1.0,,,11.0,1,True,False,90.8,2.724,310.0,310.0,306.0,349.0
Italian,2023,LAW,AlphaTauri,13.0,92.053,28.295,30.367,33.391,MEDIUM,16.0,1.0,6086.463,,15.0,1,False,False,89.2,2.676,308.0,310.0,,317.0
Italian,2023,LAW,AlphaTauri,14.0,107.344,48.307,30.152,28.885,HARD,4.0,2.0,,6110.869,16.0,1,False,False,87.6,2.628,318.0,304.0,304.0,281.0
Italian,2023,LAW,AlphaTauri,15.0,87.03,28.278,29.812,28.94,HARD,5.0,2.0,,,14.0,1,True,False,86.0,2.58,309.0,306.0,303.0,323.0
Italian,2023,LAW,AlphaTauri,16.0,87.412,28.441,30.034,28.937,HARD,6.0,2.0,,,14.0,1,True,False,84.4,2.532,308.0,306.0,305.0,311.0
Italian,2023,LAW,AlphaTauri,17.0,87.045,28.399,29.851,28.795,HARD,7.0,2.0,,,14.0,1,True,False,82.8,2.484,312.0,307.0,305.0,302.0
Italian,2023,LAW,AlphaTauri,18.0,86.815,28.197,29.801,28.817,HARD,8.0,2.0,,,14.0,1,True,False,81.2,2.436,310.0,306.0,306.0,320.0
Italian,2023,LAW,AlphaTauri,19.0,87.047,28.377,29.912,28.758,HARD,9.0,2.0,,,14.0,1,True,False,79.6,2.388,308.0,307.0,306.0,300.0
Italian,2023,LAW,AlphaTauri,20.0,86.89,28.28,29.809,28.801,HARD,10.0,2.0,,,14.0,1,True,False,78.0,2.34,310.0,310.0,306.0,306.0
Italian,2023,LAW,AlphaTauri,21.0,87.171,28.353,29.969,28.849,HARD,11.0,2.0,,,13.0,1,True,False,76.4,2.292,311.0,311.0,306.0,306.0
Italian,2023,LAW,AlphaTauri,22.0,88.059,28.367,30.596,29.096,HARD,12.0,2.0,,,13.0,1,True,False,74.8,2.244,323.0,327.0,308.0,326.0
Italian,2023,LAW,AlphaTauri,23.0,87.215,28.321,30.091,28.803,HARD,13.0,2.0,,,13.0,1,True,False,73.2,2.196,313.0,312.0,308.0,313.0
Italian,2023,LAW,AlphaTauri,24.0,87.049,28.28,30.021,28.748,HARD,14.0,2.0,,,13.0,1,True,False,71.6,2.148,315.0,315.0,309.0,313.0
Italian,2023,LAW,AlphaTauri,25.0,87.204,28.168,30.125,28.911,HARD,15.0,2.0,,,12.0,1,True,False,70.0,2.1,312.0,312.0,307.0,317.0
Italian,2023,LAW,AlphaTauri,26.0,87.089,28.242,30.054,28.793,HARD,16.0,2.0,,,11.0,1,True,False,68.4,2.052,313.0,313.0,307.0,320.0
Italian,2023,LAW,AlphaTauri,27.0,87.025,28.165,30.03,28.83,HARD,17.0,2.0,,,11.0,1,True,False,66.8,2.004,313.0,314.0,306.0,317.0
Italian,2023,LAW,AlphaTauri,28.0,87.376,28.176,30.315,28.885,HARD,18.0,2.0,,,11.0,1,True,False,65.2,1.956,314.0,312.0,307.0,319.0
Italian,2023,LAW,AlphaTauri,29.0,87.108,28.09,30.24,28.778,HARD,19.0,2.0,,,11.0,1,True,False,63.6,1.908,314.0,313.0,307.0,320.0
Italian,2023,LAW,AlphaTauri,30.0,87.487,28.267,30.304,28.916,HARD,20.0,2.0,,,11.0,1,True,False,62.0,1.86,314.0,311.0,306.0,318.0
Italian,2023,LAW,AlphaTauri,31.0,87.515,28.187,30.406,28.922,HARD,21.0,2.0,,,11.0,1,True,False,60.4,1.812,313.0,311.0,307.0,323.0
Italian,2023,LAW,AlphaTauri,32.0,87.496,28.219,30.364,28.913,HARD,22.0,2.0,,,11.0,1,True,False,58.8,1.764,312.0,311.0,307.0,320.0
Italian,2023,LAW,AlphaTauri,33.0,91.843,28.343,30.228,33.272,HARD,23.0,2.0,7855.631,,12.0,1,False,False,57.2,1.716,314.0,312.0,,308.0
Italian,2023,LAW,AlphaTauri,34.0,106.71,48.275,29.741,28.694,MEDIUM,4.0,3.0,,7879.912,16.0,1,False,False,55.6,1.668,310.0,310.0,307.0,283.0
Italian,2023,LAW,AlphaTauri,35.0,86.26,28.105,29.568,28.587,MEDIUM,5.0,3.0,,,16.0,1,True,False,54.0,1.62,310.0,309.0,307.0,308.0
Italian,2023,LAW,AlphaTauri,36.0,86.384,28.046,29.721,28.617,MEDIUM,6.0,3.0,,,16.0,1,True,False,52.4,1.572,311.0,310.0,308.0,312.0
Italian,2023,LAW,AlphaTauri,37.0,86.253,28.028,29.648,28.577,MEDIUM,7.0,3.0,,,16.0,1,True,False,50.8,1.524,313.0,313.0,310.0,314.0
Italian,2023,LAW,AlphaTauri,38.0,86.103,28.0,29.541,28.562,MEDIUM,8.0,3.0,,,16.0,1,True,False,49.2,1.476,316.0,316.0,310.0,318.0
Italian,2023,LAW,AlphaTauri,39.0,86.245,27.782,29.912,28.551,MEDIUM,9.0,3.0,,,15.0,1,True,False,47.6,1.428,319.0,330.0,308.0,324.0
Italian,2023,LAW,AlphaTauri,40.0,86.273,28.062,29.588,28.623,MEDIUM,10.0,3.0,,,14.0,1,True,False,46.0,1.38,313.0,311.0,306.0,313.0
Italian,2023,LAW,AlphaTauri,41.0,86.417,28.202,29.637,28.578,MEDIUM,11.0,3.0,,,14.0,1,True,False,44.4,1.332,311.0,313.0,307.0,312.0
Italian,2023,LAW,AlphaTauri,42.0,86.121,28.088,29.519,28.514,MEDIUM,12.0,3.0,,,13.0,1,True,False,42.8,1.284,313.0,314.0,307.0,314.0
Italian,2023,LAW,AlphaTauri,43.0,86.143,28.053,29.632,28.458,MEDIUM,13.0,3.0,,,13.0,1,True,False,41.2,1.236,315.0,316.0,309.0,311.0
Italian,2023,LAW,AlphaTauri,44.0,85.842,27.952,29.416,28.474,MEDIUM,14.0,3.0,,,12.0,1,True,False,39.6,1.188,316.0,326.0,308.0,317.0
Italian,2023,LAW,AlphaTauri,45.0,86.134,28.056,29.694,28.384,MEDIUM,15.0,3.0,,,12.0,1,True,False,38.0,1.14,313.0,311.0,308.0,326.0
Italian,2023,LAW,AlphaTauri,46.0,86.018,27.968,29.598,28.452,MEDIUM,16.0,3.0,,,12.0,1,True,False,36.4,1.092,312.0,311.0,309.0,324.0
Italian,2023,LAW,AlphaTauri,47.0,86.656,28.444,29.78,28.432,MEDIUM,17.0,3.0,,,12.0,1,True,False,34.8,1.044,312.0,312.0,309.0,330.0
Italian,2023,LAW,AlphaTauri,48.0,86.098,28.004,29.678,28.416,MEDIUM,18.0,3.0,,,12.0,1,True,False,33.2,0.996,314.0,313.0,311.0,333.0
Italian,2023,LAW,AlphaTauri,49.0,87.235,28.069,30.529,28.637,MEDIUM,19.0,3.0,,,13.0,1,True,False,31.6,0.948,314.0,328.0,311.0,333.0
Italian,2023,LAW,AlphaTauri,50.0,86.436,27.879,29.876,28.681,MEDIUM,20.0,3.0,,,12.0,1,True,False,30.0,0.9,315.0,313.0,310.0,347.0
Italian,2023,LAW,AlphaTauri,51.0,,,,,MEDIUM,21.0,3.0,,,,1,False,False,28.4,0.852,,,,
Italian,2023,HAM,Mercedes,1.0,92.011,,31.059,29.053,HARD,4.0,1.0,,,9.0,1,False,False,108.4,3.252,323.0,318.0,308.0,292.0
Italian,2023,HAM,Mercedes,2.0,87.837,28.509,30.313,29.015,HARD,5.0,1.0,,,9.0,1,True,False,106.8,3.204,316.0,312.0,308.0,308.0
Italian,2023,HAM,Mercedes,3.0,87.289,28.474,30.067,28.748,HARD,6.0,1.0,,,9.0,1,True,False,105.2,3.156,311.0,324.0,307.0,306.0
Italian,2023,HAM,Mercedes,4.0,87.233,28.233,30.219,28.781,HARD,7.0,1.0,,,9.0,1,True,False,103.6,3.108,309.0,316.0,309.0,311.0
Italian,2023,HAM,Mercedes,5.0,87.015,28.213,29.93,28.872,HARD,8.0,1.0,,,9.0,1,True,False,102.0,3.06,312.0,322.0,307.0,315.0
Italian,2023,HAM,Mercedes,6.0,86.711,28.083,29.977,28.651,HARD,9.0,1.0,,,9.0,1,True,False,100.4,3.012,315.0,321.0,308.0,329.0
Italian,2023,HAM,Mercedes,7.0,86.7,28.219,29.869,28.612,HARD,10.0,1.0,,,9.0,1,True,False,98.8,2.964,313.0,322.0,310.0,322.0
Italian,2023,HAM,Mercedes,8.0,86.643,28.054,29.813,28.776,HARD,11.0,1.0,,,9.0,1,True,False,97.2,2.916,315.0,325.0,309.0,322.0
Italian,2023,HAM,Mercedes,9.0,86.756,28.167,29.727,28.862,HARD,12.0,1.0,,,9.0,1,True,False,95.6,2.868,312.0,325.0,309.0,323.0
Italian,2023,HAM,Mercedes,10.0,86.995,28.143,29.905,28.947,HARD,13.0,1.0,,,9.0,1,True,False,94.0,2.82,317.0,325.0,309.0,321.0
Italian,2023,HAM,Mercedes,11.0,87.119,28.214,30.146,28.759,HARD,14.0,1.0,,,9.0,1,True,False,92.4,2.772,316.0,326.0,310.0,322.0
Italian,2023,HAM,Mercedes,12.0,87.194,28.227,30.281,28.686,HARD,15.0,1.0,,,9.0,1,True,False,90.8,2.724,314.0,321.0,311.0,319.0
Italian,2023,HAM,Mercedes,13.0,87.292,28.176,30.296,28.82,HARD,16.0,1.0,,,9.0,1,True,False,89.2,2.676,318.0,330.0,311.0,325.0
Italian,2023,HAM,Mercedes,14.0,87.526,28.36,30.268,28.898,HARD,17.0,1.0,,,9.0,1,True,False,87.6,2.628,315.0,327.0,311.0,336.0
Italian,2023,HAM,Mercedes,15.0,88.085,28.254,30.62,29.211,HARD,18.0,1.0,,,8.0,1,True,False,86.0,2.58,318.0,328.0,307.0,323.0
Italian,2023,HAM,Mercedes,16.0,87.24,28.283,29.987,28.97,HARD,19.0,1.0,,,8.0,1,True,False,84.4,2.532,315.0,325.0,309.0,324.0
Italian,2023,HAM,Mercedes,17.0,87.585,28.335,30.308,28.942,HARD,20.0,1.0,,,8.0,1,True,False,82.8,2.484,312.0,320.0,310.0,326.0
Italian,2023,HAM,Mercedes,18.0,87.279,28.332,30.182,28.765,HARD,21.0,1.0,,,8.0,1,True,False,81.2,2.436,314.0,317.0,309.0,317.0
Italian,2023,HAM,Mercedes,19.0,87.449,28.21,30.319,28.92,HARD,22.0,1.0,,,8.0,1,True,False,79.6,2.388,317.0,325.0,307.0,320.0
Italian,2023,HAM,Mercedes,20.0,87.83,28.466,30.411,28.953,HARD,23.0,1.0,,,6.0,1,True,False,78.0,2.34,310.0,317.0,309.0,321.0
Italian,2023,HAM,Mercedes,21.0,87.399,28.291,30.39,28.718,HARD,24.0,1.0,,,4.0,1,True,False,76.4,2.292,315.0,321.0,309.0,317.0
Italian,2023,HAM,Mercedes,22.0,87.154,28.241,30.338,28.575,HARD,25.0,1.0,,,2.0,1,True,False,74.8,2.244,317.0,322.0,309.0,325.0
Italian,2023,HAM,Mercedes,23.0,87.267,28.414,30.195,28.658,HARD,26.0,1.0,,,1.0,1,True,False,73.2,2.196,313.0,309.0,306.0,321.0
Italian,2023,HAM,Mercedes,24.0,87.311,28.338,30.116,28.857,HARD,27.0,1.0,,,1.0,1,True,False,71.6,2.148,310.0,306.0,306.0,322.0
Italian,2023,HAM,Mercedes,25.0,87.791,28.762,30.462,28.567,HARD,28.0,1.0,,,2.0,1,True,False,70.0,2.1,311.0,308.0,308.0,322.0
Italian,2023,HAM,Mercedes,26.0,87.407,28.411,30.213,28.783,HARD,29.0,1.0,,,2.0,1,True,False,68.4,2.052,313.0,309.0,306.0,315.0
Italian,2023,HAM,Mercedes,27.0,93.228,28.503,30.278,34.447,HARD,30.0,1.0,7305.387,,5.0,1,False,False,66.8,2.004,311.0,309.0,,317.0
Italian,2023,HAM,Mercedes,28.0,105.978,47.886,29.634,28.458,MEDIUM,1.0,2.0,,7329.621,10.0,1,False,True,65.2,1.956,326.0,318.0,312.0,283.0
Italian,2023,HAM,Mercedes,29.0,85.582,27.731,29.45,28.401,MEDIUM,2.0,2.0,,,9.0,1,True,True,63.6,1.908,320.0,308.0,306.0,345.0
Italian,2023,HAM,Mercedes,30.0,86.34,28.242,29.728,28.37,MEDIUM,3.0,2.0,,,9.0,1,True,True,62.0,1.86,306.0,307.0,307.0,297.0
Italian,2023,HAM,Mercedes,31.0,86.404,28.28,29.678,28.446,MEDIUM,4.0,2.0,,,9.0,1,True,True,60.4,1.812,310.0,310.0,307.0,300.0
Italian,2023,HAM,Mercedes,32.0,86.62,28.268,29.827,28.525,MEDIUM,5.0,2.0,,,9.0,1,True,True,58.8,1.764,310.0,309.0,307.0,307.0
Italian,2023,HAM,Mercedes,33.0,86.584,28.317,29.769,28.498,MEDIUM,6.0,2.0,,,9.0,1,True,True,57.2,1.716,309.0,307.0,309.0,305.0
Italian,2023,HAM,Mercedes,34.0,86.236,28.231,29.565,28.44,MEDIUM,7.0,2.0,,,9.0,1,True,True,55.6,1.668,311.0,312.0,308.0,310.0
Italian,2023,HAM,Mercedes,35.0,86.016,28.2,29.528,28.288,MEDIUM,8.0,2.0,,,9.0,1,True,True,54.0,1.62,312.0,310.0,308.0,314.0
Italian,2023,HAM,Mercedes,36.0,86.205,28.237,29.691,28.277,MEDIUM,9.0,2.0,,,9.0,1,True,True,52.4,1.572,310.0,310.0,308.0,315.0
Italian,2023,HAM,Mercedes,37.0,85.999,28.165,29.626,28.208,MEDIUM,10.0,2.0,,,9.0,1,True,True,50.8,1.524,312.0,312.0,310.0,313.0
Italian,2023,HAM,Mercedes,38.0,86.274,28.191,29.81,28.273,MEDIUM,11.0,2.0,,,9.0,1,True,True,49.2,1.476,310.0,312.0,310.0,312.0
Italian,2023,HAM,Mercedes,39.0,86.249,28.2,29.837,28.212,MEDIUM,12.0,2.0,,,9.0,1,True,True,47.6,1.428,314.0,314.0,313.0,312.0
Italian,2023,HAM,Mercedes,40.0,86.658,27.835,30.525,28.298,MEDIUM,13.0,2.0,,,9.0,1,True,True,46.0,1.38,327.0,325.0,315.0,336.0
Italian,2023,HAM,Mercedes,41.0,87.501,28.084,31.028,28.389,MEDIUM,14.0,2.0,,,8.0,1,True,True,44.4,1.332,323.0,308.0,309.0,359.0
Italian,2023,HAM,Mercedes,42.0,86.216,28.303,29.7,28.213,MEDIUM,15.0,2.0,,,8.0,1,True,True,42.8,1.284,310.0,311.0,310.0,311.0
Italian,2023,HAM,Mercedes,43.0,86.093,28.191,29.702,28.2,MEDIUM,16.0,2.0,,,8.0,1,True,True,41.2,1.236,311.0,312.0,310.0,311.0
Italian,2023,HAM,Mercedes,44.0,87.152,28.286,29.995,28.871,MEDIUM,17.0,2.0,,,8.0,1,True,True,39.6,1.188,310.0,337.0,315.0,312.0
Italian,2023,HAM,Mercedes,45.0,86.333,28.007,29.815,28.511,MEDIUM,18.0,2.0,,,7.0,1,True,True,38.0,1.14,315.0,316.0,310.0,345.0
Italian,2023,HAM,Mercedes,46.0,87.193,28.313,30.328,28.552,MEDIUM,19.0,2.0,,,7.0,1,True,True,36.4,1.092,319.0,321.0,313.0,344.0
Italian,2023,HAM,Mercedes,47.0,86.12,28.422,29.673,28.025,MEDIUM,20.0,2.0,,,6.0,1,True,True,34.8,1.044,319.0,307.0,309.0,330.0
Italian,2023,HAM,Mercedes,48.0,85.815,28.115,29.489,28.211,MEDIUM,21.0,2.0,,,6.0,1,True,True,33.2,0.996,307.0,305.0,309.0,317.0
Italian,2023,HAM,Mercedes,49.0,85.888,28.298,29.417,28.173,MEDIUM,22.0,2.0,,,6.0,1,True,True,31.6,0.948,314.0,311.0,309.0,309.0
Italian,2023,HAM,Mercedes,50.0,85.927,28.164,29.526,28.237,MEDIUM,23.0,2.0,,,6.0,1,True,True,30.0,0.9,312.0,309.0,309.0,315.0
Italian,2023,HAM,Mercedes,51.0,86.093,28.147,29.595,28.351,MEDIUM,24.0,2.0,,,6.0,1,True,True,28.4,0.852,311.0,308.0,309.0,316.0
Italian,2023,SAI,Ferrari,1.0,87.117,,29.288,28.47,MEDIUM,1.0,1.0,,,1.0,1,False,True,108.4,3.252,317.0,299.0,305.0,284.0
Italian,2023,SAI,Ferrari,2.0,86.006,28.266,29.312,28.428,MEDIUM,2.0,1.0,,,1.0,1,True,True,106.8,3.204,303.0,302.0,305.0,304.0
Italian,2023,SAI,Ferrari,3.0,85.976,28.262,29.365,28.349,MEDIUM,3.0,1.0,,,1.0,1,True,True,105.2,3.156,303.0,302.0,305.0,306.0
Italian,2023,SAI,Ferrari,4.0,86.067,28.388,29.335,28.344,MEDIUM,4.0,1.0,,,1.0,1,True,True,103.6,3.108,305.0,304.0,308.0,308.0
Italian,2023,SAI,Ferrari,5.0,86.423,28.308,29.622,28.493,MEDIUM,5.0,1.0,,,1.0,1,True,True,102.0,3.06,304.0,301.0,307.0,308.0
Italian,2023,SAI,Ferrari,6.0,86.615,28.554,29.662,28.399,MEDIUM,6.0,1.0,,,1.0,1,True,True,100.4,3.012,306.0,304.0,307.0,323.0
Italian,2023,SAI,Ferrari,7.0,86.358,28.328,29.672,28.358,MEDIUM,7.0,1.0,,,1.0,1,True,True,98.8,2.964,305.0,305.0,308.0,309.0
Italian,2023,SAI,Ferrari,8.0,86.224,28.208,29.541,28.475,MEDIUM,8.0,1.0,,,1.0,1,True,True,97.2,2.916,305.0,304.0,308.0,314.0
Italian,2023,SAI,Ferrari,9.0,86.476,28.244,29.82,28.412,MEDIUM,9.0,1.0,,,1.0,1,True,True,95.6,2.868,305.0,302.0,307.0,330.0
Italian,2023,SAI,Ferrari,10.0,86.511,28.397,29.672,28.442,MEDIUM,10.0,1.0,,,1.0,1,True,True,94.0,2.82,306.0,302.0,307.0,314.0
Italian,2023,SAI,Ferrari,11.0,86.691,28.401,29.892,28.398,MEDIUM,11.0,1.0,,,1.0,1,True,True,92.4,2.772,305.0,304.0,307.0,309.0
Italian,2023,SAI,Ferrari,12.0,86.408,28.24,29.744,28.424,MEDIUM,12.0,1.0,,,1.0,1,True,True,90.8,2.724,308.0,307.0,307.0,312.0
Italian,2023,SAI,Ferrari,13.0,86.887,28.437,29.961,28.489,MEDIUM,13.0,1.0,,,1.0,1,True,True,89.2,2.676,307.0,306.0,306.0,310.0
Italian,2023,SAI,Ferrari,14.0,86.972,28.356,30.156,28.46,MEDIUM,14.0,1.0,,,1.0,1,True,True,87.6,2.628,309.0,303.0,308.0,329.0
Italian,2023,SAI,Ferrari,15.0,88.219,28.562,31.139,28.518,MEDIUM,15.0,1.0,,,2.0,1,True,True,86.0,2.58,320.0,319.0,308.0,327.0
Italian,2023,SAI,Ferrari,16.0,87.323,28.387,30.36,28.576,MEDIUM,16.0,1.0,,,2.0,1,True,True,84.4,2.532,309.0,307.0,309.0,327.0
Italian,2023,SAI,Ferrari,17.0,87.721,28.46,30.585,28.676,MEDIUM,17.0,1.0,,,2.0,1,True,True,82.8,2.484,310.0,306.0,309.0,313.0
Italian,2023,SAI,Ferrari,18.0,87.512,28.306,30.501,28.705,MEDIUM,18.0,1.0,,,2.0,1,True,True,81.2,2.436,310.0,306.0,309.0,319.0
Italian,2023,SAI,Ferrari,19.0,91.912,28.301,30.548,33.063,MEDIUM,19.0,1.0,6591.504,,4.0,1,False,True,79.6,2.388,309.0,306.0,,333.0
Italian,2023,SAI,Ferrari,20.0,106.762,49.012,29.37,28.38,HARD,1.0,2.0,,6616.676,8.0,1,False,True,78.0,2.34,309.0,340.0,309.0,282.0
Italian,2023,SAI,Ferrari,21.0,86.146,28.249,29.705,28.192,HARD,2.0,2.0,,,7.0,1,True,True,76.4,2.292,310.0,304.0,310.0,320.0
Italian,2023,SAI,Ferrari,22.0,85.558,28.19,29.222,28.146,HARD,3.0,2.0,,,5.0,1,True,True,74.8,2.244,308.0,308.0,310.0,312.0
Italian,2023,SAI,Ferrari,23.0,85.793,28.14,29.449,28.204,HARD,4.0,2.0,,,4.0,1,True,True,73.2,2.196,308.0,306.0,309.0,311.0
Italian,2023,SAI,Ferrari,24.0,85.902,28.144,29.514,28.244,HARD,5.0,2.0,,,3.0,1,True,True,71.6,2.148,307.0,308.0,310.0,313.0
Italian,2023,SAI,Ferrari,25.0,86.005,28.139,29.643,28.223,HARD,6.0,2.0,,,3.0,1,True,True,70.0,2.1,307.0,310.0,310.0,315.0
Italian,2023,SAI,Ferrari,26.0,85.836,28.117,29.485,28.234,HARD,7.0,2.0,,,3.0,1,True,True,68.4,2.052,310.0,311.0,311.0,316.0
Italian,2023,SAI,Ferrari,27.0,86.165,28.108,29.483,28.574,HARD,8.0,2.0,,,2.0,1,True,True,66.8,2.004,312.0,341.0,308.0,320.0
Italian,2023,SAI,Ferrari,28.0,85.77,28.081,29.476,28.213,HARD,9.0,2.0,,,2.0,1,True,True,65.2,1.956,310.0,309.0,308.0,316.0
Italian,2023,SAI,Ferrari,29.0,85.72,28.136,29.455,28.129,HARD,10.0,2.0,,,2.0,1,True,True,63.6,1.908,312.0,309.0,308.0,314.0
Italian,2023,SAI,Ferrari,30.0,85.501,28.096,29.328,28.077,HARD,11.0,2.0,,,2.0,1,True,True,62.0,1.86,312.0,310.0,309.0,314.0
Italian,2023,SAI,Ferrari,31.0,85.718,28.057,29.589,28.072,HARD,12.0,2.0,,,2.0,1,True,True,60.4,1.812,311.0,309.0,309.0,314.0
Italian,2023,SAI,Ferrari,32.0,85.896,28.076,29.523,28.297,HARD,13.0,2.0,,,2.0,1,True,True,58.8,1.764,310.0,309.0,310.0,315.0
Italian,2023,SAI,Ferrari,33.0,85.926,28.054,29.676,28.196,HARD,14.0,2.0,,,2.0,1,True,True,57.2,1.716,313.0,310.0,310.0,315.0
Italian,2023,SAI,Ferrari,34.0,86.126,28.149,29.656,28.321,HARD,15.0,2.0,,,2.0,1,True,True,55.6,1.668,311.0,312.0,310.0,315.0
Italian,2023,SAI,Ferrari,35.0,85.789,28.037,29.62,28.132,HARD,16.0,2.0,,,2.0,1,True,True,54.0,1.62,312.0,313.0,311.0,316.0
Italian,2023,SAI,Ferrari,36.0,86.011,28.106,29.731,28.174,HARD,17.0,2.0,,,2.0,1,True,True,52.4,1.572,310.0,311.0,311.0,318.0
Italian,2023,SAI,Ferrari,37.0,85.886,27.998,29.719,28.169,HARD,18.0,2.0,,,2.0,1,True,True,50.8,1.524,315.0,314.0,311.0,319.0
Italian,2023,SAI,Ferrari,38.0,85.705,27.936,29.713,28.056,HARD,19.0,2.0,,,2.0,1,True,True,49.2,1.476,315.0,313.0,312.0,319.0
Italian,2023,SAI,Ferrari,39.0,85.924,28.052,29.689,28.183,HARD,20.0,2.0,,,2.0,1,True,True,47.6,1.428,314.0,313.0,313.0,319.0
Italian,2023,SAI,Ferrari,40.0,86.122,28.028,29.753,28.341,HARD,21.0,2.0,,,2.0,1,True,True,46.0,1.38,315.0,312.0,310.0,320.0
Italian,2023,SAI,Ferrari,41.0,86.738,28.166,30.232,28.34,HARD,22.0,2.0,,,2.0,1,True,True,44.4,1.332,316.0,311.0,311.0,334.0
Italian,2023,SAI,Ferrari,42.0,86.479,28.098,30.098,28.283,HARD,23.0,2.0,,,2.0,1,True,True,42.8,1.284,311.0,313.0,310.0,335.0
Italian,2023,SAI,Ferrari,43.0,86.589,28.243,30.069,28.277,HARD,24.0,2.0,,,2.0,1,True,True,41.2,1.236,312.0,312.0,311.0,330.0
Italian,2023,SAI,Ferrari,44.0,86.43,28.333,29.839,28.258,HARD,25.0,2.0,,,2.0,1,True,True,39.6,1.188,311.0,312.0,311.0,316.0
Italian,2023,SAI,Ferrari,45.0,86.632,28.283,30.144,28.205,HARD,26.0,2.0,,,2.0,1,True,True,38.0,1.14,313.0,310.0,311.0,335.0
Italian,2023,SAI,Ferrari,46.0,87.303,28.538,30.435,28.33,HARD,27.0,2.0,,,3.0,1,True,True,36.4,1.092,318.0,314.0,313.0,325.0
Italian,2023,SAI,Ferrari,47.0,87.096,28.583,30.233,28.28,HARD,28.0,2.0,,,3.0,1,True,True,34.8,1.044,327.0,313.0,312.0,324.0
Italian,2023,SAI,Ferrari,48.0,86.8,28.366,30.083,28.351,HARD,29.0,2.0,,,3.0,1,True,True,33.2,0.996,311.0,310.0,311.0,325.0
Italian,2023,SAI,Ferrari,49.0,86.77,28.303,30.127,28.34,HARD,30.0,2.0,,,3.0,1,True,True,31.6,0.948,313.0,312.0,313.0,320.0
Italian,2023,SAI,Ferrari,50.0,86.776,28.355,30.212,28.209,HARD,31.0,2.0,,,3.0,1,True,True,30.0,0.9,310.0,311.0,312.0,336.0
Italian,2023,SAI,Ferrari,51.0,87.044,28.18,30.383,28.481,HARD,32.0,2.0,,,3.0,1,True,True,28.4,0.852,312.0,307.0,312.0,336.0
Italian,2023,RUS,Mercedes,1.0,89.339,,30.358,28.7,MEDIUM,1.0,1.0,,,4.0,1,False,True,108.4,3.252,317.0,311.0,306.0,286.0
Italian,2023,RUS,Mercedes,2.0,86.686,28.274,29.786,28.626,MEDIUM,2.0,1.0,,,4.0,1,True,True,106.8,3.204,309.0,309.0,305.0,317.0
Italian,2023,RUS,Mercedes,3.0,86.176,28.187,29.427,28.562,MEDIUM,3.0,1.0,,,4.0,1,True,True,105.2,3.156,318.0,313.0,306.0,305.0
Italian,2023,RUS,Mercedes,4.0,86.178,28.205,29.617,28.356,MEDIUM,4.0,1.0,,,4.0,1,True,True,103.6,3.108,310.0,314.0,308.0,312.0
Italian,2023,RUS,Mercedes,5.0,86.249,28.172,29.656,28.421,MEDIUM,5.0,1.0,,,4.0,1,True,True,102.0,3.06,308.0,314.0,308.0,333.0
Italian,2023,RUS,Mercedes,6.0,86.515,28.302,29.707,28.506,MEDIUM,6.0,1.0,,,4.0,1,True,True,100.4,3.012,307.0,316.0,307.0,312.0
Italian,2023,RUS,Mercedes,7.0,86.515,28.234,29.826,28.455,MEDIUM,7.0,1.0,,,4.0,1,True,True,98.8,2.964,306.0,312.0,308.0,319.0
Italian,2023,RUS,Mercedes,8.0,86.594,28.119,29.915,28.56,MEDIUM,8.0,1.0,,,4.0,1,True,True,97.2,2.916,321.0,311.0,307.0,334.0
Italian,2023,RUS,Mercedes,9.0,86.71,28.433,29.741,28.536,MEDIUM,9.0,1.0,,,4.0,1,True,True,95.6,2.868,306.0,311.0,307.0,304.0
Italian,2023,RUS,Mercedes,10.0,86.655,28.267,29.753,28.635,MEDIUM,10.0,1.0,,,4.0,1,True,True,94.0,2.82,310.0,314.0,307.0,320.0
Italian,2023,RUS,Mercedes,11.0,87.186,28.33,30.182,28.674,MEDIUM,11.0,1.0,,,4.0,1,True,True,92.4,2.772,313.0,311.0,307.0,330.0
Italian,2023,RUS,Mercedes,12.0,87.044,28.31,30.143,28.591,MEDIUM,12.0,1.0,,,4.0,1,True,True,90.8,2.724,307.0,310.0,307.0,331.0
Italian,2023,RUS,Mercedes,13.0,86.962,28.313,30.16,28.489,MEDIUM,13.0,1.0,,,4.0,1,True,True,89.2,2.676,306.0,308.0,307.0,330.0
Italian,2023,RUS,Mercedes,14.0,87.285,28.618,30.244,28.423,MEDIUM,14.0,1.0,,,4.0,1,True,True,87.6,2.628,303.0,308.0,307.0,330.0
Italian,2023,RUS,Mercedes,15.0,87.005,28.352,30.155,28.498,MEDIUM,15.0,1.0,,,4.0,1,True,True,86.0,2.58,309.0,311.0,306.0,316.0
Italian,2023,RUS,Mercedes,16.0,87.976,28.483,30.822,28.671,MEDIUM,16.0,1.0,,,5.0,1,True,True,84.4,2.532,328.0,323.0,308.0,331.0
Italian,2023,RUS,Mercedes,17.0,87.055,28.502,30.069,28.484,MEDIUM,17.0,1.0,,,5.0,1,True,True,82.8,2.484,325.0,328.0,308.0,313.0
Italian,2023,RUS,Mercedes,18.0,87.383,28.386,30.34,28.657,MEDIUM,18.0,1.0,,,5.0,1,True,True,81.2,2.436,315.0,319.0,308.0,330.0
Italian,2023,RUS,Mercedes,19.0,91.885,28.583,30.368,32.934,MEDIUM,19.0,1.0,6595.551,,5.0,1,False,True,79.6,2.388,313.0,310.0,,317.0
Italian,2023,RUS,Mercedes,20.0,105.31,47.578,29.332,28.4,HARD,4.0,2.0,,6619.692,10.0,1,False,False,78.0,2.34,316.0,319.0,300.0,283.0
Italian,2023,RUS,Mercedes,21.0,86.456,28.308,29.601,28.547,HARD,5.0,2.0,,,9.0,1,True,False,76.4,2.292,311.0,321.0,307.0,321.0
Italian,2023,RUS,Mercedes,22.0,86.715,28.253,29.891,28.571,HARD,6.0,2.0,,,8.0,1,True,False,74.8,2.244,313.0,311.0,308.0,316.0
Italian,2023,RUS,Mercedes,23.0,86.605,28.145,29.888,28.572,HARD,7.0,2.0,,,7.0,1,True,False,73.2,2.196,312.0,311.0,308.0,315.0
Italian,2023,RUS,Mercedes,24.0,86.671,28.215,29.873,28.583,HARD,8.0,2.0,,,6.0,1,True,False,71.6,2.148,309.0,312.0,308.0,315.0
Italian,2023,RUS,Mercedes,25.0,86.32,28.213,29.64,28.467,HARD,9.0,2.0,,,6.0,1,True,False,70.0,2.1,310.0,312.0,307.0,312.0
Italian,2023,RUS,Mercedes,26.0,86.41,28.264,29.755,28.391,HARD,10.0,2.0,,,6.0,1,True,False,68.4,2.052,312.0,313.0,307.0,315.0
Italian,2023,RUS,Mercedes,27.0,86.184,28.172,29.571,28.441,HARD,11.0,2.0,,,6.0,1,True,False,66.8,2.004,314.0,316.0,307.0,316.0
Italian,2023,RUS,Mercedes,28.0,86.284,28.272,29.674,28.338,HARD,12.0,2.0,,,5.0,1,True,False,65.2,1.956,312.0,312.0,307.0,313.0
Italian,2023,RUS,Mercedes,29.0,86.14,28.321,29.54,28.279,HARD,13.0,2.0,,,5.0,1,True,False,63.6,1.908,314.0,314.0,307.0,317.0
Italian,2023,RUS,Mercedes,30.0,85.966,28.299,29.436,28.231,HARD,14.0,2.0,,,5.0,1,True,False,62.0,1.86,316.0,314.0,308.0,317.0
Italian,2023,RUS,Mercedes,31.0,86.148,28.212,29.697,28.239,HARD,15.0,2.0,,,5.0,1,True,False,60.4,1.812,314.0,313.0,309.0,313.0
Italian,2023,RUS,Mercedes,32.0,86.059,28.168,29.632,28.259,HARD,16.0,2.0,,,5.0,1,True,False,58.8,1.764,311.0,311.0,309.0,314.0
Italian,2023,RUS,Mercedes,33.0,86.161,28.213,29.716,28.232,HARD,17.0,2.0,,,5.0,1,True,False,57.2,1.716,312.0,310.0,309.0,314.0
Italian,2023,RUS,Mercedes,34.0,86.119,28.165,29.718,28.236,HARD,18.0,2.0,,,5.0,1,True,False,55.6,1.668,315.0,314.0,309.0,313.0
Italian,2023,RUS,Mercedes,35.0,86.189,28.084,29.754,28.351,HARD,19.0,2.0,,,5.0,1,True,False,54.0,1.62,313.0,312.0,308.0,311.0
Italian,2023,RUS,Mercedes,36.0,86.371,28.235,29.902,28.234,HARD,20.0,2.0,,,5.0,1,True,False,52.4,1.572,313.0,312.0,308.0,314.0
Italian,2023,RUS,Mercedes,37.0,85.997,28.056,29.721,28.22,HARD,21.0,2.0,,,5.0,1,True,False,50.8,1.524,314.0,313.0,309.0,318.0
Italian,2023,RUS,Mercedes,38.0,85.847,28.065,29.545,28.237,HARD,22.0,2.0,,,5.0,1,True,False,49.2,1.476,315.0,313.0,309.0,319.0
Italian,2023,RUS,Mercedes,39.0,86.21,28.155,29.808,28.247,HARD,23.0,2.0,,,5.0,1,True,False,47.6,1.428,315.0,311.0,309.0,319.0
Italian,2023,RUS,Mercedes,40.0,86.244,28.212,29.804,28.228,HARD,24.0,2.0,,,5.0,1,True,False,46.0,1.38,316.0,313.0,309.0,319.0
Italian,2023,RUS,Mercedes,41.0,86.614,28.244,29.955,28.415,HARD,25.0,2.0,,,5.0,1,True,False,44.4,1.332,315.0,313.0,309.0,318.0
Italian,2023,RUS,Mercedes,42.0,86.335,28.23,29.751,28.354,HARD,26.0,2.0,,,5.0,1,True,False,42.8,1.284,317.0,316.0,308.0,316.0
Italian,2023,RUS,Mercedes,43.0,86.426,28.248,29.841,28.337,HARD,27.0,2.0,,,5.0,1,True,False,41.2,1.236,313.0,313.0,309.0,313.0
Italian,2023,RUS,Mercedes,44.0,86.336,28.274,29.817,28.245,HARD,28.0,2.0,,,5.0,1,True,False,39.6,1.188,316.0,315.0,309.0,316.0
Italian,2023,RUS,Mercedes,45.0,86.394,28.146,29.972,28.276,HARD,29.0,2.0,,,5.0,1,True,False,38.0,1.14,317.0,315.0,309.0,317.0
Italian,2023,RUS,Mercedes,46.0,86.458,28.181,29.94,28.337,HARD,30.0,2.0,,,5.0,1,True,False,36.4,1.092,315.0,313.0,310.0,316.0
Italian,2023,RUS,Mercedes,47.0,86.64,28.178,30.067,28.395,HARD,31.0,2.0,,,5.0,1,True,False,34.8,1.044,316.0,315.0,310.0,317.0
Italian,2023,RUS,Mercedes,48.0,86.287,28.13,29.77,28.387,HARD,32.0,2.0,,,5.0,1,True,False,33.2,0.996,316.0,314.0,310.0,317.0
Italian,2023,RUS,Mercedes,49.0,86.375,28.077,29.921,28.377,HARD,33.0,2.0,,,5.0,1,True,False,31.6,0.948,316.0,315.0,311.0,319.0
Italian,2023,RUS,Mercedes,50.0,86.874,28.24,30.159,28.475,HARD,34.0,2.0,,,5.0,1,True,False,30.0,0.9,313.0,313.0,311.0,315.0
Italian,2023,RUS,Mercedes,51.0,86.628,28.119,29.918,28.591,HARD,35.0,2.0,,,5.0,1,True,False,28.4,0.852,322.0,323.0,311.0,323.0
Italian,2023,BOT,Alfa Romeo,1.0,94.811,,32.732,29.685,HARD,4.0,1.0,,,14.0,1,False,False,108.4,3.252,330.0,326.0,308.0,276.0
Italian,2023,BOT,Alfa Romeo,2.0,88.032,28.453,30.353,29.226,HARD,5.0,1.0,,,14.0,1,True,False,106.8,3.204,313.0,314.0,310.0,320.0
Italian,2023,BOT,Alfa Romeo,3.0,87.95,28.475,30.099,29.376,HARD,6.0,1.0,,,14.0,1,True,False,105.2,3.156,312.0,334.0,309.0,318.0
Italian,2023,BOT,Alfa Romeo,4.0,87.119,28.114,30.047,28.958,HARD,7.0,1.0,,,14.0,1,True,False,103.6,3.108,314.0,334.0,311.0,335.0
Italian,2023,BOT,Alfa Romeo,5.0,87.575,28.257,30.336,28.982,HARD,8.0,1.0,,,14.0,1,True,False,102.0,3.06,312.0,329.0,309.0,334.0
Italian,2023,BOT,Alfa Romeo,6.0,87.15,28.133,30.012,29.005,HARD,9.0,1.0,,,14.0,1,True,False,100.4,3.012,312.0,330.0,309.0,331.0
Italian,2023,BOT,Alfa Romeo,7.0,87.36,28.142,30.162,29.056,HARD,10.0,1.0,,,14.0,1,True,False,98.8,2.964,314.0,330.0,309.0,329.0
Italian,2023,BOT,Alfa Romeo,8.0,87.227,28.135,30.326,28.766,HARD,11.0,1.0,,,14.0,1,True,False,97.2,2.916,311.0,321.0,309.0,334.0
Italian,2023,BOT,Alfa Romeo,9.0,87.265,28.082,30.005,29.178,HARD,12.0,1.0,,,14.0,1,True,False,95.6,2.868,314.0,331.0,308.0,333.0
Italian,2023,BOT,Alfa Romeo,10.0,87.863,28.393,30.325,29.145,HARD,13.0,1.0,,,14.0,1,True,False,94.0,2.82,315.0,327.0,308.0,336.0
Italian,2023,BOT,Alfa Romeo,11.0,87.693,28.155,30.255,29.283,HARD,14.0,1.0,,,14.0,1,True,False,92.4,2.772,313.0,329.0,308.0,334.0
Italian,2023,BOT,Alfa Romeo,12.0,88.716,28.237,31.261,29.218,HARD,15.0,1.0,,,14.0,1,True,False,90.8,2.724,315.0,329.0,308.0,332.0
Italian,2023,BOT,Alfa Romeo,13.0,88.007,28.151,30.69,29.166,HARD,16.0,1.0,,,13.0,1,True,False,89.2,2.676,315.0,325.0,308.0,333.0
Italian,2023,BOT,Alfa Romeo,14.0,87.991,28.208,30.592,29.191,HARD,17.0,1.0,,,11.0,1,True,False,87.6,2.628,314.0,330.0,307.0,333.0
Italian,2023,BOT,Alfa Romeo,15.0,87.427,28.316,30.294,28.817,HARD,18.0,1.0,,,11.0,1,True,False,86.0,2.58,310.0,311.0,305.0,326.0
Italian,2023,BOT,Alfa Romeo,16.0,87.824,28.558,30.38,28.886,HARD,19.0,1.0,,,10.0,1,True,False,84.4,2.532,309.0,309.0,307.0,313.0
Italian,2023,BOT,Alfa Romeo,17.0,87.47,28.419,30.267,28.784,HARD,20.0,1.0,,,10.0,1,True,False,82.8,2.484,312.0,310.0,307.0,315.0
Italian,2023,BOT,Alfa Romeo,18.0,87.634,28.44,30.291,28.903,HARD,21.0,1.0,,,10.0,1,True,False,81.2,2.436,309.0,308.0,306.0,313.0
Italian,2023,BOT,Alfa Romeo,19.0,87.725,28.6,30.253,28.872,HARD,22.0,1.0,,,10.0,1,True,False,79.6,2.388,308.0,310.0,306.0,312.0
Italian,2023,BOT,Alfa Romeo,20.0,88.438,28.426,30.55,29.462,HARD,23.0,1.0,,,9.0,1,True,False,78.0,2.34,308.0,310.0,308.0,312.0
Italian,2023,BOT,Alfa Romeo,21.0,89.044,28.534,30.814,29.696,HARD,24.0,1.0,,,10.0,1,True,False,76.4,2.292,314.0,314.0,308.0,317.0
Italian,2023,BOT,Alfa Romeo,22.0,88.116,28.579,30.455,29.082,HARD,25.0,1.0,,,9.0,1,True,False,74.8,2.244,312.0,313.0,308.0,319.0
Italian,2023,BOT,Alfa Romeo,23.0,88.123,28.491,30.642,28.99,HARD,26.0,1.0,,,8.0,1,True,False,73.2,2.196,310.0,309.0,307.0,314.0
Italian,2023,BOT,Alfa Romeo,24.0,88.022,28.438,30.518,29.066,HARD,27.0,1.0,,,7.0,1,True,False,71.6,2.148,308.0,310.0,307.0,315.0
Italian,2023,BOT,Alfa Romeo,25.0,92.814,28.458,30.67,33.686,HARD,28.0,1.0,7145.467,,9.0,1,False,False,70.0,2.1,308.0,311.0,,315.0
Italian,2023,BOT,Alfa Romeo,26.0,106.575,48.222,29.699,28.654,MEDIUM,4.0,2.0,,7170.123,16.0,1,False,False,68.4,2.052,308.0,309.0,306.0,285.0
Italian,2023,BOT,Alfa Romeo,27.0,85.988,28.023,29.536,28.429,MEDIUM,5.0,2.0,,,16.0,1,True,False,66.8,2.004,309.0,311.0,308.0,313.0
Italian,2023,BOT,Alfa Romeo,28.0,86.486,28.215,29.742,28.529,MEDIUM,6.0,2.0,,,16.0,1,True,False,65.2,1.956,309.0,309.0,308.0,313.0
Italian,2023,BOT,Alfa Romeo,29.0,86.201,28.081,29.576,28.544,MEDIUM,7.0,2.0,,,16.0,1,True,False,63.6,1.908,311.0,312.0,307.0,314.0
Italian,2023,BOT,Alfa Romeo,30.0,86.643,28.119,29.908,28.616,MEDIUM,8.0,2.0,,,16.0,1,True,False,62.0,1.86,311.0,312.0,309.0,316.0
Italian,2023,BOT,Alfa Romeo,31.0,86.648,28.039,29.891,28.718,MEDIUM,9.0,2.0,,,15.0,1,True,False,60.4,1.812,312.0,326.0,309.0,318.0
Italian,2023,BOT,Alfa Romeo,32.0,86.606,28.088,30.033,28.485,MEDIUM,10.0,2.0,,,15.0,1,True,False,58.8,1.764,311.0,312.0,312.0,327.0
Italian,2023,BOT,Alfa Romeo,33.0,86.873,28.047,30.118,28.708,MEDIUM,11.0,2.0,,,13.0,1,True,False,57.2,1.716,315.0,329.0,310.0,331.0
Italian,2023,BOT,Alfa Romeo,34.0,86.621,28.11,29.945,28.566,MEDIUM,12.0,2.0,,,12.0,1,True,False,55.6,1.668,309.0,313.0,309.0,316.0
Italian,2023,BOT,Alfa Romeo,35.0,86.523,28.193,29.831,28.499,MEDIUM,13.0,2.0,,,12.0,1,True,False,54.0,1.62,309.0,311.0,309.0,314.0
Italian,2023,BOT,Alfa Romeo,36.0,86.782,28.073,29.992,28.717,MEDIUM,14.0,2.0,,,12.0,1,True,False,52.4,1.572,311.0,312.0,309.0,317.0
Italian,2023,BOT,Alfa Romeo,37.0,86.545,28.162,29.802,28.581,MEDIUM,15.0,2.0,,,12.0,1,True,False,50.8,1.524,312.0,324.0,313.0,317.0
Italian,2023,BOT,Alfa Romeo,38.0,87.093,28.157,30.219,28.717,MEDIUM,16.0,2.0,,,12.0,1,True,False,49.2,1.476,313.0,323.0,311.0,332.0
Italian,2023,BOT,Alfa Romeo,39.0,86.981,28.377,29.982,28.622,MEDIUM,17.0,2.0,,,12.0,1,True,False,47.6,1.428,312.0,323.0,313.0,327.0
Italian,2023,BOT,Alfa Romeo,40.0,87.862,28.208,30.572,29.082,MEDIUM,18.0,2.0,,,12.0,1,True,False,46.0,1.38,315.0,321.0,310.0,348.0
Italian,2023,BOT,Alfa Romeo,41.0,87.203,28.364,30.082,28.757,MEDIUM,19.0,2.0,,,12.0,1,True,False,44.4,1.332,308.0,321.0,310.0,319.0
Italian,2023,BOT,Alfa Romeo,42.0,86.864,28.094,30.159,28.611,MEDIUM,20.0,2.0,,,11.0,1,True,False,42.8,1.284,309.0,325.0,314.0,327.0
Italian,2023,BOT,Alfa Romeo,43.0,87.753,28.092,31.189,28.472,MEDIUM,21.0,2.0,,,10.0,1,True,False,41.2,1.236,322.0,308.0,308.0,351.0
Italian,2023,BOT,Alfa Romeo,44.0,86.962,28.245,30.007,28.71,MEDIUM,22.0,2.0,,,10.0,1,True,False,39.6,1.188,306.0,306.0,307.0,310.0
Italian,2023,BOT,Alfa Romeo,45.0,86.889,28.447,29.949,28.493,MEDIUM,23.0,2.0,,,10.0,1,True,False,38.0,1.14,306.0,308.0,307.0,310.0
Italian,2023,BOT,Alfa Romeo,46.0,86.806,28.351,29.887,28.568,MEDIUM,24.0,2.0,,,10.0,1,True,False,36.4,1.092,307.0,309.0,308.0,310.0
Italian,2023,BOT,Alfa Romeo,47.0,86.736,28.211,29.981,28.544,MEDIUM,25.0,2.0,,,10.0,1,True,False,34.8,1.044,308.0,310.0,308.0,311.0
Italian,2023,BOT,Alfa Romeo,48.0,87.005,28.241,30.015,28.749,MEDIUM,26.0,2.0,,,10.0,1,True,False,33.2,0.996,308.0,309.0,309.0,312.0
Italian,2023,BOT,Alfa Romeo,49.0,87.134,28.218,30.128,28.788,MEDIUM,27.0,2.0,,,10.0,1,True,False,31.6,0.948,308.0,308.0,308.0,311.0
Italian,2023,BOT,Alfa Romeo,50.0,86.95,28.21,30.034,28.706,MEDIUM,28.0,2.0,,,10.0,1,True,False,30.0,0.9,309.0,311.0,311.0,314.0
Italian,2023,BOT,Alfa Romeo,51.0,,,,,MEDIUM,29.0,2.0,,,,1,False,False,28.4,0.852,,,,
Italian,2023,PIA,McLaren,1.0,90.315,,30.703,28.748,MEDIUM,1.0,1.0,,,6.0,1,False,True,108.4,3.252,326.0,311.0,306.0,292.0
Italian,2023,PIA,McLaren,2.0,88.053,28.711,30.778,28.564,MEDIUM,2.0,1.0,,,7.0,1,True,True,106.8,3.204,320.0,313.0,307.0,319.0
Italian,2023,PIA,McLaren,3.0,86.982,28.568,29.883,28.531,MEDIUM,3.0,1.0,,,7.0,1,True,True,105.2,3.156,307.0,317.0,306.0,311.0
Italian,2023,PIA,McLaren,4.0,87.004,28.438,29.981,28.585,MEDIUM,4.0,1.0,,,7.0,1,True,True,103.6,3.108,308.0,309.0,307.0,322.0
Italian,2023,PIA,McLaren,5.0,86.909,28.354,29.846,28.709,MEDIUM,5.0,1.0,,,7.0,1,True,True,102.0,3.06,310.0,311.0,306.0,318.0
Italian,2023,PIA,McLaren,6.0,86.878,28.525,29.832,28.521,MEDIUM,6.0,1.0,,,7.0,1,True,True,100.4,3.012,310.0,310.0,307.0,313.0
Italian,2023,PIA,McLaren,7.0,86.94,28.419,29.823,28.698,MEDIUM,7.0,1.0,,,7.0,1,True,True,98.8,2.964,312.0,310.0,307.0,317.0
Italian,2023,PIA,McLaren,8.0,86.85,28.308,29.845,28.697,MEDIUM,8.0,1.0,,,7.0,1,True,True,97.2,2.916,311.0,309.0,306.0,316.0
Italian,2023,PIA,McLaren,9.0,86.864,28.35,29.742,28.772,MEDIUM,9.0,1.0,,,7.0,1,True,True,95.6,2.868,311.0,309.0,306.0,313.0
Italian,2023,PIA,McLaren,10.0,86.823,28.343,29.853,28.627,MEDIUM,10.0,1.0,,,7.0,1,True,True,94.0,2.82,312.0,310.0,306.0,316.0
Italian,2023,PIA,McLaren,11.0,87.217,28.342,30.116,28.759,MEDIUM,11.0,1.0,,,7.0,1,True,True,92.4,2.772,311.0,308.0,307.0,318.0
Italian,2023,PIA,McLaren,12.0,87.454,28.376,30.184,28.894,MEDIUM,12.0,1.0,,,7.0,1,True,True,90.8,2.724,311.0,309.0,306.0,320.0
Italian,2023,PIA,McLaren,13.0,87.518,28.468,30.156,28.894,MEDIUM,13.0,1.0,,,7.0,1,True,True,89.2,2.676,312.0,310.0,306.0,316.0
Italian,2023,PIA,McLaren,14.0,87.371,28.431,29.99,28.95,MEDIUM,14.0,1.0,,,7.0,1,True,True,87.6,2.628,312.0,317.0,308.0,325.0
Italian,2023,PIA,McLaren,15.0,87.738,28.471,30.157,29.11,MEDIUM,15.0,1.0,,,6.0,1,True,True,86.0,2.58,315.0,321.0,305.0,323.0
Italian,2023,PIA,McLaren,16.0,87.201,28.376,29.995,28.83,MEDIUM,16.0,1.0,,,6.0,1,True,True,84.4,2.532,311.0,306.0,305.0,320.0
Italian,2023,PIA,McLaren,17.0,87.44,28.578,30.037,28.825,MEDIUM,17.0,1.0,,,6.0,1,True,True,82.8,2.484,310.0,306.0,306.0,313.0
Italian,2023,PIA,McLaren,18.0,87.398,28.507,30.094,28.797,MEDIUM,18.0,1.0,,,6.0,1,True,True,81.2,2.436,310.0,305.0,305.0,314.0
Italian,2023,PIA,McLaren,19.0,87.352,28.545,30.104,28.703,MEDIUM,19.0,1.0,,,6.0,1,True,True,79.6,2.388,311.0,308.0,305.0,312.0
Italian,2023,PIA,McLaren,20.0,87.746,28.59,30.255,28.901,MEDIUM,20.0,1.0,,,4.0,1,True,True,78.0,2.34,308.0,307.0,305.0,316.0
Italian,2023,PIA,McLaren,21.0,87.587,28.664,30.251,28.672,MEDIUM,21.0,1.0,,,2.0,1,True,True,76.4,2.292,310.0,306.0,305.0,313.0
Italian,2023,PIA,McLaren,22.0,87.419,28.512,30.088,28.819,MEDIUM,22.0,1.0,,,1.0,1,True,True,74.8,2.244,311.0,306.0,304.0,324.0
Italian,2023,PIA,McLaren,23.0,91.866,28.658,30.224,32.984,MEDIUM,23.0,1.0,6952.969,,3.0,1,False,True,73.2,2.196,310.0,305.0,,311.0
Italian,2023,PIA,McLaren,24.0,106.854,48.308,29.993,28.553,HARD,6.0,2.0,,6977.109,10.0,1,False,False,71.6,2.148,324.0,320.0,309.0,284.0
Italian,2023,PIA,McLaren,25.0,86.411,28.241,29.759,28.411,HARD,7.0,2.0,,,10.0,1,True,False,70.0,2.1,310.0,308.0,308.0,319.0
Italian,2023,PIA,McLaren,26.0,86.287,28.284,29.601,28.402,HARD,8.0,2.0,,,9.0,1,True,False,68.4,2.052,314.0,311.0,307.0,318.0
Italian,2023,PIA,McLaren,27.0,86.248,28.187,29.582,28.479,HARD,9.0,2.0,,,9.0,1,True,False,66.8,2.004,314.0,322.0,308.0,321.0
Italian,2023,PIA,McLaren,28.0,86.611,28.193,30.034,28.384,HARD,10.0,2.0,,,8.0,1,True,False,65.2,1.956,313.0,312.0,308.0,326.0
Italian,2023,PIA,McLaren,29.0,86.132,28.109,29.736,28.287,HARD,11.0,2.0,,,8.0,1,True,False,63.6,1.908,316.0,322.0,309.0,323.0
Italian,2023,PIA,McLaren,30.0,87.074,28.311,30.133,28.63,HARD,12.0,2.0,,,8.0,1,True,False,62.0,1.86,318.0,326.0,308.0,329.0
Italian,2023,PIA,McLaren,31.0,86.86,28.271,30.047,28.542,HARD,13.0,2.0,,,8.0,1,True,False,60.4,1.812,317.0,326.0,309.0,329.0
Italian,2023,PIA,McLaren,32.0,86.746,28.188,29.943,28.615,HARD,14.0,2.0,,,8.0,1,True,False,58.8,1.764,315.0,322.0,308.0,329.0
Italian,2023,PIA,McLaren,33.0,86.445,28.189,29.772,28.484,HARD,15.0,2.0,,,8.0,1,True,False,57.2,1.716,317.0,324.0,310.0,328.0
Italian,2023,PIA,McLaren,34.0,86.717,28.214,30.026,28.477,HARD,16.0,2.0,,,8.0,1,True,False,55.6,1.668,314.0,315.0,308.0,326.0
Italian,2023,PIA,McLaren,35.0,86.277,28.203,29.717,28.357,HARD,17.0,2.0,,,8.0,1,True,False,54.0,1.62,316.0,317.0,309.0,321.0
Italian,2023,PIA,McLaren,36.0,86.639,28.242,29.899,28.498,HARD,18.0,2.0,,,8.0,1,True,False,52.4,1.572,313.0,325.0,309.0,325.0
Italian,2023,PIA,McLaren,37.0,86.806,28.265,30.111,28.43,HARD,19.0,2.0,,,8.0,1,True,False,50.8,1.524,315.0,322.0,310.0,332.0
Italian,2023,PIA,McLaren,38.0,87.146,28.206,30.212,28.728,HARD,20.0,2.0,,,8.0,1,True,False,49.2,1.476,319.0,329.0,311.0,327.0
Italian,2023,PIA,McLaren,39.0,87.166,28.568,29.927,28.671,HARD,21.0,2.0,,,8.0,1,True,False,47.6,1.428,316.0,324.0,309.0,337.0
Italian,2023,PIA,McLaren,40.0,86.853,28.312,30.216,28.325,HARD,22.0,2.0,,,8.0,1,True,False,46.0,1.38,323.0,325.0,309.0,330.0
Italian,2023,PIA,McLaren,41.0,94.52,28.371,32.446,33.703,HARD,23.0,2.0,8540.779,,10.0,1,False,False,44.4,1.332,316.0,310.0,,344.0
Italian,2023,PIA,McLaren,42.0,113.593,56.224,29.325,28.044,MEDIUM,4.0,3.0,,8572.576,14.0,1,False,False,42.8,1.284,320.0,308.0,310.0,283.0
Italian,2023,PIA,McLaren,43.0,85.072,28.06,29.174,27.838,MEDIUM,5.0,3.0,,,14.0,1,True,False,41.2,1.236,311.0,312.0,311.0,317.0
Italian,2023,PIA,McLaren,44.0,85.69,27.968,29.13,28.592,MEDIUM,6.0,3.0,,,14.0,1,True,False,39.6,1.188,313.0,324.0,306.0,326.0
Italian,2023,PIA,McLaren,45.0,86.139,28.568,29.596,27.975,MEDIUM,7.0,3.0,,,13.0,1,True,False,38.0,1.14,323.0,312.0,311.0,332.0
Italian,2023,PIA,McLaren,46.0,85.732,28.103,29.596,28.033,MEDIUM,8.0,3.0,,,13.0,1,True,False,36.4,1.092,314.0,319.0,312.0,323.0
Italian,2023,PIA,McLaren,47.0,86.614,28.276,29.795,28.543,MEDIUM,9.0,3.0,,,13.0,1,True,False,34.8,1.044,316.0,323.0,312.0,344.0
Italian,2023,PIA,McLaren,48.0,86.067,28.089,29.668,28.31,MEDIUM,10.0,3.0,,,13.0,1,True,False,33.2,0.996,316.0,322.0,313.0,335.0
Italian,2023,PIA,McLaren,49.0,85.841,27.763,29.762,28.316,MEDIUM,11.0,3.0,,,12.0,1,True,False,31.6,0.948,326.0,311.0,311.0,347.0
Italian,2023,PIA,McLaren,50.0,85.593,28.181,29.335,28.077,MEDIUM,12.0,3.0,,,11.0,1,True,False,30.0,0.9,310.0,309.0,309.0,315.0
Italian,2023,PIA,McLaren,51.0,,,,,MEDIUM,13.0,3.0,,,,1,False,False,28.4,0.852,,,,
